id,line,category,section,name,url,final_url,outcome,detail,verification_scope,note,golden_tier,raw_file,body_sha256,campaign
dd-001,12,主体信息,全国企业信息查询及备用入口,企业信用信息公示,http://www.gsxt.gov.cn/index.html,,ROBOTS_UNKNOWN,robots最终HTTP 521，未获得可用规则,未取得核验业务数据,,,,,experiments/due-diligence/results/map-20261009
dd-002,18,主体信息,地方单独运行系统,北京市企业信用信息网,http://qyxy.scjgj.beijing.gov.cn/,,ROBOTS_UNKNOWN,robots最终HTTP 503，未获得可用规则,未取得核验业务数据,,,,,experiments/due-diligence/results/map-20261009
dd-003,19,主体信息,地方单独运行系统,天津市市场主体信用信息公示系统,http://credit.scjg.tj.gov.cn/gsxt/,,ROBOTS_UNKNOWN,robots最终HTTP 200，未获得可用规则,未取得核验业务数据,,,,,experiments/due-diligence/results/map-20261009-resume
dd-004,20,主体信息,地方单独运行系统,深圳商事主体信用监管公示平台,https://amr.sz.gov.cn/xyjggs.webui/xyjggs/index.aspx,https://amr.sz.gov.cn/xyjggs.webui/xyjggs/index.aspx,ACCESSIBLE_HTML,入口文本和链接已提取,仅验证入口解析；业务正文、完整性和时效性未验收,,entry,experiments/due-diligence/results/map-20261009-resume/bodies/6d322004761d75d7e5b8f87f71d75e58d209005dd4e4f4c906b50379c90f9923,6d322004761d75d7e5b8f87f71d75e58d209005dd4e4f4c906b50379c90f9923,experiments/due-diligence/results/map-20261009-resume
dd-005,21,主体信息,地方单独运行系统,东莞市企业信用信息公示系统,http://qyxy.dg.cn/,,ROBOTS_UNKNOWN,robots最终HTTP 502，未获得可用规则,未取得核验业务数据,,,,,experiments/due-diligence/results/map-20261009
dd-006,22,主体信息,地方单独运行系统,厦门市商事主体登记及信用信息公示平台,https://credit.scjg.xm.gov.cn/,https://credit.scjg.xm.gov.cn/,ACCESSIBLE_HTML,入口文本和链接已提取,仅验证入口解析；业务正文、完整性和时效性未验收,,entry,experiments/due-diligence/results/map-20261009-resume/bodies/3dae411aab894d1ba8cd03596f9429542d950b3338a4824490c4a4c6df7dcc9e,3dae411aab894d1ba8cd03596f9429542d950b3338a4824490c4a4c6df7dcc9e,experiments/due-diligence/results/map-20261009-resume
dd-007,28,主体信息,港澳台查询系统,中国香港公司注册处综合资讯系统,https://www.icris.cr.gov.hk/csci/,,ROBOTS_UNKNOWN,robots最终HTTP 200，未获得可用规则,未取得核验业务数据,,,,,experiments/due-diligence/results/map-20261009-resume
dd-008,29,主体信息,港澳台查询系统,中国澳门商业登记讯息平台,https://eservice.dsaj.gov.mo/dsajservice9/commercial-platform/index.xhtml,,ROBOTS_UNKNOWN,robots请求失败：DownloadFailedError,未取得核验业务数据,,,,,experiments/due-diligence/results/map-20261009
dd-009,35,主体信息,境外企业查询系统,英国公司注册处（Companies House）,https://find-and-update.company-information.service.gov.uk/,https://find-and-update.company-information.service.gov.uk/,ACCESSIBLE_HTML,入口文本和链接已提取,仅验证入口解析；业务正文、完整性和时效性未验收；有输入框，主体查询跳过,已取得 Companies House 查询入口；未提供公司名称/编号，本轮跳过企业结果查询。,entry,experiments/due-diligence/results/map-20261009-resume/bodies/a36b0c46211780524dd5cd225c08188b015c81cfa0ec8274c20dc6effb038246,a36b0c46211780524dd5cd225c08188b015c81cfa0ec8274c20dc6effb038246,experiments/due-diligence/results/map-20261009-resume
dd-010,36,主体信息,境外企业查询系统,英属维尔京群岛,http://www.bvifsc.vg/,https://www.bvifsc.vg/,ACCESSIBLE_HTML,入口文本和链接已提取,仅验证入口解析；业务正文、完整性和时效性未验收；有输入框，主体查询跳过,,entry,experiments/due-diligence/results/map-20261009-resume/bodies/c774b3d26b85a1ac7df4d397af331f87618c8d4274e8a282b0a5951736cd0fc5,c774b3d26b85a1ac7df4d397af331f87618c8d4274e8a282b0a5951736cd0fc5,experiments/due-diligence/results/map-20261009-resume
dd-011,37,主体信息,境外企业查询系统,德国,http://www.firmenwissen.de/index.html,,ROBOTS_UNKNOWN,robots最终HTTP 403，未获得可用规则,未取得核验业务数据,,,,,experiments/due-diligence/results/map-20261009-resume
dd-012,38,主体信息,境外企业查询系统,瑞士,https://www.uid.admin.ch/search.aspx?lang=en,https://www.uid.admin.ch/search.aspx?lang=en,SKIP_INPUT,登录需要身份信息,未取得核验业务数据,,,experiments/due-diligence/results/map-20261009-resume/bodies/b0726e6d058de3eec6d5a7670344a0f498c9f5855d264867bfa14d7ac0783e58,b0726e6d058de3eec6d5a7670344a0f498c9f5855d264867bfa14d7ac0783e58,experiments/due-diligence/results/map-20261009-resume
dd-013,39,主体信息,境外企业查询系统,加拿大,https://www.ic.gc.ca/app/scr/cc/CorporationsCanada/fdrlCrpSrch.html?locale=en_CA,,ROBOTS_DENIED,ROBOTS_DISALLOW,未取得核验业务数据,,,,,experiments/due-diligence/results/map-20261009
dd-014,40,主体信息,境外企业查询系统,澳大利亚,http://abr.business.gov.au/,,ROBOTS_UNKNOWN,robots请求失败：DownloadFailedError → ResponseNeverReceived,未取得核验业务数据,,,,,experiments/due-diligence/results/map-20261009-resume
dd-015,48,诉讼仲裁,裁判文书,中国裁判文书网,http://wenshu.court.gov.cn/,,ROBOTS_DENIED,ROBOTS_DISALLOW,未取得核验业务数据,,,,,experiments/due-diligence/results/map-20261009-resume
dd-016,49,诉讼仲裁,裁判文书,公报案例,http://gongbao.court.gov.cn/ArticleList.html?serial_no=al,,ROBOTS_UNKNOWN,robots最终HTTP 302，未获得可用规则,未取得核验业务数据,,,,,experiments/due-diligence/results/map-20261009-resume
dd-017,50,诉讼仲裁,裁判文书,指导案例,https://www.court.gov.cn/shenpan/gengduo/77.html,,ROBOTS_UNKNOWN,robots最终HTTP 200，未获得可用规则,未取得核验业务数据,,,,,experiments/due-diligence/results/map-20261009
dd-018,51,诉讼仲裁,裁判文书,人民法院案例库,https://rmfyalk.court.gov.cn/,,ROBOTS_UNKNOWN,robots最终HTTP 500，未获得可用规则,未取得核验业务数据,,,,,experiments/due-diligence/results/map-20261009
dd-019,57,诉讼仲裁,法院网站,最高人民法院,http://www.court.gov.cn/,,ROBOTS_UNKNOWN,robots最终HTTP 200，未获得可用规则,未取得核验业务数据,,,,,experiments/due-diligence/results/map-20261009-resume
dd-020,58,诉讼仲裁,法院网站,人民法院公告网,https://rmfygg.court.gov.cn/,https://rmfygg.court.gov.cn/,ACCESSIBLE_HTML,入口文本和链接已提取,仅验证入口解析；业务正文、完整性和时效性未验收；有输入框，主体查询跳过,,entry,experiments/due-diligence/results/map-20261009-resume/bodies/3a360fa9cfe827253548d1ce0f53f9c6aab08ab4e4d765496ec5cc66447575a1,3a360fa9cfe827253548d1ce0f53f9c6aab08ab4e4d765496ec5cc66447575a1,experiments/due-diligence/results/map-20261009-resume
dd-021,64,诉讼仲裁,保全与执行,全国法院被执行人信息查询,http://zxgk.court.gov.cn/zhzxgk/,,ROBOTS_UNKNOWN,robots请求失败：CannotResolveHostError,未取得核验业务数据,,,,,experiments/due-diligence/results/map-20261009
dd-022,65,诉讼仲裁,保全与执行,中国执行信息公开网,http://zxgk.court.gov.cn/,,ROBOTS_UNKNOWN,robots请求失败：CannotResolveHostError,未取得核验业务数据,,,,,experiments/due-diligence/results/map-20261009
dd-023,66,诉讼仲裁,保全与执行,人民法院诉讼资产网,http://www.rmfysszc.gov.cn/,,ROBOTS_DENIED,ROBOTS_DISALLOW,未取得核验业务数据,,,,,experiments/due-diligence/results/map-20261009-resume
dd-024,67,诉讼仲裁,保全与执行,人民法院网上保全系统,https://baoquan.court.gov.cn/,https://baoquan.court.gov.cn/,JS_SHELL,静态响应没有足够正文，需要JS渲染或公开数据接口,未取得核验业务数据,,,experiments/due-diligence/results/map-20261009-resume/bodies/3d6e5b62eaccc927ab9ed974ad13305394f44c1e9ca7fe085fde692dd27f349c,3d6e5b62eaccc927ab9ed974ad13305394f44c1e9ca7fe085fde692dd27f349c,experiments/due-diligence/results/map-20261009-resume
dd-025,68,诉讼仲裁,保全与执行,中国司法大数据服务网,http://data.court.gov.cn/pages/index.html,,ROBOTS_UNKNOWN,robots请求失败：DownloadFailedError → ResponseNeverReceived,未取得核验业务数据,,,,,experiments/due-diligence/results/map-20261009-resume
dd-026,74,诉讼仲裁,评估与鉴定,人民法院司法评估机构名单库,http://zxgk.court.gov.cn/ccpg/findSfpgjgPage,,ROBOTS_UNKNOWN,robots请求失败：CannotResolveHostError,未取得核验业务数据,,,,,experiments/due-diligence/results/map-20261009
dd-027,75,诉讼仲裁,评估与鉴定,选定评估机构公示,http://zxgk.court.gov.cn/ccpg/index_form_cccz03,,ROBOTS_UNKNOWN,robots请求失败：CannotResolveHostError,未取得核验业务数据,,,,,experiments/due-diligence/results/map-20261009
dd-028,76,诉讼仲裁,评估与鉴定,人民法院委托鉴定系统,https://dwwtjd.court.gov.cn/,https://zxfw.court.gov.cn/zxfw/,JS_SHELL,静态响应没有足够正文，需要JS渲染或公开数据接口,未取得核验业务数据,,,experiments/due-diligence/results/map-20261009-resume/bodies/b5bac6ca63aa38c6181aef49184d5cb119eca8d4df8b6d24acd417693755f4ab,b5bac6ca63aa38c6181aef49184d5cb119eca8d4df8b6d24acd417693755f4ab,experiments/due-diligence/results/map-20261009-resume
dd-029,82,诉讼仲裁,公告和送达,人民法院公告网,https://rmfygg.court.gov.cn/,https://rmfygg.court.gov.cn/,ACCESSIBLE_HTML,入口文本和链接已提取,仅验证入口解析；业务正文、完整性和时效性未验收；有输入框，主体查询跳过,,entry,experiments/due-diligence/results/map-20261009-resume/bodies/3a360fa9cfe827253548d1ce0f53f9c6aab08ab4e4d765496ec5cc66447575a1,3a360fa9cfe827253548d1ce0f53f9c6aab08ab4e4d765496ec5cc66447575a1,experiments/due-diligence/results/map-20261009-resume
dd-030,83,诉讼仲裁,公告和送达,人民法院公告自助平台,http://zzpt.rmfyb.cn/,,ROBOTS_UNKNOWN,robots请求失败：CannotResolveHostError,未取得核验业务数据,,,,,experiments/due-diligence/results/map-20261009
dd-031,84,诉讼仲裁,公告和送达,人民法院送达平台,http://songda.court.gov.cn/,https://zxfw.court.gov.cn/zxfw/,JS_SHELL,静态响应没有足够正文，需要JS渲染或公开数据接口,未取得核验业务数据,,,experiments/due-diligence/results/map-20261009-resume/bodies/b5bac6ca63aa38c6181aef49184d5cb119eca8d4df8b6d24acd417693755f4ab,b5bac6ca63aa38c6181aef49184d5cb119eca8d4df8b6d24acd417693755f4ab,experiments/due-diligence/results/map-20261009-resume
dd-032,90,诉讼仲裁,庭审公开,中国庭审公开网,http://tingshen.court.gov.cn/,,ROBOTS_DENIED,ROBOTS_DISALLOW,未取得核验业务数据,,,,,experiments/due-diligence/results/map-20261009
dd-033,91,诉讼仲裁,庭审公开,全国人民法庭信息网,http://rmft.court.gov.cn/0/index.jhtml,https://rmft.court.gov.cn/0/index.jhtml,ACCESSIBLE_HTML,入口文本和链接已提取,仅验证入口解析；业务正文、完整性和时效性未验收；有输入框，主体查询跳过,,entry,experiments/due-diligence/results/map-20261009-resume/bodies/795e42a5c29b96c7e2ad5e8308c83c39babe34b8c0485fb1a57b85d1788820ad,795e42a5c29b96c7e2ad5e8308c83c39babe34b8c0485fb1a57b85d1788820ad,experiments/due-diligence/results/map-20261009-resume
dd-034,92,诉讼仲裁,庭审公开,中国海事审判网,https://cmt.court.gov.cn/hssp-zw/,https://cmt.court.gov.cn/hssp-zw/,JS_SHELL,静态响应没有足够正文，需要JS渲染或公开数据接口,未取得核验业务数据,,,experiments/due-diligence/results/map-20261009-resume/bodies/972c8440b11ed6651ab3e88aa78181d5b1679a4e0b0798ac95d9319ee10d3e9a,972c8440b11ed6651ab3e88aa78181d5b1679a4e0b0798ac95d9319ee10d3e9a,experiments/due-diligence/results/map-20261009-resume
dd-035,98,诉讼仲裁,破产重组,全国企业破产重整案件信息网,http://pccz.court.gov.cn/pcajxxw/index/xxwsy,https://pccz.court.gov.cn/pcajxxw/index/xxwsy,ACCESSIBLE_HTML,入口文本和链接已提取,仅验证入口解析；业务正文、完整性和时效性未验收；有输入框，主体查询跳过,,entry,experiments/due-diligence/results/map-20261009-resume/bodies/67e38e87812c788f744b2140de36c21ce68f2c1c56babccc87373c59bf6a1891,67e38e87812c788f744b2140de36c21ce68f2c1c56babccc87373c59bf6a1891,experiments/due-diligence/results/map-20261009-resume
dd-036,104,诉讼仲裁,司法拍卖,人民法院诉讼资产网,http://www.rmfysszc.gov.cn/,,ROBOTS_DENIED,ROBOTS_DISALLOW,未取得核验业务数据,,,,,experiments/due-diligence/results/map-20261009-resume
dd-037,105,诉讼仲裁,司法拍卖,阿里司法拍卖,https://sf.taobao.com/,https://sf.taobao.com/,ACCESSIBLE_HTML,入口文本和链接已提取,仅验证入口解析；业务正文、完整性和时效性未验收；有输入框，主体查询跳过,,entry,experiments/due-diligence/results/map-20261009-resume/bodies/9fc1cbf4c9dc1371e48718cea53feb21a8df65111a3f0875d2034c3d2c2d5fec,9fc1cbf4c9dc1371e48718cea53feb21a8df65111a3f0875d2034c3d2c2d5fec,experiments/due-diligence/results/map-20261009-resume
dd-038,106,诉讼仲裁,司法拍卖,京东司法拍卖,https://auction.jd.com/sifa.html,,ROBOTS_UNKNOWN,robots最终HTTP 200，未获得可用规则,未取得核验业务数据,,,,,experiments/due-diligence/results/map-20261009-resume
dd-039,112,诉讼仲裁,检察院,最高人民检察院,https://www.spp.gov.cn/,,ROBOTS_UNKNOWN,robots最终HTTP 200，未获得可用规则,未取得核验业务数据,,,,,experiments/due-diligence/results/map-20261009-resume
dd-040,113,诉讼仲裁,检察院,最高检公报,https://www.spp.gov.cn/spp/gjgb/index.shtml,,ROBOTS_UNKNOWN,robots最终HTTP 200，未获得可用规则,未取得核验业务数据,,,,,experiments/due-diligence/results/map-20261009-resume
dd-041,114,诉讼仲裁,检察院,指导性案例,https://www.spp.gov.cn/spp/jczdal/index.shtml,,ROBOTS_UNKNOWN,robots最终HTTP 200，未获得可用规则,未取得核验业务数据,,,,,experiments/due-diligence/results/map-20261009-resume
dd-042,115,诉讼仲裁,检察院,中国检察网,https://www.12309.gov.cn/,https://www.12309.gov.cn/,ACCESSIBLE_HTML,入口文本和链接已提取,仅验证入口解析；业务正文、完整性和时效性未验收；有输入框，主体查询跳过,,,,bbde40225b1136fd592ed7f775be73c3a598cd584348271d69041d18185af170,experiments/due-diligence/results/map-20261009-resume
dd-043,116,诉讼仲裁,检察院,检察文书公开,https://login.12309.gov.cn:9443/12309/gj/zjxflws/index.shtml,https://login.12309.gov.cn:9443/12309/gj/zjxflws/index.shtml,ACCESSIBLE_HTML,入口文本和链接已提取,仅验证入口解析；业务正文、完整性和时效性未验收；有输入框，主体查询跳过,,entry,experiments/due-diligence/results/map-20261009-resume/bodies/badbd440dc75d75f90a882bdc00880df7b25bceb8c7e1baed209172836024da8,badbd440dc75d75f90a882bdc00880df7b25bceb8c7e1baed209172836024da8,experiments/due-diligence/results/map-20261009-resume
dd-044,117,诉讼仲裁,检察院,中国检察听证网,https://www.12309.gov.cn/jctzw/tzal/listTy.html,https://www.12309.gov.cn/jctzw/tzal/listTy.html,SKIP_INPUT,需提供查询条件，本轮未输入,未取得核验业务数据,,,,3c1e3a2933e3e1aea1084fe0e071d0dbd5f9cdd7bcd7d14f06c66b091274b982,experiments/due-diligence/results/map-20261009-resume
dd-045,123,诉讼仲裁,仲裁机构-中国,中国仲裁网,http://www.china-arbitration.com/,http://www.china-arbitration.com/,ACCESSIBLE_HTML,入口文本和链接已提取,仅验证入口解析；业务正文、完整性和时效性未验收；有输入框，主体查询跳过,,entry,experiments/due-diligence/results/map-20261009-resume/bodies/0f69010e834f431dc675dba73ba164e49866093f87dae44f3fcc2f87601e3f65,0f69010e834f431dc675dba73ba164e49866093f87dae44f3fcc2f87601e3f65,experiments/due-diligence/results/map-20261009-resume
dd-046,124,诉讼仲裁,仲裁机构-中国,中国国际经济贸易仲裁委员会,http://www.cietac.org/,,ROBOTS_UNKNOWN,robots最终HTTP 200，未获得可用规则,未取得核验业务数据,,,,,experiments/due-diligence/results/map-20261009-resume
dd-047,125,诉讼仲裁,仲裁机构-中国,贸仲立案系统,https://www.cietac.org/articles/15771,,ROBOTS_UNKNOWN,robots最终HTTP 200，未获得可用规则,未取得核验业务数据,,,,,experiments/due-diligence/results/map-20261009-resume
dd-048,126,诉讼仲裁,仲裁机构-中国,北京仲裁委员会,https://www.bjac.org.cn/,https://www.bjac.org.cn/,JS_SHELL,静态响应没有足够正文，需要JS渲染或公开数据接口,未取得核验业务数据,,,experiments/due-diligence/results/map-20261009-resume/bodies/bc2d69b078c2c2ccf87175c3a53b00ef67664bc79d951b82aba08448ae939d30,bc2d69b078c2c2ccf87175c3a53b00ef67664bc79d951b82aba08448ae939d30,experiments/due-diligence/results/map-20261009-resume
dd-049,127,诉讼仲裁,仲裁机构-中国,北仲网上预约收案,https://yy.bjac.org.cn/bjac/index.html,https://yy.bjac.org.cn/bjac/index.html,JS_SHELL,静态响应没有足够正文，需要JS渲染或公开数据接口,未取得核验业务数据,,,experiments/due-diligence/results/map-20261009-resume/bodies/d1db93bcc497a294d41634c923bd168d6eeeb5f560ed53002cbad1a778e4d043,d1db93bcc497a294d41634c923bd168d6eeeb5f560ed53002cbad1a778e4d043,experiments/due-diligence/results/map-20261009-resume
dd-050,128,诉讼仲裁,仲裁机构-中国,中国海事仲裁委员会,http://www.cmac.org.cn/,http://www.cmac.org.cn/,ACCESSIBLE_HTML,入口文本和链接已提取,仅验证入口解析；业务正文、完整性和时效性未验收；有输入框，主体查询跳过,,entry,experiments/due-diligence/results/map-20261009-resume/bodies/2eb24d334a102a9630edd2f5345d99c0a06446d7484099c4c3522b4fa0fd71de,2eb24d334a102a9630edd2f5345d99c0a06446d7484099c4c3522b4fa0fd71de,experiments/due-diligence/results/map-20261009-resume
dd-051,129,诉讼仲裁,仲裁机构-中国,天津仲裁委员会,http://www.tjac.org.cn/,,ROBOTS_UNKNOWN,robots最终HTTP 200，未获得可用规则,未取得核验业务数据,,,,,experiments/due-diligence/results/map-20261009-resume
dd-052,130,诉讼仲裁,仲裁机构-中国,郑州仲裁委员会,http://www.zzac.org.cn/,https://www.zzac.org.cn/,ACCESSIBLE_HTML,入口文本和链接已提取,仅验证入口解析；业务正文、完整性和时效性未验收,,entry,experiments/due-diligence/results/map-20261009-resume/bodies/3cbf80231db7e79b0df03086e8bd2611dd165413e1defa4c784698440e767d5a,3cbf80231db7e79b0df03086e8bd2611dd165413e1defa4c784698440e767d5a,experiments/due-diligence/results/map-20261009-resume
dd-053,131,诉讼仲裁,仲裁机构-中国,青岛仲裁委员会,http://www.qdac.org/,,ROBOTS_UNKNOWN,robots请求失败：DownloadFailedError,未取得核验业务数据,,,,,experiments/due-diligence/results/map-20261009
dd-054,132,诉讼仲裁,仲裁机构-中国,济南仲裁委员会,https://zcb.jinan.gov.cn/index.html,,ROBOTS_UNKNOWN,robots最终HTTP 200，未获得可用规则,未取得核验业务数据,,,,,experiments/due-diligence/results/map-20261009
dd-055,133,诉讼仲裁,仲裁机构-中国,太原仲裁委员会,http://www.tyac.org.cn/,,ROBOTS_UNKNOWN,robots最终HTTP 200，未获得可用规则,未取得核验业务数据,,,,,experiments/due-diligence/results/map-20261009
dd-056,134,诉讼仲裁,仲裁机构-中国,呼和浩特仲裁委员会,http://huhhotac.org.cn/,,ROBOTS_DENIED,ROBOTS_DISALLOW,未取得核验业务数据,,,,,experiments/due-diligence/results/map-20261009
dd-057,135,诉讼仲裁,仲裁机构-中国,上海仲裁委员会,http://www.accsh.org/,http://www.accsh.org/,SKIP_INPUT,需提供查询条件，本轮未输入,未取得核验业务数据,,,experiments/due-diligence/results/map-20261009-resume/bodies/edce88662f31a4f3c1eb20e814bd46d9d14ca9643e8d62e73262022e78d5e4ad,edce88662f31a4f3c1eb20e814bd46d9d14ca9643e8d62e73262022e78d5e4ad,experiments/due-diligence/results/map-20261009-resume
dd-058,136,诉讼仲裁,仲裁机构-中国,上海国际经济贸易仲裁委员会（上海国际仲裁中心）,http://www.shiac.org/,,ROBOTS_UNKNOWN,robots请求失败：DownloadFailedError,未取得核验业务数据,,,,,experiments/due-diligence/results/map-20261009
dd-059,137,诉讼仲裁,仲裁机构-中国,杭州仲裁委员会,http://www.hzhac.org/,https://www.hzarbitration.org.cn/,ACCESSIBLE_HTML,入口文本和链接已提取,仅验证入口解析；业务正文、完整性和时效性未验收；有输入框，主体查询跳过,,entry,experiments/due-diligence/results/map-20261009-resume/bodies/5d51d984763956784d2a6b8bca33a067ca131f831079de84c9e0aaa078f90b94,5d51d984763956784d2a6b8bca33a067ca131f831079de84c9e0aaa078f90b94,experiments/due-diligence/results/map-20261009-resume
dd-060,138,诉讼仲裁,仲裁机构-中国,宁波仲裁委员会,https://www.nbac.org.cn/,https://www.nbac.org.cn/,ACCESSIBLE_HTML,入口文本和链接已提取,仅验证入口解析；业务正文、完整性和时效性未验收；有输入框，主体查询跳过,,entry,experiments/due-diligence/results/map-20261009-resume/bodies/121fafce8d8f5e6e659c00084c2d9770ea3c74eefeded3efc5be1bde34a0dfb1,121fafce8d8f5e6e659c00084c2d9770ea3c74eefeded3efc5be1bde34a0dfb1,experiments/due-diligence/results/map-20261009-resume
dd-061,139,诉讼仲裁,仲裁机构-中国,南京仲裁委员会,http://ac.nanjing.gov.cn/,http://ac.nanjing.gov.cn/,ACCESSIBLE_HTML,入口文本和链接已提取,仅验证入口解析；业务正文、完整性和时效性未验收,,entry,experiments/due-diligence/results/map-20261009-resume/bodies/b824154839b67f45b7ff8c97120993e172a77e81fb4f29d7bc29bbf1f3758d66,b824154839b67f45b7ff8c97120993e172a77e81fb4f29d7bc29bbf1f3758d66,experiments/due-diligence/results/map-20261009-resume
dd-062,140,诉讼仲裁,仲裁机构-中国,海南国际仲裁院,http://www.hnac.org.cn/,https://www.hiac.org.cn/,ACCESSIBLE_HTML,入口文本和链接已提取,仅验证入口解析；业务正文、完整性和时效性未验收；有输入框，主体查询跳过,,entry,experiments/due-diligence/results/map-20261009-resume/bodies/0aa4f03ece454c846ddb748f3127fe9167bde01e9a541f3162964092ac5c2b1c,0aa4f03ece454c846ddb748f3127fe9167bde01e9a541f3162964092ac5c2b1c,experiments/due-diligence/results/map-20261009-resume
dd-063,141,诉讼仲裁,仲裁机构-中国,长沙仲裁委员会,https://www.cscac.net/,,ROBOTS_UNKNOWN,robots最终HTTP 200，未获得可用规则,未取得核验业务数据,,,,,experiments/due-diligence/results/map-20261009
dd-064,142,诉讼仲裁,仲裁机构-中国,武汉仲裁委员会,http://www.whac.org.cn/,https://www.whac.org.cn/,ACCESSIBLE_HTML,入口文本和链接已提取,仅验证入口解析；业务正文、完整性和时效性未验收；有输入框，主体查询跳过,,entry,experiments/due-diligence/results/map-20261009-resume/bodies/29bd72fe0eefd4ae2307c370bbae7ec2ac74280fc17a39c9d528f91a2adbd0e6,29bd72fe0eefd4ae2307c370bbae7ec2ac74280fc17a39c9d528f91a2adbd0e6,experiments/due-diligence/results/map-20261009-resume
dd-065,143,诉讼仲裁,仲裁机构-中国,苏州仲裁委员会,http://www.szac.net/,http://www.szac.net/,ACCESSIBLE_HTML,入口文本和链接已提取,仅验证入口解析；业务正文、完整性和时效性未验收,,entry,experiments/due-diligence/results/map-20261009-resume/bodies/06f233daf22e25a6b989d2233c67c04c2d24f19427fe20684d162ffc967de145,06f233daf22e25a6b989d2233c67c04c2d24f19427fe20684d162ffc967de145,experiments/due-diligence/results/map-20261009-resume
dd-066,144,诉讼仲裁,仲裁机构-中国,大连仲裁委员会,https://www.diac.org.cn/,https://www.diac.org.cn/,ACCESSIBLE_HTML,入口文本和链接已提取,仅验证入口解析；业务正文、完整性和时效性未验收；有输入框，主体查询跳过,,entry,experiments/due-diligence/results/map-20261009-resume/bodies/02a1408692991138c95bb88b46fa5062d092ad091c18787eb89547b8ffeed0c0,02a1408692991138c95bb88b46fa5062d092ad091c18787eb89547b8ffeed0c0,experiments/due-diligence/results/map-20261009-resume
dd-067,145,诉讼仲裁,仲裁机构-中国,合肥仲裁委员会,http://www.hfac.net.cn/,http://www.hfac.net.cn/,ACCESSIBLE_HTML,入口文本和链接已提取,仅验证入口解析；业务正文、完整性和时效性未验收；有输入框，主体查询跳过,,entry,experiments/due-diligence/results/map-20261009-resume/bodies/607903dbdb8483eb28446a6b2539fea647873d2a40c205f6ef90d3d5fa842ffb,607903dbdb8483eb28446a6b2539fea647873d2a40c205f6ef90d3d5fa842ffb,experiments/due-diligence/results/map-20261009-resume
dd-068,146,诉讼仲裁,仲裁机构-中国,中国广州仲裁委员会,https://www.gzac.org/,https://www.gziac.cn/,ACCESSIBLE_HTML,入口文本和链接已提取,仅验证入口解析；业务正文、完整性和时效性未验收,,entry,experiments/due-diligence/results/map-20261009-resume/bodies/3ae1e40a067dc37ae26545bca048384e536704497b10203b402bb8ad6d7dc3cd,3ae1e40a067dc37ae26545bca048384e536704497b10203b402bb8ad6d7dc3cd,experiments/due-diligence/results/map-20261009-resume
dd-069,147,诉讼仲裁,仲裁机构-中国,深圳国际仲裁院,https://www.scia.com.cn/index.php/Home/index/aboutdetail/id/15.html,https://www.scia.com.cn/index.php/Home/index/aboutdetail/id/15.html,ACCESS_RESTRICTED,HTTP 200返回WAF脚本挑战，停止采集,未取得核验业务数据,首轮本地OSError未完成。连接修正后单独补测一次，HTTP 200返回_waf脚本挑战；停止，未运行或绕过挑战，原文不进入golden。,,,a2f4dc3ab80d805bc325976ad39951ad3757fdd1b3676740b00a72c1a15850d6,experiments/due-diligence/results/map-20261009-local-recovery
dd-070,148,诉讼仲裁,仲裁机构-中国,厦门仲裁委员会,http://www.xmac.org.cn/Home,,ROBOTS_UNKNOWN,robots请求失败：DownloadFailedError,未取得核验业务数据,,,,,experiments/due-diligence/results/map-20261009
dd-071,149,诉讼仲裁,仲裁机构-中国,长春仲裁委员会,http://www.ccac.org.cn/,,ROBOTS_UNKNOWN,robots最终HTTP 200，未获得可用规则,未取得核验业务数据,,,,,experiments/due-diligence/results/map-20261009
dd-072,150,诉讼仲裁,仲裁机构-中国,哈尔滨仲裁委员会,http://www.hrbac.org.cn/,http://www.hrbac.org.cn/,ACCESSIBLE_HTML,入口文本和链接已提取,仅验证入口解析；业务正文、完整性和时效性未验收；有输入框，主体查询跳过,,entry,experiments/due-diligence/results/map-20261009-resume/bodies/ede9ba3f5f6e0da475950803c6b3352bd2f3e3b47286cadd13e5632511ed446f,ede9ba3f5f6e0da475950803c6b3352bd2f3e3b47286cadd13e5632511ed446f,experiments/due-diligence/results/map-20261009-resume
dd-073,151,诉讼仲裁,仲裁机构-中国,重庆仲裁委员会,http://www.cqac.org.cn/,http://www.cqac.org.cn/,ACCESSIBLE_HTML,入口文本和链接已提取,仅验证入口解析；业务正文、完整性和时效性未验收；有输入框，主体查询跳过,,entry,experiments/due-diligence/results/map-20261009-resume/bodies/6b9b0a32fa759434434b0cfb2139ccb68417c09eeae07ac1cfc1ded818d44bc2,6b9b0a32fa759434434b0cfb2139ccb68417c09eeae07ac1cfc1ded818d44bc2,experiments/due-diligence/results/map-20261009-resume
dd-074,152,诉讼仲裁,仲裁机构-中国,成都仲裁委员会,http://www.cdac.org.cn/,https://www.cdac.org.cn/,ACCESSIBLE_HTML,入口文本和链接已提取,仅验证入口解析；业务正文、完整性和时效性未验收；有输入框，主体查询跳过,,entry,experiments/due-diligence/results/map-20261009-resume/bodies/6152e58dc1418a632c579cd88d5fd0d98e7eb0474b3dc86f74d61f24edd73826,6152e58dc1418a632c579cd88d5fd0d98e7eb0474b3dc86f74d61f24edd73826,experiments/due-diligence/results/map-20261009-resume
dd-075,153,诉讼仲裁,仲裁机构-中国,兰州仲裁委员会,http://www.lzzcwyh.com.cn/,,ROBOTS_UNKNOWN,robots请求失败：DownloadFailedError → ResponseNeverReceived,未取得核验业务数据,,,,,experiments/due-diligence/results/map-20261009-resume
dd-076,154,诉讼仲裁,仲裁机构-中国,中国香港国际仲裁中心,https://www.hkiac.org/,https://hkiac.org/,ACCESSIBLE_HTML,入口文本和链接已提取,仅验证入口解析；业务正文、完整性和时效性未验收；有输入框，主体查询跳过,,entry,experiments/due-diligence/results/map-20261009-resume/bodies/fba8225cc3b4a31c3442ef51ef2a4cffea9f4f5c1d62709e72b0f05bac5b589a,fba8225cc3b4a31c3442ef51ef2a4cffea9f4f5c1d62709e72b0f05bac5b589a,experiments/due-diligence/results/map-20261009-resume
dd-077,155,诉讼仲裁,仲裁机构-中国,银川仲裁委员会,http://www.yinchuanzcw.org.cn/,http://www.yinchuanzcw.org.cn/,ACCESSIBLE_HTML,入口文本和链接已提取,仅验证入口解析；业务正文、完整性和时效性未验收；有输入框，主体查询跳过,,entry,experiments/due-diligence/results/map-20261009-resume/bodies/01e360cf8fe538fe2015e4d135ff9ac8acffe8ffb75ce0c022d584356cdb412b,01e360cf8fe538fe2015e4d135ff9ac8acffe8ffb75ce0c022d584356cdb412b,experiments/due-diligence/results/map-20261009-resume
dd-078,156,诉讼仲裁,仲裁机构-中国,石家庄仲裁委员会,https://sjzac.org.cn/,https://sjzac.org.cn/,ACCESSIBLE_HTML,入口文本和链接已提取,仅验证入口解析；业务正文、完整性和时效性未验收；有输入框，主体查询跳过,,entry,experiments/due-diligence/results/map-20261009-resume/bodies/7f73935b06b2062783c02e2c1bbf1f3aeb532d3ab0e370f1563655e6c2c54285,7f73935b06b2062783c02e2c1bbf1f3aeb532d3ab0e370f1563655e6c2c54285,experiments/due-diligence/results/map-20261009-resume
dd-079,157,诉讼仲裁,仲裁机构-中国,沈阳仲裁委员会,http://syzcb.shenyang.gov.cn/,https://syzcb.shenyang.gov.cn/,ACCESSIBLE_HTML,入口文本和链接已提取,仅验证入口解析；业务正文、完整性和时效性未验收,,entry,experiments/due-diligence/results/map-20261009-resume/bodies/37ec8c1dd1da3e33b1573c07c55289e10e4b515bf4a1ee6c456842e50b11d060,37ec8c1dd1da3e33b1573c07c55289e10e4b515bf4a1ee6c456842e50b11d060,experiments/due-diligence/results/map-20261009-resume
dd-080,158,诉讼仲裁,仲裁机构-中国,南京仲裁委员会,http://ac.nanjing.gov.cn/zczn/lalct/,http://ac.nanjing.gov.cn/zczn/lalct/,ACCESSIBLE_HTML,入口文本和链接已提取,仅验证入口解析；业务正文、完整性和时效性未验收,,entry,experiments/due-diligence/results/map-20261009-resume/bodies/d5254504a908f507f19112a80fca06fe0fa9f44aa601ab156af1cd992f1cd8d5,d5254504a908f507f19112a80fca06fe0fa9f44aa601ab156af1cd992f1cd8d5,experiments/due-diligence/results/map-20261009-resume
dd-081,159,诉讼仲裁,仲裁机构-中国,福州仲裁委员会,http://www.fuzhou.gov.cn/zgfzzt/szcw/,,ROBOTS_UNKNOWN,robots请求失败：DownloadTimeoutError,未取得核验业务数据,,,,,experiments/due-diligence/results/map-20261009
dd-082,160,诉讼仲裁,仲裁机构-中国,南昌仲裁委员会,https://www.nczcw.org.cn/,https://www.nczcw.org.cn/,ACCESSIBLE_HTML,入口文本和链接已提取,仅验证入口解析；业务正文、完整性和时效性未验收；有输入框，主体查询跳过,,entry,experiments/due-diligence/results/map-20261009-resume/bodies/ea91f265ab631db5103f0fefd72b2218b87f576a5660cb97555cdadfe28aa7a8,ea91f265ab631db5103f0fefd72b2218b87f576a5660cb97555cdadfe28aa7a8,experiments/due-diligence/results/map-20261009-resume
dd-083,161,诉讼仲裁,仲裁机构-中国,南宁仲裁委员会,http://www.nnac.org.cn/,http://www.nnac.org.cn/,ACCESSIBLE_HTML,入口文本和链接已提取,仅验证入口解析；业务正文、完整性和时效性未验收；有输入框，主体查询跳过,,entry,experiments/due-diligence/results/map-20261009-resume/bodies/6da236c870cac937bbb29287881687d5c8759c8e36b9b499fbe8717737f5da8e,6da236c870cac937bbb29287881687d5c8759c8e36b9b499fbe8717737f5da8e,experiments/due-diligence/results/map-20261009-resume
dd-084,162,诉讼仲裁,仲裁机构-中国,贵阳仲裁委员会心,https://www.gyac.org.cn/,https://www.gyac.org.cn/,ACCESSIBLE_HTML,入口文本和链接已提取,仅验证入口解析；业务正文、完整性和时效性未验收；有输入框，主体查询跳过,,entry,experiments/due-diligence/results/map-20261009-resume/bodies/4613d3e41d9387a6a9de96183f59b4044755d9f5ffbd0cfa0333dbc55024588c,4613d3e41d9387a6a9de96183f59b4044755d9f5ffbd0cfa0333dbc55024588c,experiments/due-diligence/results/map-20261009-resume
dd-085,163,诉讼仲裁,仲裁机构-中国,昆明仲裁委员会,http://kmzcw.km.org.cn/,http://kmzcw.km.org.cn/,ACCESSIBLE_HTML,入口文本和链接已提取,仅验证入口解析；业务正文、完整性和时效性未验收；有输入框，主体查询跳过,,entry,experiments/due-diligence/results/map-20261009-resume/bodies/37fc1a41d97612f45d656b495c454db8fadc176781b1b3bcca55c294bf6af5a4,37fc1a41d97612f45d656b495c454db8fadc176781b1b3bcca55c294bf6af5a4,experiments/due-diligence/results/map-20261009-resume
dd-086,164,诉讼仲裁,仲裁机构-中国,西安仲裁委员会,http://www.xaac.org/index.php,http://www.xaac.org/index.php,ACCESSIBLE_HTML,入口文本和链接已提取,仅验证入口解析；业务正文、完整性和时效性未验收；有输入框，主体查询跳过,,entry,experiments/due-diligence/results/map-20261009-resume/bodies/5d1e14f12df32a8134929006ba3ebd05cf0b7758defb5b45d854261d707bd524,5d1e14f12df32a8134929006ba3ebd05cf0b7758defb5b45d854261d707bd524,experiments/due-diligence/results/map-20261009-resume
dd-087,165,诉讼仲裁,仲裁机构-中国,西宁仲裁委员会,https://china-arbitration.com/index/institution/detail.html?id=3037,,ROBOTS_UNKNOWN,robots请求失败：DownloadFailedError → ResponseNeverReceived,未取得核验业务数据,,,,,experiments/due-diligence/results/map-20261009-resume
dd-088,171,诉讼仲裁,仲裁机构-国际,国际商会国际仲裁院（ICC）,https://iccwbo.org/,https://iccwbo.org/,ACCESSIBLE_HTML,入口文本和链接已提取,仅验证入口解析；业务正文、完整性和时效性未验收；有输入框，主体查询跳过,,entry,experiments/due-diligence/results/map-20261009-resume/bodies/7448035627d5bb7ecfa3cfb6d1c745522987279e883907a792be89621961beeb,7448035627d5bb7ecfa3cfb6d1c745522987279e883907a792be89621961beeb,experiments/due-diligence/results/map-20261009-resume
dd-089,172,诉讼仲裁,仲裁机构-国际,伦敦国际仲裁院（LCIA）,https://www.lcia.org/,,ROBOTS_DENIED,ROBOTS_DISALLOW,未取得核验业务数据,,,,,experiments/due-diligence/results/map-20261009
dd-090,173,诉讼仲裁,仲裁机构-国际,斯德哥尔摩商会仲裁院（SCC）,https://sccarbitrationinstitute.se/en/,https://sccarbitrationinstitute.se/en/,ACCESSIBLE_HTML,入口文本和链接已提取,仅验证入口解析；业务正文、完整性和时效性未验收；有输入框，主体查询跳过,,entry,experiments/due-diligence/results/map-20261009-resume/bodies/2adb1dabc094ddc8c646d690dffba7f2da1c67990e5bb7b7a2ba62c89a0d7d71,2adb1dabc094ddc8c646d690dffba7f2da1c67990e5bb7b7a2ba62c89a0d7d71,experiments/due-diligence/results/map-20261009-resume
dd-091,174,诉讼仲裁,仲裁机构-国际,新加坡国际仲裁中心（SIAC）,https://siac.org.sg/,,ROBOTS_UNKNOWN,robots最终HTTP 403，未获得可用规则,未取得核验业务数据,,,,,experiments/due-diligence/results/map-20261009
dd-092,182,征信及处罚,信用查询,信用中国,https://www.creditchina.gov.cn/,https://www.creditchina.gov.cn/,HTTP_ERROR,HTTP_412,未取得核验业务数据,,,,f71d4e039e335566e6e00399069490c7e7c1b459e1493bbf4b669d596cb08b40,experiments/due-diligence/results/map-20261009-resume
dd-093,183,征信及处罚,信用查询,信用北京,http://creditbj.jxj.beijing.gov.cn/credit-portal/publicity/record/punish_publicity,https://creditbj.jxj.beijing.gov.cn/credit-portal/publicity/record/punish_publicity,HTTP_ERROR,HTTP_404,未取得核验业务数据,,,,8c6ebc484c8d40beb87fde56f5e1cf49fb21ebaccdf8e13ce0d90b70c06f8565,experiments/due-diligence/results/map-20261009-resume
dd-094,184,征信及处罚,信用查询,信用广东,https://credit.gd.gov.cn/,https://credit.gd.gov.cn/,SKIP_INPUT,需提供查询条件，本轮未输入,未取得核验业务数据,,,experiments/due-diligence/results/map-20261009-resume/bodies/b4a23ed33bfcb87da6ec4a7485b60d9467c7ca5fd07735d2fcbbeaef6503f02c,b4a23ed33bfcb87da6ec4a7485b60d9467c7ca5fd07735d2fcbbeaef6503f02c,experiments/due-diligence/results/map-20261009-resume
dd-095,185,征信及处罚,信用查询,信用山东,http://credit.shandong.gov.cn/creditsearch.publicity.dhtml,https://credit.shandong.gov.cn/creditsearch.publicity.dhtml,ROBOTS_UNKNOWN,robots返回HTML，被首版误认规则后曾请求内容；离线纠正为规则未知，排除golden,未取得核验业务数据,,,experiments/due-diligence/results/map-20261009-resume/bodies/0cbb6c2b128c31950846f13c8a41282260a1f475ae3b8be6d565ccde92d05750,0cbb6c2b128c31950846f13c8a41282260a1f475ae3b8be6d565ccde92d05750,experiments/due-diligence/results/map-20261009-resume
dd-096,186,征信及处罚,信用查询,信用重庆,http://www.xycq.gov.cn/html/query/punish/list.html?navPage=1,,ROBOTS_UNKNOWN,robots最终HTTP 200，未获得可用规则,未取得核验业务数据,,,,,experiments/due-diligence/results/map-20261009-resume
dd-097,187,征信及处罚,信用查询,信用四川,https://credit.sc.gov.cn/,https://credit.sc.gov.cn/,ROBOTS_UNKNOWN,robots返回HTML，被首版误认规则后曾请求内容；离线纠正为规则未知，排除golden,未取得核验业务数据,,,experiments/due-diligence/results/map-20261009-resume/bodies/9bf1fd3360066124ab2bd9d360488b562883b813c76c0800209a19c38712132f,9bf1fd3360066124ab2bd9d360488b562883b813c76c0800209a19c38712132f,experiments/due-diligence/results/map-20261009-resume
dd-098,188,征信及处罚,信用查询,信用河南,https://credit.henan.gov.cn/,https://credit.henan.gov.cn/,ACCESSIBLE_HTML,入口文本和链接已提取,仅验证入口解析；业务正文、完整性和时效性未验收；有输入框，主体查询跳过,,entry,experiments/due-diligence/results/map-20261009-resume/bodies/6537fe439a7acd90a8394d3ee393d9d6c560397c2a3a751b035671429ff64357,6537fe439a7acd90a8394d3ee393d9d6c560397c2a3a751b035671429ff64357,experiments/due-diligence/results/map-20261009-resume
dd-099,194,征信及处罚,部委网站,中国市场监管行政处罚文书网,http://cfws.samr.gov.cn/,,ROBOTS_DENIED,ROBOTS_DISALLOW,未取得核验业务数据,,,,,experiments/due-diligence/results/map-20261009-resume
dd-100,195,征信及处罚,部委网站,银保监会/局,https://www.nfra.gov.cn/cn/view/pages/index/index.html,https://www.nfra.gov.cn/cn/view/pages/index/index.html,ACCESSIBLE_HTML,入口文本和链接已提取,仅验证入口解析；业务正文、完整性和时效性未验收,,entry,experiments/due-diligence/results/map-20261009-resume/bodies/980d0cf87127e01aa2f8fa0849bd7c5f924bfd649ef734e5d4d6567162cc0897,980d0cf87127e01aa2f8fa0849bd7c5f924bfd649ef734e5d4d6567162cc0897,experiments/due-diligence/results/map-20261009-resume
dd-101,196,征信及处罚,部委网站,司法部,https://zwfw.12348.gov.cn/?type=govCallbackTicket&flag=false,https://zwfw.12348.gov.cn/zwfw-portalui/,JS_SHELL,静态响应没有足够正文，需要JS渲染或公开数据接口,未取得核验业务数据,,,experiments/due-diligence/results/map-20261009-resume/bodies/d20c95c3157030a9a4d231c05389d63713e0f88fd611a43645ed071d3e1c70b2,d20c95c3157030a9a4d231c05389d63713e0f88fd611a43645ed071d3e1c70b2,experiments/due-diligence/results/map-20261009-resume
dd-102,197,征信及处罚,部委网站,外汇局,https://www.safe.gov.cn/beijing/xzcfxxgs/index.html,https://www.safe.gov.cn/beijing/xzcfxxgs/index.html,SKIP_INPUT,需提供查询条件，本轮未输入,未取得核验业务数据,,,experiments/due-diligence/results/map-20261009-resume/bodies/2df85a5c09895934fdd34b1f3fe183bd9ade1685de4ef6b1ec13a07ed8bb7e48,2df85a5c09895934fdd34b1f3fe183bd9ade1685de4ef6b1ec13a07ed8bb7e48,experiments/due-diligence/results/map-20261009-resume
dd-103,198,征信及处罚,部委网站,住建部,https://www.mohurd.gov.cn/?medium=01,,ROBOTS_UNKNOWN,robots请求失败：DownloadFailedError,未取得核验业务数据,,,,,experiments/due-diligence/results/map-20261009
dd-104,199,征信及处罚,部委网站,国家统计局,https://www.stats.gov.cn/xxgk/list4.html,https://www.stats.gov.cn/xxgk/list4.html,ACCESSIBLE_HTML,入口文本和链接已提取,仅验证入口解析；业务正文、完整性和时效性未验收；有输入框，主体查询跳过,,entry,experiments/due-diligence/results/map-20261009-resume/bodies/7b44f745b04c5ccb5bfedfee22a88e6d6c5428444a26d5bbc2d98f9b7a98313f,7b44f745b04c5ccb5bfedfee22a88e6d6c5428444a26d5bbc2d98f9b7a98313f,experiments/due-diligence/results/map-20261009-resume
dd-105,200,征信及处罚,部委网站,海关总署,http://www.customs.gov.cn/,http://www.customs.gov.cn/,HTTP_ERROR,HTTP_412,未取得核验业务数据,,,,4d6d230b2084624be0c23c3334e4c579382344e32614522c562ff6a1f74d3225,experiments/due-diligence/results/map-20261009-resume
dd-106,201,征信及处罚,部委网站,中国人民银行征信中心,http://www.pbccrc.org.cn/,https://www.pbccrc.org.cn/,ACCESSIBLE_HTML,入口文本和链接已提取,仅验证入口解析；业务正文、完整性和时效性未验收；有输入框，主体查询跳过,,entry,experiments/due-diligence/results/map-20261009-resume/bodies/137bfcbf548ffbd540000602c664a920ebcd35ccf9710fc5bf7c3b0b052c28a4,137bfcbf548ffbd540000602c664a920ebcd35ccf9710fc5bf7c3b0b052c28a4,experiments/due-diligence/results/map-20261009-resume
dd-107,202,征信及处罚,部委网站,外商投资企业年度投资经营信息联合报告,http://lhnbgs.mofcom.gov.cn/,https://lhnbgs.mofcom.gov.cn:443/,ACCESSIBLE_HTML,入口文本和链接已提取,仅验证入口解析；业务正文、完整性和时效性未验收,,entry,experiments/due-diligence/results/map-20261009-resume/bodies/6b72426b87d2fee0bd759a5d8184545a3cd53772bfc129dd470165cd8260090f,6b72426b87d2fee0bd759a5d8184545a3cd53772bfc129dd470165cd8260090f,experiments/due-diligence/results/map-20261009-resume
dd-108,203,征信及处罚,部委网站,信息通信行业信用信息查询,https://xy.cace.org.cn/,https://xy.cace.org.cn/,ACCESSIBLE_HTML,入口文本和链接已提取,仅验证入口解析；业务正文、完整性和时效性未验收；有输入框，主体查询跳过,,entry,experiments/due-diligence/results/map-20261009-resume/bodies/6cf9256285be46c07446c6e63624bf7e3030f4ed1c051028420888aea00871c3,6cf9256285be46c07446c6e63624bf7e3030f4ed1c051028420888aea00871c3,experiments/due-diligence/results/map-20261009-resume
dd-109,204,征信及处罚,部委网站,中征应收账款融资服务平台,https://www.crcrfsp.org.cn/index.do,https://www.crcrfsp.org.cn/index.do,ACCESSIBLE_HTML,入口文本和链接已提取,仅验证入口解析；业务正文、完整性和时效性未验收,,entry,experiments/due-diligence/results/map-20261009-resume/bodies/2fa0ef9aeaacb21c957d6be4147362ea24b78c4dacbaf121249221b53b58a091,2fa0ef9aeaacb21c957d6be4147362ea24b78c4dacbaf121249221b53b58a091,experiments/due-diligence/results/map-20261009-resume
dd-110,205,征信及处罚,部委网站,海事处罚查询,https://zwfw.msa.gov.cn/zwfw/c100021/cxfw.shtml,,ROBOTS_UNKNOWN,robots请求失败：CannotResolveHostError,未取得核验业务数据,,,,,experiments/due-diligence/results/map-20261009
dd-111,211,征信及处罚,地方网站,上海市场监督管理局,http://fw.scjgj.sh.gov.cn/shaic/punish!getList.action?firstAccess=1,https://fw.scjgj.sh.gov.cn/shaic/punish!getList.action?firstAccess=1,JS_SHELL,静态响应没有足够正文，需要JS渲染或公开数据接口,未取得核验业务数据,,,experiments/due-diligence/results/map-20261009-resume/bodies/0ca9cb05f08b696a5b95215888721521889f4d5858dd6fc729b694f326dcc508,0ca9cb05f08b696a5b95215888721521889f4d5858dd6fc729b694f326dcc508,experiments/due-diligence/results/map-20261009-resume
dd-112,212,征信及处罚,地方网站,浙江政务服务网,http://www.zjzwfw.gov.cn/zjzw/punish/frontpunish/showadmins.do?webId=1,,ROBOTS_DENIED,ROBOTS_DISALLOW,未取得核验业务数据,,,,,experiments/due-diligence/results/map-20261009-resume
dd-113,213,征信及处罚,地方网站,深圳市场监督管理局,https://amr.sz.gov.cn/outer/doublePublic/list.html,https://amr.sz.gov.cn/outer/doublePublic/list.html,HTTP_ERROR,HTTP_521,未取得核验业务数据,,,,d01c9c3fe6878e3975e7042684b8bc83fb1f600a76c6b8a0fff21e2bab6f932c,experiments/due-diligence/results/map-20261009-resume
dd-114,214,征信及处罚,地方网站,成都市监局,https://scjg.chengdu.gov.cn/datacenter/,https://scjg.chengdu.gov.cn/datacenter/,HTTP_ERROR,HTTP_412,未取得核验业务数据,,,,52037df116f95642b81d672c445a35e7323c8ea9595cc8d2140cceda4d595728,experiments/due-diligence/results/map-20261009-resume
dd-115,215,征信及处罚,地方网站,武汉市监局,https://scjgj.wuhan.gov.cn/,https://scjgj.wuhan.gov.cn/,ACCESSIBLE_HTML,入口文本和链接已提取,仅验证入口解析；业务正文、完整性和时效性未验收；有输入框，主体查询跳过,,entry,experiments/due-diligence/results/map-20261009-resume/bodies/cd7d7e96a48d81260d0cecfa6b911403046e1c6ab4b1c67f3cffd110894bff49,cd7d7e96a48d81260d0cecfa6b911403046e1c6ab4b1c67f3cffd110894bff49,experiments/due-diligence/results/map-20261009-resume
dd-116,216,征信及处罚,地方网站,海口市监局,http://amr.haikou.gov.cn/xxgk/spgsxx/xzcfangsxx/,http://amr.haikou.gov.cn/xxgk/spgsxx/xzcfangsxx/,ACCESSIBLE_HTML,入口文本和链接已提取,处罚公告当前页20条标题与详情链接；未验证详情、分页和历史覆盖,,content,experiments/due-diligence/results/map-20261009-resume/bodies/6a4cea775dbeb7d5f17fd2b8e47d310eefb828e6e29d6523710589b74aa389e8,6a4cea775dbeb7d5f17fd2b8e47d310eefb828e6e29d6523710589b74aa389e8,experiments/due-diligence/results/map-20261009-resume
dd-117,224,产权信息,动产信息,中登网（动产融资统一登记公示系统）,https://www.zhongdengwang.org.cn/,https://www.zhongdengwang.org.cn/,SKIP_INPUT,登录需要身份信息,未取得核验业务数据,,,experiments/due-diligence/results/map-20261009-resume/bodies/c4bbd9f8b1cb3b0db7311b93e8fc82b5e3d010c342faed7a10dbe96856751e75,c4bbd9f8b1cb3b0db7311b93e8fc82b5e3d010c342faed7a10dbe96856751e75,experiments/due-diligence/results/map-20261009-resume
dd-118,230,产权信息,不动产,全国不动产登记网上查询,https://bdcyc.mnr.gov.cn/,,ROBOTS_UNKNOWN,robots请求失败：DownloadFailedError → ResponseNeverReceived,未取得核验业务数据,,,,,experiments/due-diligence/results/map-20261009-resume
dd-119,231,产权信息,不动产,北京市,http://yewu.ghzrzyw.beijing.gov.cn/gwxxfb/bdcdjgggs/bdcdjgggs.html,https://yewu.ghzrzyw.beijing.gov.cn/gwxxfb/bdcdjgggs/bdcdjgggs.html,JS_SHELL,静态响应没有足够正文，需要JS渲染或公开数据接口,未取得核验业务数据,,,experiments/due-diligence/results/map-20261009-resume/bodies/d94417bc340fed012d163e9dba9b055015b3cdf7650f02438173080420899f6b,d94417bc340fed012d163e9dba9b055015b3cdf7650f02438173080420899f6b,experiments/due-diligence/results/map-20261009-resume
dd-120,232,产权信息,不动产,深圳市,http://pnr.sz.gov.cn/ywzy/bdcdj/szbdc/,http://pnr.sz.gov.cn/ywzy/bdcdj/szbdc/,HTTP_ERROR,HTTP_412,未取得核验业务数据,,,,ad39d3028798ce8242bfb9929a54683bcb80999f2f468bb234abfd4e18ad0936,experiments/due-diligence/results/map-20261009-resume
dd-121,233,产权信息,不动产,广州市,https://ghzyj.gz.gov.cn/zwfw/xtzq/gzsbdcdjzlly/,https://ghzyj.gz.gov.cn/zwfw/xtzq/gzsbdcdjzlly/,ACCESSIBLE_HTML,入口文本和链接已提取,仅验证入口解析；业务正文、完整性和时效性未验收；有输入框，主体查询跳过,,entry,experiments/due-diligence/results/map-20261009-resume/bodies/3e66eb254af56b69d7cc55508bd79c9d19ffef99af5e53d5217713bccb59eb15,3e66eb254af56b69d7cc55508bd79c9d19ffef99af5e53d5217713bccb59eb15,experiments/due-diligence/results/map-20261009-resume
dd-122,234,产权信息,不动产,珠海市,http://bdc.zhuhai.gov.cn/,,ROBOTS_UNKNOWN,robots请求失败：DownloadFailedError → ResponseNeverReceived,未取得核验业务数据,,,,,experiments/due-diligence/results/map-20261009-resume
dd-123,235,产权信息,不动产,东莞市,https://nr.dg.gov.cn/,https://nr.dg.gov.cn/,ACCESSIBLE_HTML,入口文本和链接已提取,仅验证入口解析；业务正文、完整性和时效性未验收；有输入框，主体查询跳过,,entry,experiments/due-diligence/results/map-20261009-resume/bodies/10a83b6517353178cc91be462dffc980a8704ecf3d68702c39b59ad49111c538,10a83b6517353178cc91be462dffc980a8704ecf3d68702c39b59ad49111c538,experiments/due-diligence/results/map-20261009-resume
dd-124,236,产权信息,不动产,上海市,https://ghzyj.sh.gov.cn/bdcdj/,https://ghzyj.sh.gov.cn/bdcdj/,ACCESSIBLE_HTML,入口文本和链接已提取,仅验证入口解析；业务正文、完整性和时效性未验收,,entry,experiments/due-diligence/results/map-20261009-resume/bodies/beb18d6f73b8b6739d4caac92ed5eba8914f4b2267a015fafdd3c2203539ec56,beb18d6f73b8b6739d4caac92ed5eba8914f4b2267a015fafdd3c2203539ec56,experiments/due-diligence/results/map-20261009-resume
dd-125,242,产权信息,知产-专利,中国专利检索及分析,https://pss-system.cponline.cnipa.gov.cn/Disclaime,,ROBOTS_UNKNOWN,robots最终HTTP 200，未获得可用规则,未取得核验业务数据,,,,,experiments/due-diligence/results/map-20261009
dd-126,243,产权信息,知产-专利,中国及多国专利审查信息查询,https://cpquery.cponline.cnipa.gov.cn/,https://cpquery.cponline.cnipa.gov.cn/,HTTP_ERROR,HTTP_412,未取得核验业务数据,,,,341ff8b9f165926e38e47b9975b6d0dbc66c763fad0092ecf2eddf6c17d0fa87,experiments/due-diligence/results/map-20261009-resume
dd-127,244,产权信息,知产-专利,专利复审和无效查询,https://tysf.cponline.cnipa.gov.cn/am/,https://tysf.cponline.cnipa.gov.cn/am/,JS_SHELL,静态响应没有足够正文，需要JS渲染或公开数据接口,未取得核验业务数据,,,experiments/due-diligence/results/map-20261009-resume/bodies/08b4674172cdaa2d6c85e105706e5af252d522422abc9dc7df8a6a2c0990d78a,08b4674172cdaa2d6c85e105706e5af252d522422abc9dc7df8a6a2c0990d78a,experiments/due-diligence/results/map-20261009-resume
dd-128,245,产权信息,知产-专利,专利代理机构查询,http://dlgl.cnipa.gov.cn/txnqueryAgencyOrg.do,,ROBOTS_UNKNOWN,robots请求失败：DownloadFailedError → ResponseNeverReceived,未取得核验业务数据,,,,,experiments/due-diligence/results/map-20261009-resume
dd-129,246,产权信息,知产-专利,专利代理师信息查询,http://dlgl.cnipa.gov.cn/txnqueryAgent.do,,ROBOTS_UNKNOWN,robots请求失败：DownloadFailedError → ResponseNeverReceived,未取得核验业务数据,,,,,experiments/due-diligence/results/map-20261009-resume
dd-130,247,产权信息,知产-专利,中国香港知识产权署,http://ipsearch.ipd.gov.hk/index.html,,ROBOTS_UNKNOWN,robots最终HTTP 200，未获得可用规则,未取得核验业务数据,,,,,experiments/due-diligence/results/map-20261009-resume
dd-131,248,产权信息,知产-专利,中国澳门经济局,https://www.economia.gov.mo/,https://www.dsedt.gov.mo/zh_MO/pg_home,ACCESSIBLE_HTML,入口文本和链接已提取,仅验证入口解析；业务正文、完整性和时效性未验收,,entry,experiments/due-diligence/results/map-20261009-resume/bodies/ba0ca7c4217708191903c4053eed21c7edce332872f3e949c2fa9479310dd572,ba0ca7c4217708191903c4053eed21c7edce332872f3e949c2fa9479310dd572,experiments/due-diligence/results/map-20261009-resume
dd-132,249,产权信息,知产-专利,中国台湾经济部智慧财产局,https://www.tipo.gov.tw/,https://www.tipo.gov.tw/,ACCESSIBLE_HTML,入口文本和链接已提取,仅验证入口解析；业务正文、完整性和时效性未验收；有输入框，主体查询跳过,,entry,experiments/due-diligence/results/map-20261009-resume/bodies/8755c2226eebc80ae311f40bd5ae6d9632fd45bb63bd219af60c31ba7bc23380,8755c2226eebc80ae311f40bd5ae6d9632fd45bb63bd219af60c31ba7bc23380,experiments/due-diligence/results/map-20261009-resume
dd-133,250,产权信息,知产-专利,中国专利保护协会,http://www.ppac.org.cn/,http://www.ppac.org.cn/,ACCESSIBLE_HTML,入口文本和链接已提取,仅验证入口解析；业务正文、完整性和时效性未验收；有输入框，主体查询跳过,,entry,experiments/due-diligence/results/map-20261009-resume/bodies/8ba9cd6d400dd5793953af89342e059e5d230ac5f2a787b928284c05946d6b3e,8ba9cd6d400dd5793953af89342e059e5d230ac5f2a787b928284c05946d6b3e,experiments/due-diligence/results/map-20261009-resume
dd-134,251,产权信息,知产-专利,全国专利代理公共服务平台,http://www.pppas.net/index,,ROBOTS_UNKNOWN,robots最终HTTP 200，未获得可用规则,未取得核验业务数据,,,,,experiments/due-diligence/results/map-20261009-resume
dd-135,252,产权信息,知产-专利,北京知识产权公共信息服务平台,http://search.beijingip.cn/search/search/index,,ROBOTS_UNKNOWN,robots请求失败：DownloadFailedError,未取得核验业务数据,,,,,experiments/due-diligence/results/map-20261009
dd-136,253,产权信息,知产-专利,上海市知识产权专利检索分析平台,http://xxfw.sipa.sh.gov.cn/,,ROBOTS_UNKNOWN,robots最终HTTP 200，未获得可用规则,未取得核验业务数据,,,,,experiments/due-diligence/results/map-20261009-resume
dd-137,254,产权信息,知产-专利,中国香港专利检索,https://esearch.ipd.gov.hk/nis-pos-view/,,ROBOTS_UNKNOWN,robots最终HTTP 200，未获得可用规则,未取得核验业务数据,,,,,experiments/due-diligence/results/map-20261009-resume
dd-138,255,产权信息,知产-专利,专利检索及分析系统,https://pss-system.cponline.cnipa.gov.cn/conventionalSearch,,ROBOTS_UNKNOWN,robots最终HTTP 200，未获得可用规则,未取得核验业务数据,,,,,experiments/due-diligence/results/map-20261009
dd-139,261,产权信息,知产-专利-境外,EuropeanPatentOffice,https://www.epo.org/,https://www.epo.org/en,ACCESSIBLE_HTML,入口文本和链接已提取,仅验证入口解析；业务正文、完整性和时效性未验收；有输入框，主体查询跳过,,entry,experiments/due-diligence/results/map-20261009-resume/bodies/24fe98e9f8f426ba36bbffbf7bdd37b9cfb543555a6c2e1e35fb20010f49a758,24fe98e9f8f426ba36bbffbf7bdd37b9cfb543555a6c2e1e35fb20010f49a758,experiments/due-diligence/results/map-20261009-resume
dd-140,262,产权信息,知产-专利-境外,美国专利商标局（USPTO）,https://www.uspto.gov/,https://www.uspto.gov/,ACCESSIBLE_HTML,入口文本和链接已提取,仅验证入口解析；业务正文、完整性和时效性未验收；有输入框，主体查询跳过,,entry,experiments/due-diligence/results/map-20261009-resume/bodies/443619e779ca71c4931530639d395b68f39bd7ecda1eef558abe25fb8d64e06e,443619e779ca71c4931530639d395b68f39bd7ecda1eef558abe25fb8d64e06e,experiments/due-diligence/results/map-20261009-resume
dd-141,263,产权信息,知产-专利-境外,欧盟知识产权局（EUIPO）,https://www.euipo.europa.eu/en,,ROBOTS_UNKNOWN,robots最终HTTP 403，未获得可用规则,未取得核验业务数据,,,,,experiments/due-diligence/results/map-20261009
dd-142,264,产权信息,知产-专利-境外,韩国特许厅（KIPO）,https://www.kipo.go.kr/ko/MainApp.do,https://www.kipo.go.kr/ko/MainApp.do,ACCESSIBLE_HTML,入口文本和链接已提取,仅验证入口解析；业务正文、完整性和时效性未验收；有输入框，主体查询跳过,,,,ea2ed66ea8249332e24c04e0b3fba5d617fd1d1aecbb72fca40e668afbce3e8e,experiments/due-diligence/results/map-20261009-resume
dd-143,265,产权信息,知产-专利-境外,日本专利信息平台,https://www.j-platpat.inpit.go.jp/,https://www.j-platpat.inpit.go.jp/,JS_SHELL,静态响应没有足够正文，需要JS渲染或公开数据接口,未取得核验业务数据,,,experiments/due-diligence/results/map-20261009-resume/bodies/911ecac77bb2f542cd41b01c8855a004a4b61238fc839ce243f0103e7c09cbc5,911ecac77bb2f542cd41b01c8855a004a4b61238fc839ce243f0103e7c09cbc5,experiments/due-diligence/results/map-20261009-resume
dd-144,266,产权信息,知产-专利-境外,DPMAregister,https://register.dpma.de/DPMAregister/Uebersicht?lang=en,https://register.dpma.de/DPMAregister/Uebersicht?lang=en,ACCESSIBLE_HTML,入口文本和链接已提取,仅验证入口解析；业务正文、完整性和时效性未验收；有输入框，主体查询跳过,,entry,experiments/due-diligence/results/map-20261009-resume/bodies/2f0e023523eee57782921ed519dcf102bad83e6c76a60f09e7c95990a0cfff4b,2f0e023523eee57782921ed519dcf102bad83e6c76a60f09e7c95990a0cfff4b,experiments/due-diligence/results/map-20261009-resume
dd-145,267,产权信息,知产-专利-境外,全球外观设计数据库,https://www3.wipo.int/designdb/en/index.jsp,https://designdb.wipo.int/designdb/en/index.jsp,ACCESSIBLE_HTML,入口文本和链接已提取,仅验证入口解析；业务正文、完整性和时效性未验收,,entry,experiments/due-diligence/results/map-20261009-resume/bodies/a9bc93b44617c49b552354e681257ee5d9748a0187f2335e1db8311e2f6a7b5b,a9bc93b44617c49b552354e681257ee5d9748a0187f2335e1db8311e2f6a7b5b,experiments/due-diligence/results/map-20261009-resume
dd-146,268,产权信息,知产-专利-境外,PATENTSCOPE数据库,https://patentscope.wipo.int/search/zh/search.jsf,https://patentscope.wipo.int/search/zh/search.jsf,ACCESSIBLE_HTML,入口文本和链接已提取,仅验证入口解析；业务正文、完整性和时效性未验收；有输入框，主体查询跳过,,entry,experiments/due-diligence/results/map-20261009-resume/bodies/b106d48cc67512bd0c34e8e1fd3bfcb832c2cd24098941b4644cc9ee79e11b34,b106d48cc67512bd0c34e8e1fd3bfcb832c2cd24098941b4644cc9ee79e11b34,experiments/due-diligence/results/map-20261009-resume
dd-147,274,产权信息,知产-商标,中国商标网,http://wcjs.sbj.cnipa.gov.cn/,,ROBOTS_UNKNOWN,robots最终HTTP 403，未获得可用规则,未取得核验业务数据,,,,,experiments/due-diligence/results/map-20261009
dd-148,275,产权信息,知产-商标,中国香港商标检索,https://esearch.ipd.gov.hk/nis-pos-view/,,ROBOTS_UNKNOWN,robots最终HTTP 200，未获得可用规则,未取得核验业务数据,,,,,experiments/due-diligence/results/map-20261009-resume
dd-149,276,产权信息,知产-商标,WIPOIPPORTAL,https://ipportal.wipo.int/,https://ipportal.wipo.int/,JS_SHELL,静态响应没有足够正文，需要JS渲染或公开数据接口,未取得核验业务数据,,,experiments/due-diligence/results/map-20261009-resume/bodies/8502d65b652233ed14e4f4d953c19af7287c5126f1077b53b3c0e44ac6d6e26d,8502d65b652233ed14e4f4d953c19af7287c5126f1077b53b3c0e44ac6d6e26d,experiments/due-diligence/results/map-20261009-resume
dd-150,277,产权信息,知产-商标,欧盟商标查询系统,https://eutms.gippc.com.cn/,https://eutms.gippc.com.cn/,ACCESSIBLE_HTML,入口文本和链接已提取,仅验证入口解析；业务正文、完整性和时效性未验收,,,,7fae655164b3eb2895d44630bf16d8b9f8d25c958bdd32661aebcf2cd0ae7b88,experiments/due-diligence/results/map-20261009-resume
dd-151,278,产权信息,知产-商标,TheIntellectualPropertyOffice,https://www.gov.uk/government/organisations/intellectual-property-office,https://www.gov.uk/government/organisations/intellectual-property-office,ACCESSIBLE_HTML,入口文本和链接已提取,仅验证入口解析；业务正文、完整性和时效性未验收；有输入框，主体查询跳过,,entry,experiments/due-diligence/results/map-20261009-resume/bodies/db4ab13461fad90d7514b8db17d6d49fc097edb8d5e9ca5ed4ce2655fd2d20b7,db4ab13461fad90d7514b8db17d6d49fc097edb8d5e9ca5ed4ce2655fd2d20b7,experiments/due-diligence/results/map-20261009-resume
dd-152,284,产权信息,域名信息查询,工信部ICP/IP地址/域名信息备案管理系统,https://beian.miit.gov.cn/,,ROBOTS_UNKNOWN,robots最终HTTP 521，未获得可用规则,未取得核验业务数据,,,,,experiments/due-diligence/results/map-20261009-resume
dd-153,285,产权信息,域名信息查询,中国互联网信息中心,http://www.cnnic.cn/,https://www.cnnic.cn/,ACCESSIBLE_HTML,入口文本和链接已提取,仅验证入口解析；业务正文、完整性和时效性未验收；有输入框，主体查询跳过,,entry,experiments/due-diligence/results/map-20261009-resume/bodies/12d10c0f0365b1128443176a9d433e240cdcdbfbeb7c96c3dbf21721433639da,12d10c0f0365b1128443176a9d433e240cdcdbfbeb7c96c3dbf21721433639da,experiments/due-diligence/results/map-20261009-resume
dd-154,293,资本市场,官方网站,证监会,http://www.csrc.gov.cn/,,ROBOTS_UNKNOWN,robots最终HTTP 200，未获得可用规则,未取得核验业务数据,,,,,experiments/due-diligence/results/map-20261009-resume
dd-155,294,资本市场,官方网站,证监会统计信息,http://www.csrc.gov.cn/csrc/tjsj/index.shtml,,ROBOTS_UNKNOWN,robots最终HTTP 200，未获得可用规则,未取得核验业务数据,,,,,experiments/due-diligence/results/map-20261009-resume
dd-156,295,资本市场,官方网站,证监会业务办理指南,https://neris.csrc.gov.cn/alappl/home/guideH,https://neris.csrc.gov.cn/alappr-delare-front/home/itemList,JS_SHELL,静态响应没有足够正文，需要JS渲染或公开数据接口,未取得核验业务数据,,,experiments/due-diligence/results/map-20261009-resume/bodies/6814e81ee98e7863782faa553a6bb19992ad6046cf4b8a30a699558ba5b7e5b1,6814e81ee98e7863782faa553a6bb19992ad6046cf4b8a30a699558ba5b7e5b1,experiments/due-diligence/results/map-20261009-resume
dd-157,301,资本市场,上市-交易所,巨潮网,http://www.cninfo.com.cn/new/index,http://www.cninfo.com.cn/new/index,ACCESSIBLE_HTML,入口文本和链接已提取,仅验证入口解析；业务正文、完整性和时效性未验收,,entry,experiments/due-diligence/results/map-20261009-resume/bodies/93878c4e74ee68eec1f653a156a8dc6aed2e82e2059bbb08a2956ee844932422,93878c4e74ee68eec1f653a156a8dc6aed2e82e2059bbb08a2956ee844932422,experiments/due-diligence/results/map-20261009-resume
dd-158,302,资本市场,上市-交易所,深交所,http://www.szse.cn/disclosure/index.html,,ROBOTS_UNKNOWN,robots请求失败：DownloadFailedError,未取得核验业务数据,,,,,experiments/due-diligence/results/map-20261009
dd-159,303,资本市场,上市-交易所,上交所,https://www.sse.com.cn/?c=index,https://www.sse.com.cn/?c=index,ACCESSIBLE_HTML,入口文本和链接已提取,仅验证入口解析；业务正文、完整性和时效性未验收；有输入框，主体查询跳过,,entry,experiments/due-diligence/results/map-20261009-resume/bodies/2e8c62b2e950a0e46b03ab1a32bdf14caa990ff2d1e7140b0878844fbacfab3b,2e8c62b2e950a0e46b03ab1a32bdf14caa990ff2d1e7140b0878844fbacfab3b,experiments/due-diligence/results/map-20261009-resume
dd-160,304,资本市场,上市-交易所,上交所科创板,http://star.sse.com.cn/,http://star.sse.com.cn/,ACCESSIBLE_HTML,入口文本和链接已提取,仅验证入口解析；业务正文、完整性和时效性未验收；有输入框，主体查询跳过,,entry,experiments/due-diligence/results/map-20261009-resume/bodies/eca62ec0c56680d44f2ac99a3d549f86e433b51efc9ae0789b12fabee46112f5,eca62ec0c56680d44f2ac99a3d549f86e433b51efc9ae0789b12fabee46112f5,experiments/due-diligence/results/map-20261009-resume
dd-161,305,资本市场,上市-交易所,披露易,https://www.hkexnews.hk/index_c.htm,https://www.hkexnews.hk/index_c.htm,JS_SHELL,静态响应没有足够正文，需要JS渲染或公开数据接口,未取得核验业务数据,,,experiments/due-diligence/results/map-20261009-resume/bodies/d41f69d1e8a67bc7e5df748135e0f1d82dae2929f070edd49e8cb465cd92dc63,d41f69d1e8a67bc7e5df748135e0f1d82dae2929f070edd49e8cb465cd92dc63,experiments/due-diligence/results/map-20261009-resume
dd-162,306,资本市场,上市-交易所,中国台湾证券交易所,https://www.twse.com.tw/zh/,https://www.twse.com.tw/zh/,ACCESSIBLE_HTML,入口文本和链接已提取,仅验证入口解析；业务正文、完整性和时效性未验收；有输入框，主体查询跳过,,entry,experiments/due-diligence/results/map-20261009-resume/bodies/060c460a106ef2ddb28c5daa2d89c7842700e445886d74ea8d75634f64b9d974,060c460a106ef2ddb28c5daa2d89c7842700e445886d74ea8d75634f64b9d974,experiments/due-diligence/results/map-20261009-resume
dd-163,307,资本市场,上市-交易所,北交所,http://www.bse.cn/disclosure/announcement.html,,ROBOTS_UNKNOWN,robots最终HTTP 403，未获得可用规则,未取得核验业务数据,,,,,experiments/due-diligence/results/map-20261009-resume
dd-164,308,资本市场,上市-交易所,EDGAR,https://www.sec.gov/edgar/searchedgar/companysearch.html,,ROBOTS_UNKNOWN,robots最终HTTP 403，未获得可用规则,未取得核验业务数据,,,,,experiments/due-diligence/results/map-20261009
dd-165,309,资本市场,上市-交易所,CompanyFilings,https://www.sec.gov/edgar/searchedgar/companysearch.html,,ROBOTS_UNKNOWN,robots最终HTTP 403，未获得可用规则,未取得核验业务数据,,,,,experiments/due-diligence/results/map-20261009
dd-166,310,资本市场,上市-交易所,新加坡交易所上市公司公告,https://www.sgx.com/zh-hans/securities/company-announcements,https://www.sgx.com/zh-hans/securities/company-announcements,ACCESSIBLE_HTML,入口文本和链接已提取,仅验证入口解析；业务正文、完整性和时效性未验收,,,,8021cd09ebbf1a8606ad112388b26f0f889b14b86db2bd404b1cbd4b058f795e,experiments/due-diligence/results/map-20261009-resume
dd-167,311,资本市场,上市-交易所,TheLondonStockExchange,https://www.londonstockexchange.com/,https://www.londonstockexchange.com/,JS_SHELL,静态响应没有足够正文，需要JS渲染或公开数据接口,未取得核验业务数据,,,experiments/due-diligence/results/map-20261009-resume/bodies/c082660492d1bfb06ac164700d1187ed1d47dc1e940d356ff9f622546ef03d25,c082660492d1bfb06ac164700d1187ed1d47dc1e940d356ff9f622546ef03d25,experiments/due-diligence/results/map-20261009-resume
dd-168,317,资本市场,新三板,挂牌公司公告,http://www.neeq.com.cn/disclosure/overview_information.html,,ROBOTS_UNKNOWN,robots最终HTTP 403，未获得可用规则,未取得核验业务数据,,,,,experiments/due-diligence/results/map-20261009-resume
dd-169,318,资本市场,新三板,两网及退市公司公告,http://www.neeq.com.cn/disclosure/snadc_announcement.html,,ROBOTS_UNKNOWN,robots最终HTTP 403，未获得可用规则,未取得核验业务数据,,,,,experiments/due-diligence/results/map-20261009-resume
dd-170,319,资本市场,新三板,新三板规则,http://www.neeq.com.cn/rule/list.html,,ROBOTS_UNKNOWN,robots最终HTTP 403，未获得可用规则,未取得核验业务数据,,,,,experiments/due-diligence/results/map-20261009-resume
dd-171,320,资本市场,新三板,挂牌审查,http://www.neeq.com.cn/disclosure/listing_review.html,,ROBOTS_UNKNOWN,robots最终HTTP 403，未获得可用规则,未取得核验业务数据,,,,,experiments/due-diligence/results/map-20261009-resume
dd-172,321,资本市场,新三板,定向发行审查,http://www.neeq.com.cn/disclosure/review_open_information/stock_issue_review.html,,ROBOTS_UNKNOWN,robots最终HTTP 403，未获得可用规则,未取得核验业务数据,,,,,experiments/due-diligence/results/map-20261009-resume
dd-173,322,资本市场,新三板,重大资产重组审查,http://www.neeq.com.cn/disclosure/major_asset_restructuring.html,,ROBOTS_UNKNOWN,robots最终HTTP 403，未获得可用规则,未取得核验业务数据,,,,,experiments/due-diligence/results/map-20261009-resume
dd-174,323,资本市场,新三板,全国股转系统监管公告,http://www.neeq.com.cn/disclosure/supervise.html,,ROBOTS_UNKNOWN,robots最终HTTP 403，未获得可用规则,未取得核验业务数据,,,,,experiments/due-diligence/results/map-20261009-resume
dd-175,324,资本市场,新三板,[证监会]非上市公众公司行政许可,http://www.csrc.gov.cn/csrc/c101830/c1021140/content.shtml,,ROBOTS_UNKNOWN,robots最终HTTP 200，未获得可用规则,未取得核验业务数据,,,,,experiments/due-diligence/results/map-20261009-resume
dd-176,325,资本市场,新三板,[证监会]公众公司定向发行批复,http://www.csrc.gov.cn/csrc/c100095/common_list.shtml,,ROBOTS_UNKNOWN,robots最终HTTP 200，未获得可用规则,未取得核验业务数据,,,,,experiments/due-diligence/results/map-20261009-resume
dd-177,331,资本市场,债券,中国债券信息网,http://www.chinabond.com.cn/,https://www.chinabond.com.cn/,ACCESSIBLE_HTML,入口文本和链接已提取,仅验证入口解析；业务正文、完整性和时效性未验收；有输入框，主体查询跳过,,entry,experiments/due-diligence/results/map-20261009-resume/bodies/ca4c53f8efedc6a5688c1514e9d78dd589f9e336ef1ad2c38c11b10d704ab96d,ca4c53f8efedc6a5688c1514e9d78dd589f9e336ef1ad2c38c11b10d704ab96d,experiments/due-diligence/results/map-20261009-resume
dd-178,332,资本市场,债券,中国银行间市场交易商协会,http://nafmii.org.cn/,https://www.nafmii.org.cn/,ACCESSIBLE_HTML,入口文本和链接已提取,仅验证入口解析；业务正文、完整性和时效性未验收；有输入框，主体查询跳过,,,,eb99a031e5829b8d84cc5b5260e2e1f1ad6ebbb92790aee2e1526e9bf39238e0,experiments/due-diligence/results/map-20261009-resume
dd-179,333,资本市场,债券,全国银行间同业拆借中心,http://www.chinamoney.com.cn/chinese/zqfx/,https://www.chinamoney.com.cn/chinese/zqfx/,ACCESSIBLE_HTML,入口文本和链接已提取,仅验证入口解析；业务正文、完整性和时效性未验收,,entry,experiments/due-diligence/results/map-20261009-resume/bodies/f1fec678142f9a361cee3381b91ca6ae1e6a5a3d695c453b5dc69d89ad413e2c,f1fec678142f9a361cee3381b91ca6ae1e6a5a3d695c453b5dc69d89ad413e2c,experiments/due-diligence/results/map-20261009-resume
dd-180,334,资本市场,债券,上交所债券,http://www.sse.com.cn/disclosure/bond/announcement/bookentry/,http://www.sse.com.cn/disclosure/bond/announcement/bookentry/,ACCESSIBLE_HTML,入口文本和链接已提取,仅验证入口解析；业务正文、完整性和时效性未验收,,entry,experiments/due-diligence/results/map-20261009-resume/bodies/e48342b95c9aa54729efc4089324e5cba6d9916dea566a76213994c488327fc2,e48342b95c9aa54729efc4089324e5cba6d9916dea566a76213994c488327fc2,experiments/due-diligence/results/map-20261009-resume
dd-181,335,资本市场,债券,深交所债券,http://www.szse.cn/disclosure/bond/notice/index.html,,ROBOTS_UNKNOWN,robots请求失败：DownloadFailedError,未取得核验业务数据,,,,,experiments/due-diligence/results/map-20261009
dd-182,336,资本市场,债券,巨潮债券,http://www.cninfo.com.cn/new/commonUrl?url=disclosure%2Flist%2Fnotice,http://www.cninfo.com.cn/new/commonUrl?url=disclosure%2Flist%2Fnotice,ACCESSIBLE_HTML,入口文本和链接已提取,仅验证入口解析；业务正文、完整性和时效性未验收,,entry,experiments/due-diligence/results/map-20261009-resume/bodies/4954fdff8744d6b02688bf5b38972ebfddb6b484556a5d22c1eed078ac16f9cf,4954fdff8744d6b02688bf5b38972ebfddb6b484556a5d22c1eed078ac16f9cf,experiments/due-diligence/results/map-20261009-resume
dd-183,337,资本市场,债券,地方债管理,http://yss.mof.gov.cn/zhuantilanmu/dfzgl/,,ROBOTS_UNKNOWN,robots最终HTTP 200，未获得可用规则,未取得核验业务数据,,,,,experiments/due-diligence/results/map-20261009-resume
dd-184,338,资本市场,债券,中国地方政府债券信息公开平台,http://www.celma.org.cn/,https://www.celma.org.cn/,JS_SHELL,静态响应没有足够正文，需要JS渲染或公开数据接口,未取得核验业务数据,,,experiments/due-diligence/results/map-20261009-resume/bodies/97ed37e202acc41dc87cd854dfdc80be8f4eb79d44660caec78b9561e72c3e13,97ed37e202acc41dc87cd854dfdc80be8f4eb79d44660caec78b9561e72c3e13,experiments/due-diligence/results/map-20261009-resume
dd-185,339,资本市场,债券,债券监管司公开发行公司债券反馈意见,http://www.csrc.gov.cn/csrc/c106307/c1045428/content.shtml,,ROBOTS_UNKNOWN,robots最终HTTP 200，未获得可用规则,未取得核验业务数据,,,,,experiments/due-diligence/results/map-20261009-resume
dd-186,345,资本市场,区域性股权市场,[证监会]区域性股权市场,http://www.csrc.gov.cn/pub/newsite/djffzqqhhdj/qyxgqzrsc/,,ROBOTS_UNKNOWN,robots最终HTTP 200，未获得可用规则,未取得核验业务数据,,,,,experiments/due-diligence/results/map-20261009-resume
dd-187,346,资本市场,区域性股权市场,北京区域性股权市场,https://www.bjotc.cn/,https://www.bjotc.cn/,EMPTY,响应正文不足40字符，未确认为有效内容,未取得核验业务数据,,,,e3b0c44298fc1c149afbf4c8996fb92427ae41e4649b934ca495991b7852b855,experiments/due-diligence/results/map-20261009-resume
dd-188,347,资本市场,区域性股权市场,上海股权托管交易中心,https://www.china-see.com/index.do,https://www.china-see.com/index.do,ACCESSIBLE_HTML,入口文本和链接已提取,仅验证入口解析；业务正文、完整性和时效性未验收；有输入框，主体查询跳过,,entry,experiments/due-diligence/results/map-20261009-resume/bodies/f24c0d6f5741cdb508c2b34eb0d15610ec1dd1ccff6f416990c679e3b8079ef7,f24c0d6f5741cdb508c2b34eb0d15610ec1dd1ccff6f416990c679e3b8079ef7,experiments/due-diligence/results/map-20261009-resume
dd-189,348,资本市场,区域性股权市场,中原股权交易中心,https://www.ccotc.cn/,,ROBOTS_UNKNOWN,robots最终HTTP 200，未获得可用规则,未取得核验业务数据,,,,,experiments/due-diligence/results/map-20261009
dd-190,349,资本市场,区域性股权市场,辽宁股权交易中心,http://service.lneec.com/,https://www.lneec.com/,ACCESSIBLE_HTML,入口文本和链接已提取,仅验证入口解析；业务正文、完整性和时效性未验收；有输入框，主体查询跳过,,entry,experiments/due-diligence/results/map-20261009-resume/bodies/facde28b62e6dde528793300d8152a2aa4e93d33751ade6a6bb2d7ae8f0dd076,facde28b62e6dde528793300d8152a2aa4e93d33751ade6a6bb2d7ae8f0dd076,experiments/due-diligence/results/map-20261009-resume
dd-191,350,资本市场,区域性股权市场,山西股权交易中心,https://www.sxgq.net/m/index.html,,ROBOTS_UNKNOWN,robots最终HTTP 200，未获得可用规则,未取得核验业务数据,,,,,experiments/due-diligence/results/map-20261009
dd-192,351,资本市场,区域性股权市场,陕西股权交易中心,http://www.sxeec.com/,http://www.sxeec.com/,SKIP_INPUT,需提供查询条件，本轮未输入,未取得核验业务数据,,,experiments/due-diligence/results/map-20261009-resume/bodies/eef5eada96b3db7ef28425f6f2e0bb7b80b00e2d6bd8c78f62c78cc41c2013b8,eef5eada96b3db7ef28425f6f2e0bb7b80b00e2d6bd8c78f62c78cc41c2013b8,experiments/due-diligence/results/map-20261009-resume
dd-193,352,资本市场,区域性股权市场,青海股权交易中心,http://www.qheec.com/,,ROBOTS_UNKNOWN,robots请求失败：DownloadFailedError,未取得核验业务数据,,,,,experiments/due-diligence/results/map-20261009
dd-194,353,资本市场,区域性股权市场,甘肃股权交易中心,http://www.gsotc.com.cn/,,ROBOTS_UNKNOWN,robots请求失败：DownloadFailedError → ResponseNeverReceived,未取得核验业务数据,,,,,experiments/due-diligence/results/map-20261009-resume
dd-195,354,资本市场,区域性股权市场,新疆股权交易中心,http://www.casdaq.com.cn/,,ROBOTS_UNKNOWN,robots最终HTTP 200，未获得可用规则,未取得核验业务数据,,,,,experiments/due-diligence/results/map-20261009-resume
dd-196,355,资本市场,区域性股权市场,江苏股权交易中心,http://www.jseec.cn/,,ROBOTS_UNKNOWN,robots请求失败：DownloadFailedError → ResponseNeverReceived,未取得核验业务数据,,,,,experiments/due-diligence/results/map-20261009-resume
dd-197,361,资本市场,国有产权交易所,全国产权行业信息化综合服务平台,https://www.cspea.com.cn/,https://www.cspea.com.cn/,ACCESSIBLE_HTML,入口文本和链接已提取,仅验证入口解析；业务正文、完整性和时效性未验收；有输入框，主体查询跳过,,entry,experiments/due-diligence/results/map-20261009-resume/bodies/c4701f79dc3e49e7999975f0d5f9d46f5a6691a2aa474b0be709eda55fe4ae90,c4701f79dc3e49e7999975f0d5f9d46f5a6691a2aa474b0be709eda55fe4ae90,experiments/due-diligence/results/map-20261009-resume
dd-198,362,资本市场,国有产权交易所,中国企业国有产权交易机构协会,http://www.cspea.org.cn/,http://www.cspea.org.cn/,ACCESSIBLE_HTML,入口文本和链接已提取,仅验证入口解析；业务正文、完整性和时效性未验收；有输入框，主体查询跳过,,entry,experiments/due-diligence/results/map-20261009-resume/bodies/a7d8b71d82acfd40e2beaacd69678c47ae3a898b75124d43421c19e35ac9667c,a7d8b71d82acfd40e2beaacd69678c47ae3a898b75124d43421c19e35ac9667c,experiments/due-diligence/results/map-20261009-resume
dd-199,363,资本市场,国有产权交易所,北京产权交易所,https://www.cbex.com.cn/,,ROBOTS_UNKNOWN,robots最终HTTP 521，未获得可用规则,未取得核验业务数据,,,,,experiments/due-diligence/results/map-20261009
dd-200,364,资本市场,国有产权交易所,北京金融资产交易所,https://www.cfae.cn/index/index.html,,ROBOTS_UNKNOWN,robots最终HTTP 200，未获得可用规则,未取得核验业务数据,,,,,experiments/due-diligence/results/map-20261009-resume
dd-201,365,资本市场,国有产权交易所,天津产权交易中心,https://www.tpre.cn/,https://www.tpre.cn/,ACCESSIBLE_HTML,入口文本和链接已提取,仅验证入口解析；业务正文、完整性和时效性未验收；有输入框，主体查询跳过,,entry,experiments/due-diligence/results/map-20261009-resume/bodies/83084e074a4ce251692043e93c23bdff2040b406d8f1a8fc8fc520c838321644,83084e074a4ce251692043e93c23bdff2040b406d8f1a8fc8fc520c838321644,experiments/due-diligence/results/map-20261009-resume
dd-202,366,资本市场,国有产权交易所,天津农村产权交易所,http://www.tjnjs.com/,,ROBOTS_UNKNOWN,robots最终HTTP 200，未获得可用规则,未取得核验业务数据,,,,,experiments/due-diligence/results/map-20261009-resume
dd-203,367,资本市场,国有产权交易所,河北产权市场,http://www.hebaee.cn/,https://www.hebaee.cn:443/,JS_SHELL,静态响应没有足够正文，需要JS渲染或公开数据接口,未取得核验业务数据,,,experiments/due-diligence/results/map-20261009-resume/bodies/18c1765ac7fe3a5155aba8f85347a84b68d492e2e31694661eb4b17c5a924856,18c1765ac7fe3a5155aba8f85347a84b68d492e2e31694661eb4b17c5a924856,experiments/due-diligence/results/map-20261009-resume
dd-204,368,资本市场,国有产权交易所,上海联合产权交易所,https://www.suaee.com/,https://www.suaee.com/,JS_SHELL,静态响应没有足够正文，需要JS渲染或公开数据接口,未取得核验业务数据,,,experiments/due-diligence/results/map-20261009-resume/bodies/98e7fc9adb006dbe23fdef91e53493991d3d0c9366762cb7bc2c63633fcd1efe,98e7fc9adb006dbe23fdef91e53493991d3d0c9366762cb7bc2c63633fcd1efe,experiments/due-diligence/results/map-20261009-resume
dd-205,369,资本市场,国有产权交易所,杭州产权交易所,http://www.hzaee.com/,,ROBOTS_UNKNOWN,robots最终HTTP 200，未获得可用规则,未取得核验业务数据,,,,,experiments/due-diligence/results/map-20261009-resume
dd-206,370,资本市场,国有产权交易所,宁波产权交易中心,http://www.nbcqjy.org/,https://www.nbcqjy.org:443/nb/index,ACCESSIBLE_HTML,入口文本和链接已提取,仅验证入口解析；业务正文、完整性和时效性未验收；有输入框，主体查询跳过,,entry,experiments/due-diligence/results/map-20261009-resume/bodies/536f046119e6229f3484aa6831b087abd253c50095b2becd855f65605cb4d051,536f046119e6229f3484aa6831b087abd253c50095b2becd855f65605cb4d051,experiments/due-diligence/results/map-20261009-resume
dd-207,371,资本市场,国有产权交易所,南方联合产权交易中心,https://www.csuaee.com.cn/,https://www.csuaee.com.cn/,JS_SHELL,静态响应没有足够正文，需要JS渲染或公开数据接口,未取得核验业务数据,,,experiments/due-diligence/results/map-20261009-resume/bodies/f523f4f831b78b4a676a80826e189411d129e6a3f763830d9dd339b9d75428fa,f523f4f831b78b4a676a80826e189411d129e6a3f763830d9dd339b9d75428fa,experiments/due-diligence/results/map-20261009-resume
dd-208,372,资本市场,国有产权交易所,广东联合产权交易中心,https://www.gduaee.com/,https://www.gduaee.com/,ACCESSIBLE_HTML,入口文本和链接已提取,仅验证入口解析；业务正文、完整性和时效性未验收；有输入框，主体查询跳过,,entry,experiments/due-diligence/results/map-20261009-resume/bodies/d08f33b25962ade3eee344e259126d1e2496077e95b39c298b1fcde852cf20d4,d08f33b25962ade3eee344e259126d1e2496077e95b39c298b1fcde852cf20d4,experiments/due-diligence/results/map-20261009-resume
dd-209,373,资本市场,国有产权交易所,广州产权交易所,http://gz.gemas.com.cn/,http://gz.gemas.com.cn/,ACCESSIBLE_HTML,入口文本和链接已提取,仅验证入口解析；业务正文、完整性和时效性未验收；有输入框，主体查询跳过,,entry,experiments/due-diligence/results/map-20261009-resume/bodies/f03e792617a7a6fa5439dc05c029a6892542727d4b79a3663e8e0c13e8300917,f03e792617a7a6fa5439dc05c029a6892542727d4b79a3663e8e0c13e8300917,experiments/due-diligence/results/map-20261009-resume
dd-210,374,资本市场,国有产权交易所,深圳联合产权交易所,http://www.sotcbb.com/index.html,https://www.sotcbb.com/index.html,ACCESSIBLE_HTML,入口文本和链接已提取,仅验证入口解析；业务正文、完整性和时效性未验收；有输入框，主体查询跳过,,entry,experiments/due-diligence/results/map-20261009-resume/bodies/c1d54d78633a57e7eaed6f6ecbb1931f9ff7f78e89e2938d594d474b05ddb18d,c1d54d78633a57e7eaed6f6ecbb1931f9ff7f78e89e2938d594d474b05ddb18d,experiments/due-diligence/results/map-20261009-resume
dd-211,375,资本市场,国有产权交易所,珠海产权交易中心,http://www.zhaeec.com/,https://www.zhaeec.com/,ACCESSIBLE_HTML,入口文本和链接已提取,仅验证入口解析；业务正文、完整性和时效性未验收；有输入框，主体查询跳过,,,,03a989f77be63e570aabc986277acdd5a6770c737a21ec46a5db07356226c8a3,experiments/due-diligence/results/map-20261009-resume
dd-212,376,资本市场,国有产权交易所,佛山南方产权交易所,https://www.fsaee.com/,https://www.fsaee.com/,ACCESSIBLE_HTML,入口文本和链接已提取,仅验证入口解析；业务正文、完整性和时效性未验收；有输入框，主体查询跳过,,entry,experiments/due-diligence/results/map-20261009-resume/bodies/fafcc482337933fc3818d8bce0f3df44745f9e0e178690043b624fb17c7cdb32,fafcc482337933fc3818d8bce0f3df44745f9e0e178690043b624fb17c7cdb32,experiments/due-diligence/results/map-20261009-resume
dd-213,377,资本市场,国有产权交易所,广西联合产权交易所,http://www.gxcq.com.cn/,http://www.gxcq.com.cn/,HTTP_ERROR,HTTP_404,未取得核验业务数据,,,,ce7127c38e30e92a021ed2bd09287713c6a923db9ffdb43f126e8965d777fbf0,experiments/due-diligence/results/map-20261009-resume
dd-214,378,资本市场,国有产权交易所,广西北部湾产权交易所,http://www.bbwcq.com/,,ROBOTS_UNKNOWN,robots请求失败：DownloadFailedError,未取得核验业务数据,,,,,experiments/due-diligence/results/map-20261009
dd-215,379,资本市场,国有产权交易所,福建省产权交易所,https://www.fjcqjy.com/,https://www.fjcqjy.com/,ACCESSIBLE_HTML,入口文本和链接已提取,仅验证入口解析；业务正文、完整性和时效性未验收；有输入框，主体查询跳过,,entry,experiments/due-diligence/results/map-20261009-resume/bodies/67205c2351599b96d5b4fb1ce828ee8eef3d04345532394fc13dfed132dac344,67205c2351599b96d5b4fb1ce828ee8eef3d04345532394fc13dfed132dac344,experiments/due-diligence/results/map-20261009-resume
dd-216,380,资本市场,国有产权交易所,厦门产权交易中心,http://www.xemas.com.cn/index.html,https://www.xemas.com.cn/index.html,ROBOTS_UNKNOWN,robots返回HTML，被首版误认规则后曾请求内容；离线纠正为规则未知，排除golden,未取得核验业务数据,,,experiments/due-diligence/results/map-20261009-resume/bodies/08992c524d31e4e4d4109c2e0016e2edbcb477977946c37d42e4687ea5e75073,08992c524d31e4e4d4109c2e0016e2edbcb477977946c37d42e4687ea5e75073,experiments/due-diligence/results/map-20261009-resume
dd-217,381,资本市场,国有产权交易所,泉州市产权交易中心,http://www.qzcq0595.com/,https://www.qzcq0595.com/qzcq/index,ACCESSIBLE_HTML,入口文本和链接已提取,仅验证入口解析；业务正文、完整性和时效性未验收；有输入框，主体查询跳过,,entry,experiments/due-diligence/results/map-20261009-resume/bodies/6579dea88e7687f0916d33deee0dbfc0b7c91fde2891d7865430a5171edea218,6579dea88e7687f0916d33deee0dbfc0b7c91fde2891d7865430a5171edea218,experiments/due-diligence/results/map-20261009-resume
dd-218,382,资本市场,国有产权交易所,江苏产权交易所,http://www.jscq.com.cn/,,ROBOTS_UNKNOWN,robots最终HTTP 412，未获得可用规则,未取得核验业务数据,,,,,experiments/due-diligence/results/map-20261009-resume
dd-219,383,资本市场,国有产权交易所,无锡产权交易所,https://www.wxcq.com.cn/wuxicq/,https://www.wxcq.com.cn/wuxicq/,ACCESSIBLE_HTML,入口文本和链接已提取,仅验证入口解析；业务正文、完整性和时效性未验收；有输入框，主体查询跳过,,entry,experiments/due-diligence/results/map-20261009-resume/bodies/093c6e63eacc714613d4ca52967435c9741657155ea5bdc84a6ab99998dea80e,093c6e63eacc714613d4ca52967435c9741657155ea5bdc84a6ab99998dea80e,experiments/due-diligence/results/map-20261009-resume
dd-220,384,资本市场,国有产权交易所,常州产权交易所,http://www.czcq.com.cn/,,ROBOTS_UNKNOWN,robots请求失败：DownloadTimeoutError,未取得核验业务数据,,,,,experiments/due-diligence/results/map-20261009
dd-221,385,资本市场,国有产权交易所,西南联合产权交易所,https://www.swuee.com/,https://www.swuee.com/,JS_SHELL,静态响应没有足够正文，需要JS渲染或公开数据接口,未取得核验业务数据,,,experiments/due-diligence/results/map-20261009-resume/bodies/da8d894b4c48bf73442564951e44893e6f96b97439056ee7cbc1fcd920f8a00d,da8d894b4c48bf73442564951e44893e6f96b97439056ee7cbc1fcd920f8a00d,experiments/due-diligence/results/map-20261009-resume
dd-222,386,资本市场,国有产权交易所,云南产权交易所,http://www.cynee.net/,http://www.cynee.net/,ACCESSIBLE_HTML,入口文本和链接已提取,仅验证入口解析；业务正文、完整性和时效性未验收；有输入框，主体查询跳过,,entry,experiments/due-diligence/results/map-20261009-resume/bodies/e5f7724d22988fef2e20ac785274993544dc08171be97b572a7c19509e1e95ad,e5f7724d22988fef2e20ac785274993544dc08171be97b572a7c19509e1e95ad,experiments/due-diligence/results/map-20261009-resume
dd-223,387,资本市场,国有产权交易所,贵州阳光产权交易所,http://www.prechina.net/,https://www.prechina.net/,ACCESSIBLE_HTML,入口文本和链接已提取,仅验证入口解析；业务正文、完整性和时效性未验收；有输入框，主体查询跳过,,entry,experiments/due-diligence/results/map-20261009-resume/bodies/03caf6eb200f5dd8f71854a7ca25e1495ff58d14c84b4d62421d3f8020bf5948,03caf6eb200f5dd8f71854a7ca25e1495ff58d14c84b4d62421d3f8020bf5948,experiments/due-diligence/results/map-20261009-resume
dd-224,388,资本市场,国有产权交易所,甘肃省产权交易所,http://www.gscq.com.cn/,https://www.gscq.com.cn/,HTTP_ERROR,HTTP_403,未取得核验业务数据,,,,82c0f1d4d746dd376c3968a4040767f9b403c94ba8b3c14568eb946daf0876cc,experiments/due-diligence/results/map-20261009-resume
dd-225,389,资本市场,国有产权交易所,江西省产权交易所,https://jxcq.jxggzyjy.cn/,https://jxcq.jxggzyjy.cn/,ACCESSIBLE_HTML,入口文本和链接已提取,仅验证入口解析；业务正文、完整性和时效性未验收；有输入框，主体查询跳过,,entry,experiments/due-diligence/results/map-20261009-resume/bodies/b65105039fdc0e3752f7cadb6b07c42050c834b6c2a70bd5308b044ccdaefef9,b65105039fdc0e3752f7cadb6b07c42050c834b6c2a70bd5308b044ccdaefef9,experiments/due-diligence/results/map-20261009-resume
dd-226,390,资本市场,国有产权交易所,湖南联合产权交易所,http://www.hnaee.com/hnaee/index.htm,https://www.hnaee.com/hnaee/index.htm,SKIP_INPUT,登录需要身份信息,未取得核验业务数据,,,experiments/due-diligence/results/map-20261009-resume/bodies/b707540b63af9e3cc585e58eeea78ac955d14a769019fb543d46edaf513fbfac,b707540b63af9e3cc585e58eeea78ac955d14a769019fb543d46edaf513fbfac,experiments/due-diligence/results/map-20261009-resume
dd-227,391,资本市场,国有产权交易所,长沙联合产权交易所,https://www.cscqjy.com.cn/,https://www.cscqjy.com.cn/,ACCESSIBLE_HTML,入口文本和链接已提取,仅验证入口解析；业务正文、完整性和时效性未验收；有输入框，主体查询跳过,,entry,experiments/due-diligence/results/map-20261009-resume/bodies/2ca574bc53c08c5a2bada9b6113fada245739da3874213b5d5c99463bce3d129,2ca574bc53c08c5a2bada9b6113fada245739da3874213b5d5c99463bce3d129,experiments/due-diligence/results/map-20261009-resume
dd-228,392,资本市场,国有产权交易所,重庆产权交易网,https://cquae.cqggzy.com/,,ROBOTS_UNKNOWN,robots最终HTTP 521，未获得可用规则,未取得核验业务数据,,,,,experiments/due-diligence/results/map-20261009-resume
dd-229,393,资本市场,国有产权交易所,黑龙江联合产权交易所,http://www.hljcqjy.com/,https://www.hljcqjy.com/,ACCESSIBLE_HTML,入口文本和链接已提取,仅验证入口解析；业务正文、完整性和时效性未验收；有输入框，主体查询跳过,,entry,experiments/due-diligence/results/map-20261009-resume/bodies/cf532d9e47b570ffd9db5bad2a2e2ed88558e2e28889d1a155cf8cefc59c3605,cf532d9e47b570ffd9db5bad2a2e2ed88558e2e28889d1a155cf8cefc59c3605,experiments/due-diligence/results/map-20261009-resume
dd-230,394,资本市场,国有产权交易所,河南中原产权交易有限公司,http://www.zycqjy.com/,http://www.zycqjy.com/hn/index,ACCESSIBLE_HTML,入口文本和链接已提取,仅验证入口解析；业务正文、完整性和时效性未验收；有输入框，主体查询跳过,,entry,experiments/due-diligence/results/map-20261009-resume/bodies/a582345f05438321a055f085bb81df835af95d1563781872b4b746373120ca68,a582345f05438321a055f085bb81df835af95d1563781872b4b746373120ca68,experiments/due-diligence/results/map-20261009-resume
dd-231,395,资本市场,国有产权交易所,郑州市公共资源交易中心,https://zzggzy.zhengzhou.gov.cn/,,ROBOTS_UNKNOWN,robots请求失败：CannotResolveHostError,未取得核验业务数据,,,,,experiments/due-diligence/results/map-20261009
dd-232,396,资本市场,国有产权交易所,安徽产权交易中心,http://www.aaee.com.cn/,https://www.aaee.com.cn/,JS_SHELL,静态响应没有足够正文，需要JS渲染或公开数据接口,未取得核验业务数据,,,experiments/due-diligence/results/map-20261009-resume/bodies/a6c9e60af40df079d71b7afd752979945bcd469a13c517eae59590cb44a3fd68,a6c9e60af40df079d71b7afd752979945bcd469a13c517eae59590cb44a3fd68,experiments/due-diligence/results/map-20261009-resume
dd-233,397,资本市场,国有产权交易所,安徽省农村综合产权交易网,http://www.ahaee.com/,https://www.ahaee.com/,ACCESSIBLE_HTML,入口文本和链接已提取,仅验证入口解析；业务正文、完整性和时效性未验收；有输入框，主体查询跳过,,entry,experiments/due-diligence/results/map-20261009-resume/bodies/205ad8c44041eb8d37216be3054e7cf8dd5846d7ee2ebb92a3fc7245c6c27e9e,205ad8c44041eb8d37216be3054e7cf8dd5846d7ee2ebb92a3fc7245c6c27e9e,experiments/due-diligence/results/map-20261009-resume
dd-234,398,资本市场,国有产权交易所,安徽长江产权交易所,http://www.ccjex.com/,,ROBOTS_UNKNOWN,robots请求失败：DownloadFailedError,未取得核验业务数据,,,,,experiments/due-diligence/results/map-20261009
dd-235,399,资本市场,国有产权交易所,山东产权交易中心,http://www.sdcqjy.com/,http://www.sdcqjy.com/,ACCESSIBLE_HTML,入口文本和链接已提取,仅验证入口解析；业务正文、完整性和时效性未验收；有输入框，主体查询跳过,,entry,experiments/due-diligence/results/map-20261009-resume/bodies/bf23aa69a92b12966d351a00fb68a6b0df33351ec30eee0b96dfda46942f8a07,bf23aa69a92b12966d351a00fb68a6b0df33351ec30eee0b96dfda46942f8a07,experiments/due-diligence/results/map-20261009-resume
dd-236,400,资本市场,国有产权交易所,青岛产权交易所,http://www.qdcq.net/,https://www.qdcq.net:443/qd/index,ACCESSIBLE_HTML,入口文本和链接已提取,仅验证入口解析；业务正文、完整性和时效性未验收；有输入框，主体查询跳过,,entry,experiments/due-diligence/results/map-20261009-resume/bodies/e18ea1f8506e02a3d0b4f01ab13890b877a657b2a8880f2d5e6bc6eda640cf2c,e18ea1f8506e02a3d0b4f01ab13890b877a657b2a8880f2d5e6bc6eda640cf2c,experiments/due-diligence/results/map-20261009-resume
dd-237,401,资本市场,国有产权交易所,烟台联合产权交易中心,http://www.ytcq.com/,http://www.ytcq.com/,ACCESSIBLE_HTML,入口文本和链接已提取,仅验证入口解析；业务正文、完整性和时效性未验收；有输入框，主体查询跳过,,entry,experiments/due-diligence/results/map-20261009-resume/bodies/6cdd380bb1dc468b843331de1141b07054a68c238a1294ca519a784ec2fd4434,6cdd380bb1dc468b843331de1141b07054a68c238a1294ca519a784ec2fd4434,experiments/due-diligence/results/map-20261009-resume
dd-238,402,资本市场,国有产权交易所,潍坊产权交易中心,http://www.wfcqjy.com/,,ROBOTS_UNKNOWN,robots最终HTTP 200，未获得可用规则,未取得核验业务数据,,,,,experiments/due-diligence/results/map-20261009
dd-239,403,资本市场,国有产权交易所,山西省产权交易市场,https://www.sxcqjy.cn/,https://www.sxcqjy.cn/,JS_SHELL,静态响应没有足够正文，需要JS渲染或公开数据接口,未取得核验业务数据,,,experiments/due-diligence/results/map-20261009-resume/bodies/3c1ede8a69df810589c58cfa1967ab7590bc207ca4b216efed847834eff0012c,3c1ede8a69df810589c58cfa1967ab7590bc207ca4b216efed847834eff0012c,experiments/due-diligence/results/map-20261009-resume
dd-240,404,资本市场,国有产权交易所,长治产权交易市场,http://www.czscq.com/,http://www.czscq.com/,EMPTY,响应正文不足40字符，未确认为有效内容,未取得核验业务数据,,,,e3b0c44298fc1c149afbf4c8996fb92427ae41e4649b934ca495991b7852b855,experiments/due-diligence/results/map-20261009-resume
dd-241,405,资本市场,国有产权交易所,哈尔滨产权交易中心,https://hrbggzy.harbin.gov.cn/,https://hrbggzy.harbin.gov.cn/,ACCESSIBLE_HTML,入口文本和链接已提取,仅验证入口解析；业务正文、完整性和时效性未验收；有输入框，主体查询跳过,,entry,experiments/due-diligence/results/map-20261009-resume/bodies/c6f3bc8d2efc81cd674ab066e6c4daf31e879a7920c20a81160616519d60b938,c6f3bc8d2efc81cd674ab066e6c4daf31e879a7920c20a81160616519d60b938,experiments/due-diligence/results/map-20261009-resume
dd-242,406,资本市场,国有产权交易所,宁夏科技资源与产权交易所,https://www.ntree.com.cn/,https://www.ntree.com.cn/,ACCESSIBLE_HTML,入口文本和链接已提取,仅验证入口解析；业务正文、完整性和时效性未验收；有输入框，主体查询跳过,,entry,experiments/due-diligence/results/map-20261009-resume/bodies/e5c4b7609f62c4cadb4ae2e9173e88e532f951f1fe4ea47ad7a540afe94e4eef,e5c4b7609f62c4cadb4ae2e9173e88e532f951f1fe4ea47ad7a540afe94e4eef,experiments/due-diligence/results/map-20261009-resume
dd-243,407,资本市场,国有产权交易所,新疆产权交易市场,http://www.xjcq.net.cn/,http://www.xjcq.net.cn/,EMPTY,响应正文不足40字符，未确认为有效内容,未取得核验业务数据,,,,5b876e8b59c58eb11341b321f8862a1a3e0dd0fc58eaf30adf53bf5bdeed06b2,experiments/due-diligence/results/map-20261009-resume
dd-244,408,资本市场,国有产权交易所,海南产权交易所,http://www.hncq.cn/,https://www.hncq.cn/,ACCESSIBLE_HTML,入口文本和链接已提取,仅验证入口解析；业务正文、完整性和时效性未验收,,entry,experiments/due-diligence/results/map-20261009-resume/bodies/76d022cc43858f42485fd530f8c0c3748b6e6e3736cb776d0def2efc1af2bf07,76d022cc43858f42485fd530f8c0c3748b6e6e3736cb776d0def2efc1af2bf07,experiments/due-diligence/results/map-20261009-resume
dd-245,414,资本市场,基金,证券投资基金业协会信息公示系统,http://gs.amac.org.cn/,https://gs.amac.org.cn/,ACCESSIBLE_HTML,入口文本和链接已提取,仅验证入口解析；业务正文、完整性和时效性未验收,,entry,experiments/due-diligence/results/map-20261009-resume/bodies/f50c3d0b9a9c72528e008128f4c71996b4a41238ebb283b7b2fe33f122f936d7,f50c3d0b9a9c72528e008128f4c71996b4a41238ebb283b7b2fe33f122f936d7,experiments/due-diligence/results/map-20261009-resume
dd-246,415,资本市场,基金,中国证券投资基金业协会,https://www.amac.org.cn/,https://www.amac.org.cn/,ACCESSIBLE_HTML,入口文本和链接已提取,仅验证入口解析；业务正文、完整性和时效性未验收；有输入框，主体查询跳过,,entry,experiments/due-diligence/results/map-20261009-resume/bodies/104b4c82e5c13351a361f209401b54ae8db3a5ebaa729d87d68e3017a1479272,104b4c82e5c13351a361f209401b54ae8db3a5ebaa729d87d68e3017a1479272,experiments/due-diligence/results/map-20261009-resume
dd-247,416,资本市场,基金,公募基金管理人,https://www.amac.org.cn/fwdt/wyc/jgcprycx/jgcx/gmjjglrml/,https://www.amac.org.cn/fwdt/wyc/jgcprycx/jgcx/gmjjglrml/,ACCESSIBLE_HTML,入口文本和链接已提取,仅验证入口解析；业务正文、完整性和时效性未验收；有输入框，主体查询跳过,名录 HTML 仅栏目框架，表格暂无数据；内嵌脚本通过 findMutualFundHousePage GET 分页加载，未验证该 API。,entry,experiments/due-diligence/results/map-20261009-resume/bodies/256331c335f56fa1c1dd4fa22bf5fe7c8b34224d70e17af7a8bdfc166b4b2246,256331c335f56fa1c1dd4fa22bf5fe7c8b34224d70e17af7a8bdfc166b4b2246,experiments/due-diligence/results/map-20261009-resume
dd-248,417,资本市场,基金,公募基金销售机构,https://www.amac.org.cn/fwdt/wyc/jgcprycx/jgcx/gmjjxsjggs/,https://www.amac.org.cn/fwdt/wyc/jgcprycx/jgcx/gmjjxsjggs/,ACCESSIBLE_HTML,入口文本和链接已提取,仅验证入口解析；业务正文、完整性和时效性未验收；有输入框，主体查询跳过,名录 HTML 仅栏目框架，表格暂无数据；内嵌脚本通过 findFsAgencyAnnos GET 分页加载，未验证该 API。,entry,experiments/due-diligence/results/map-20261009-resume/bodies/f0d3156b348cd88ed7ce9d4f374d412e4bcdef48442a125591abf32c85377da0,f0d3156b348cd88ed7ce9d4f374d412e4bcdef48442a125591abf32c85377da0,experiments/due-diligence/results/map-20261009-resume
dd-249,418,资本市场,基金,私募基金管理人,http://gs.amac.org.cn/amac-infodisc/res/pof/manager/index.html,,ROBOTS_DENIED,ROBOTS_DISALLOW,未取得核验业务数据,,,,,experiments/due-diligence/results/map-20261009-resume
dd-250,419,资本市场,基金,基金托管机构,https://www.amac.org.cn/fwdt/wyc/jgcprycx/jgcx/jjtgrjjgs/,https://www.amac.org.cn/fwdt/wyc/jgcprycx/jgcx/jjtgrjjgs/,ACCESSIBLE_HTML,入口文本和链接已提取,仅验证入口解析；业务正文、完整性和时效性未验收；有输入框，主体查询跳过,名录 HTML 仅栏目框架，表格暂无数据；内嵌脚本通过 findFundTrusteesPage GET 分页加载，未验证该 API。,entry,experiments/due-diligence/results/map-20261009-resume/bodies/5bd3a97b589e21ad7ee492dbeaf635b1baf2f2685d184674967f20c8abedd222,5bd3a97b589e21ad7ee492dbeaf635b1baf2f2685d184674967f20c8abedd222,experiments/due-diligence/results/map-20261009-resume
dd-251,420,资本市场,基金,私募基金,http://gs.amac.org.cn/amac-infodisc/res/pof/fund/index.html,,ROBOTS_DENIED,ROBOTS_DISALLOW,未取得核验业务数据,,,,,experiments/due-diligence/results/map-20261009-resume
dd-252,421,资本市场,基金,证券公司直投基金,http://gs.amac.org.cn/amac-infodisc/res/aoin/product/index.html,,ROBOTS_DENIED,ROBOTS_DISALLOW,未取得核验业务数据,,,,,experiments/due-diligence/results/map-20261009-resume
dd-253,422,资本市场,基金,证券公司私募投资基金,http://gs.amac.org.cn/amac-infodisc/res/pof/subfund/index.html,,ROBOTS_DENIED,ROBOTS_DISALLOW,未取得核验业务数据,,,,,experiments/due-diligence/results/map-20261009-resume
dd-254,423,资本市场,基金,基金公司及子公司集合资管,http://gs.amac.org.cn/amac-infodisc/res/fund/account/index.html,,ROBOTS_DENIED,ROBOTS_DISALLOW,未取得核验业务数据,,,,,experiments/due-diligence/results/map-20261009-resume
dd-255,424,资本市场,基金,基金从业人员,https://gs.amac.org.cn/amac-infodisc/res/pof/person/personOrgList.html,,ROBOTS_DENIED,ROBOTS_DISALLOW,未取得核验业务数据,,,,,experiments/due-diligence/results/map-20261009-resume
dd-256,432,税务事项,主体及信用查询,纳税人信息查询,https://12366.chinatax.gov.cn/sscx/taxpayer/main,https://12366.chinatax.gov.cn/sscx/taxpayer/main,ACCESSIBLE_HTML,入口文本和链接已提取,仅验证入口解析；业务正文、完整性和时效性未验收,,entry,experiments/due-diligence/results/map-20261009-resume/bodies/a07a3215984d57d04831c0e28613e729b517bcd553d8f677093f4ce054fc8ac2,a07a3215984d57d04831c0e28613e729b517bcd553d8f677093f4ce054fc8ac2,experiments/due-diligence/results/map-20261009-resume
dd-257,433,税务事项,主体及信用查询,纳税信用查询,https://www.chinatax.gov.cn/chinatax/n810346/c102299/index.html,https://www.chinatax.gov.cn/chinatax/n810346/c102299/index.html,ACCESSIBLE_HTML,入口文本和链接已提取,仅验证入口解析；业务正文、完整性和时效性未验收；有输入框，主体查询跳过,,entry,experiments/due-diligence/results/map-20261009-resume/bodies/2741afddb84c140fc171606e3810f380b085b1f6ec28a530daaae66a325e86c6,2741afddb84c140fc171606e3810f380b085b1f6ec28a530daaae66a325e86c6,experiments/due-diligence/results/map-20261009-resume
dd-258,434,税务事项,主体及信用查询,纳税信用A级纳税人名单公布栏,https://www.chinatax.gov.cn/chinatax/n810346/c102299/index.html,https://www.chinatax.gov.cn/chinatax/n810346/c102299/index.html,ACCESSIBLE_HTML,入口文本和链接已提取,仅验证入口解析；业务正文、完整性和时效性未验收；有输入框，主体查询跳过,,entry,experiments/due-diligence/results/map-20261009-resume/bodies/2741afddb84c140fc171606e3810f380b085b1f6ec28a530daaae66a325e86c6,2741afddb84c140fc171606e3810f380b085b1f6ec28a530daaae66a325e86c6,experiments/due-diligence/results/map-20261009-resume
dd-259,435,税务事项,主体及信用查询,重大税收违法失信案件信息公布栏,http://www.chinatax.gov.cn/chinatax/c101249/n2020011502/index.html,https://www.chinatax.gov.cn/chinatax/c101249/n2020011502/index.html,ACCESSIBLE_HTML,入口文本和链接已提取,仅验证入口解析；业务正文、完整性和时效性未验收；有输入框，主体查询跳过,,entry,experiments/due-diligence/results/map-20261009-resume/bodies/104e293ea8c18c1afc7ae524f3403021397f59e2ca0293d78c1a51ee6f62b583,104e293ea8c18c1afc7ae524f3403021397f59e2ca0293d78c1a51ee6f62b583,experiments/due-diligence/results/map-20261009-resume
dd-260,441,税务事项,发票查询验证,全国增值税发票查验平台,https://inv-veri.chinatax.gov.cn/index.html,https://inv-veri.chinatax.gov.cn/index.html,SKIP_INPUT,需提供查询条件，本轮未输入,未取得核验业务数据,,,experiments/due-diligence/results/map-20261009-resume/bodies/1b8cd5c8b66ce1ba2fedf380d09810ba7738b68f46089d4f8aa34ac17cbf61e5,1b8cd5c8b66ce1ba2fedf380d09810ba7738b68f46089d4f8aa34ac17cbf61e5,experiments/due-diligence/results/map-20261009-resume
dd-261,442,税务事项,发票查询验证,信天游,http://www.travelsky.com/,,ROBOTS_UNKNOWN,robots请求失败：DownloadFailedError → ResponseNeverReceived,未取得核验业务数据,,,,,experiments/due-diligence/results/map-20261009-resume
dd-262,443,税务事项,发票查询验证,开票信息查询,https://www.qcc.com/,https://www.qcc.com/,ACCESSIBLE_HTML,入口文本和链接已提取,仅验证入口解析；业务正文、完整性和时效性未验收；有输入框，主体查询跳过,,entry,experiments/due-diligence/results/map-20261009-resume/bodies/7eb0ae9a3c02edb0bb3be1764372c33f38ba20b8342d3e714f9bb8bd2d1daf88,7eb0ae9a3c02edb0bb3be1764372c33f38ba20b8342d3e714f9bb8bd2d1daf88,experiments/due-diligence/results/map-20261009-resume
dd-263,449,税务事项,涉税专业服务机构,12366查询,https://12366.chinatax.gov.cn/sszyfw/bulletinBoard/main,https://12366.chinatax.gov.cn/sszyfw/bulletinBoard/main,SKIP_INPUT,需提供查询条件，本轮未输入,未取得核验业务数据,,,experiments/due-diligence/results/map-20261009-resume/bodies/0f583379e72a42712aa11eedc680ad62c953b8f7e8fdc99e2112301ff69ce568,0f583379e72a42712aa11eedc680ad62c953b8f7e8fdc99e2112301ff69ce568,experiments/due-diligence/results/map-20261009-resume
dd-264,450,税务事项,涉税专业服务机构,查询入口2,http://app.gjzwfw.gov.cn/jmopen/webapp/html5/jgcx/index.html,,ROBOTS_UNKNOWN,robots最终HTTP 200，未获得可用规则,未取得核验业务数据,,,,,experiments/due-diligence/results/map-20261009-resume
dd-265,451,税务事项,涉税专业服务机构,中国注册税务师协会,http://www.cctaa.cn/,http://www.cctaa.cn/,ACCESSIBLE_HTML,入口文本和链接已提取,仅验证入口解析；业务正文、完整性和时效性未验收；有输入框，主体查询跳过,,entry,experiments/due-diligence/results/map-20261009-resume/bodies/7860d5dc1dd8c9323fd36b9275409d636b97f75d33771c245314e89e19f9cd19,7860d5dc1dd8c9323fd36b9275409d636b97f75d33771c245314e89e19f9cd19,experiments/due-diligence/results/map-20261009-resume
dd-266,452,税务事项,涉税专业服务机构,税务师事务所查询,http://hy.cctaaedu.cn/hygl/work/hygl/gzcx/swsswsxxcx/index.jsp,http://hy.cctaaedu.cn/hygl/work/hygl/gzcx/swsswsxxcx/index.jsp,ACCESSIBLE_HTML,入口文本和链接已提取,仅验证入口解析；业务正文、完整性和时效性未验收；有输入框，主体查询跳过,,entry,experiments/due-diligence/results/map-20261009-resume/bodies/ebeb4573cb1fda4a6ec2b24562cb88f530d795bae69f9d7e5a79c323014fc3a9,ebeb4573cb1fda4a6ec2b24562cb88f530d795bae69f9d7e5a79c323014fc3a9,experiments/due-diligence/results/map-20261009-resume
dd-267,453,税务事项,涉税专业服务机构,注册税务师查询,http://hy.cctaaedu.cn/hygl/work/hygl/gzcx/zcswsxxcx/index.jsp,http://hy.cctaaedu.cn/hygl/work/hygl/gzcx/zcswsxxcx/index.jsp,ACCESSIBLE_HTML,入口文本和链接已提取,仅验证入口解析；业务正文、完整性和时效性未验收；有输入框，主体查询跳过,,entry,experiments/due-diligence/results/map-20261009-resume/bodies/71e7b0c925b148d13b11b5c7eab404d02de8f37881cc783e32bf4ae2f7908f08,71e7b0c925b148d13b11b5c7eab404d02de8f37881cc783e32bf4ae2f7908f08,experiments/due-diligence/results/map-20261009-resume
dd-268,459,税务事项,涉税行政处罚信息公示平台,北京,http://beijing.chinatax.gov.cn/bjsat/xzzf/xzzf_sj/,http://beijing.chinatax.gov.cn/bjsat/xzzf/xzzf_sj/,HTTP_ERROR,HTTP_412,未取得核验业务数据,,,,5c06c3c2f52283c0e2ee782c004561833e3106f2f5937a4e45d96e4365c1d721,experiments/due-diligence/results/map-20261009-resume
dd-269,460,税务事项,涉税行政处罚信息公示平台,上海,http://shanghai.chinatax.gov.cn/newxbwz/wzcx/QYDA_qyda03_xzcfajxxcx.jsp?swjgDm=13100000000,,ROBOTS_UNKNOWN,robots最终HTTP 403，未获得可用规则,未取得核验业务数据,,,,,experiments/due-diligence/results/map-20261009
dd-270,461,税务事项,涉税行政处罚信息公示平台,浙江,http://zhejiang.chinatax.gov.cn:8080/sword?ctrl=XzzfgsptHomeCtrl_index&yjcd=xzcf&ejcd=xzcf_01,,ROBOTS_UNKNOWN,robots请求失败：DownloadFailedError,未取得核验业务数据,,,,,experiments/due-diligence/results/map-20261009
dd-271,462,税务事项,涉税行政处罚信息公示平台,江苏,https://jiangsu.chinatax.gov.cn/fggspt/main.html,https://jiangsu.chinatax.gov.cn/fggspt/main.html,ACCESSIBLE_HTML,入口文本和链接已提取,仅验证入口解析；业务正文、完整性和时效性未验收,,entry,experiments/due-diligence/results/map-20261009-resume/bodies/82ad1b10a8cae78822205f74443101c13c2a4a00e3e83bd1de36708c7ba1e51a,82ad1b10a8cae78822205f74443101c13c2a4a00e3e83bd1de36708c7ba1e51a,experiments/due-diligence/results/map-20261009-resume
dd-272,463,税务事项,涉税行政处罚信息公示平台,江苏2,https://jiangsu.chinatax.gov.cn/col/col8407/index.html,https://jiangsu.chinatax.gov.cn/col/col8407/index.html,ACCESSIBLE_HTML,入口文本和链接已提取,仅验证入口解析；业务正文、完整性和时效性未验收,,entry,experiments/due-diligence/results/map-20261009-resume/bodies/2bb6d716ca3dfc5df0c10560d43da214175ec963b0816a7ed79408a71e7d7f19,2bb6d716ca3dfc5df0c10560d43da214175ec963b0816a7ed79408a71e7d7f19,experiments/due-diligence/results/map-20261009-resume
dd-273,464,税务事项,涉税行政处罚信息公示平台,山东,http://shandong.chinatax.gov.cn/zfgspt/extranet/index,http://shandong.chinatax.gov.cn/zfgspt/extranet/index,HTTP_ERROR,HTTP_412,未取得核验业务数据,,,,fd37607e0888c18455efbfb46ea77bf5fd2bf49610ad96085e30269bc06ce663,experiments/due-diligence/results/map-20261009-resume
dd-274,465,税务事项,涉税行政处罚信息公示平台,河南,https://henan.chinatax.gov.cn/xxgspt/,https://henan.chinatax.gov.cn/xxgspt/,ACCESSIBLE_HTML,入口文本和链接已提取,仅验证入口解析；业务正文、完整性和时效性未验收,,entry,experiments/due-diligence/results/map-20261009-resume/bodies/42b6f34319fa697b474744a177e1f894e7211b1780e77dac64762d5d3a90e1d1,42b6f34319fa697b474744a177e1f894e7211b1780e77dac64762d5d3a90e1d1,experiments/due-diligence/results/map-20261009-resume
dd-275,466,税务事项,涉税行政处罚信息公示平台,湖北,http://hubei.chinatax.gov.cn/gspt/jingmen/dbq/index.html,,ROBOTS_DENIED,ROBOTS_DISALLOW,未取得核验业务数据,,,,,experiments/due-diligence/results/map-20261009
dd-276,467,税务事项,涉税行政处罚信息公示平台,湖南,http://hunan.chinatax.gov.cn/category/20200325400506,,ROBOTS_UNKNOWN,robots最终HTTP 412，未获得可用规则,未取得核验业务数据,,,,,experiments/due-diligence/results/map-20261009-resume
dd-277,468,税务事项,涉税行政处罚信息公示平台,广东,http://guangdong.chinatax.gov.cn/gdzfgs/zfpt_index.shtml,https://guangdong.chinatax.gov.cn/gdzfgs/zfpt_index.shtml,ACCESSIBLE_HTML,入口文本和链接已提取,仅验证入口解析；业务正文、完整性和时效性未验收,,entry,experiments/due-diligence/results/map-20261009-resume/bodies/6081f55e635ab8efe6282a9ef993a6febcb7ee00571b1f185113b60b5385de07,6081f55e635ab8efe6282a9ef993a6febcb7ee00571b1f185113b60b5385de07,experiments/due-diligence/results/map-20261009-resume
dd-278,469,税务事项,涉税行政处罚信息公示平台,广西,http://113.12.192.120:8208/zfgspt/extranet/xzzs,,ROBOTS_UNKNOWN,robots请求失败：DownloadFailedError,未取得核验业务数据,,,,,experiments/due-diligence/results/map-20261009
dd-279,470,税务事项,涉税行政处罚信息公示平台,四川,https://etax.sichuan.chinatax.gov.cn/zfgspt/extranet/index,,ROBOTS_UNKNOWN,robots最终HTTP 200，未获得可用规则,未取得核验业务数据,,,,,experiments/due-diligence/results/map-20261009
dd-280,471,税务事项,涉税行政处罚信息公示平台,贵州,http://guizhou.chinatax.gov.cn/xzzfxxgspts/gzsswj/,https://guizhou.chinatax.gov.cn/xzzfxxgspts/gzsswj/,ACCESSIBLE_HTML,入口文本和链接已提取,仅验证入口解析；业务正文、完整性和时效性未验收,,entry,experiments/due-diligence/results/map-20261009-resume/bodies/c44d340b77f49575479662842e89c9546021497666ec286026720ba89dc35813,c44d340b77f49575479662842e89c9546021497666ec286026720ba89dc35813,experiments/due-diligence/results/map-20261009-resume
dd-281,472,税务事项,涉税行政处罚信息公示平台,陕西,http://zfgs.shaanxi.chinatax.gov.cn:88/,http://zfgs.shaanxi.chinatax.gov.cn:88/,HTTP_ERROR,HTTP_412,未取得核验业务数据,,,,6ff7176d70bcfb560850ded4a523c52c6a982452d38104374724b42d59bea4a3,experiments/due-diligence/results/map-20261009-resume
dd-282,473,税务事项,涉税行政处罚信息公示平台,甘肃,http://gansu.chinatax.gov.cn/col/col49/index.html,,ROBOTS_UNKNOWN,robots最终HTTP 412，未获得可用规则,未取得核验业务数据,,,,,experiments/due-diligence/results/map-20261009-resume
dd-283,474,税务事项,涉税行政处罚信息公示平台,青海,http://etax.qinghai.chinatax.gov.cn:7201/sword?ctrl=XzzfgsptHomeCtrl_index,,ROBOTS_UNKNOWN,robots请求失败：DownloadFailedError,未取得核验业务数据,,,,,experiments/due-diligence/results/map-20261009
dd-284,475,税务事项,涉税行政处罚信息公示平台,宁夏,https://zfgs.ningxia.chinatax.gov.cn:9443/sword?ctrl=XzzfgsptHomeCtrl_index,,ROBOTS_UNKNOWN,robots最终HTTP 412，未获得可用规则,未取得核验业务数据,,,,,experiments/due-diligence/results/map-20261009
dd-285,476,税务事项,涉税行政处罚信息公示平台,内蒙古,https://zfxxgs.neimenggu.chinatax.gov.cn/sword?ctrl=XzzfgsptHomeCtrl_index,https://zfxxgs.neimenggu.chinatax.gov.cn/sword?ctrl=XzzfgsptHomeCtrl_index,ACCESSIBLE_HTML,入口文本和链接已提取,仅验证入口解析；业务正文、完整性和时效性未验收,,entry,experiments/due-diligence/results/map-20261009-resume/bodies/31af7d10427919a5d1b32a6125f9db337a134d0a59964f5b9494777b25c80a69,31af7d10427919a5d1b32a6125f9db337a134d0a59964f5b9494777b25c80a69,experiments/due-diligence/results/map-20261009-resume
dd-286,477,税务事项,涉税行政处罚信息公示平台,山西,http://shanxi.chinatax.gov.cn/xzzfgsptWeb/web,http://shanxi.chinatax.gov.cn/xzzfgsptWeb/web,ACCESSIBLE_HTML,入口文本和链接已提取,仅验证入口解析；业务正文、完整性和时效性未验收,,entry,experiments/due-diligence/results/map-20261009-resume/bodies/6ec13f3b63b952cbb3779a45eaa56507741a711511c6fd78bec8ed27bf1a2522,6ec13f3b63b952cbb3779a45eaa56507741a711511c6fd78bec8ed27bf1a2522,experiments/due-diligence/results/map-20261009-resume
dd-287,478,税务事项,涉税行政处罚信息公示平台,河北,http://wzyy.hebei.chinatax.gov.cn/LawPublicity/,,ROBOTS_UNKNOWN,robots最终HTTP 403，未获得可用规则,未取得核验业务数据,,,,,experiments/due-diligence/results/map-20261009
dd-288,479,税务事项,涉税行政处罚信息公示平台,天津,http://tianjin.chinatax.gov.cn/xzzfgspt/init_xzzfmain.action,https://tianjin.chinatax.gov.cn/xzzfgspt/init_xzzfmain.action,ACCESSIBLE_HTML,入口文本和链接已提取,仅验证入口解析；业务正文、完整性和时效性未验收,,entry,experiments/due-diligence/results/map-20261009-resume/bodies/952d333cd8ae1e9aefc3a8b66c3be700a0c7a4f67c9f27a613891ec1dabf95c5,952d333cd8ae1e9aefc3a8b66c3be700a0c7a4f67c9f27a613891ec1dabf95c5,experiments/due-diligence/results/map-20261009-resume
dd-289,480,税务事项,涉税行政处罚信息公示平台,西藏,https://xizang.chinatax.gov.cn/col/col7790/index.html,https://xizang.chinatax.gov.cn/col/col7790/index.html,ACCESSIBLE_HTML,入口文本和链接已提取,仅验证入口解析；业务正文、完整性和时效性未验收,,entry,experiments/due-diligence/results/map-20261009-resume/bodies/7e470675e74bdd8242684fa40a8926888aa9848ab4b0ee71c14da2b35d5dc1f0,7e470675e74bdd8242684fa40a8926888aa9848ab4b0ee71c14da2b35d5dc1f0,experiments/due-diligence/results/map-20261009-resume
dd-290,481,税务事项,涉税行政处罚信息公示平台,新疆,https://etax.xinjiang.chinatax.gov.cn:16001/zfgspt/extranet/jcxx,,ROBOTS_UNKNOWN,robots请求失败：DownloadFailedError,未取得核验业务数据,,,,,experiments/due-diligence/results/map-20261009
dd-291,487,税务事项,其他查询,国家税务总局12366纳税服务平台,https://12366.chinatax.gov.cn/,https://12366.chinatax.gov.cn/,ACCESSIBLE_HTML,入口文本和链接已提取,仅验证入口解析；业务正文、完整性和时效性未验收；有输入框，主体查询跳过,,entry,experiments/due-diligence/results/map-20261009-resume/bodies/54252306afb9ef40f2c93b0fb229245cac0de8187bef40e890c2f13c5666447d,54252306afb9ef40f2c93b0fb229245cac0de8187bef40e890c2f13c5666447d,experiments/due-diligence/results/map-20261009-resume
dd-292,488,税务事项,其他查询,税收政策库,http://www.chinatax.gov.cn/chinatax/n810341/n810825/index.html?title=,https://www.chinatax.gov.cn/chinatax/n810341/n810825/index.html?title=,ACCESSIBLE_HTML,入口文本和链接已提取,仅验证入口解析；业务正文、完整性和时效性未验收；有输入框，主体查询跳过,,entry,experiments/due-diligence/results/map-20261009-resume/bodies/189da0976291763ba5e6de7744be696e03b675b5026c6361d1493ba5a99fe73c,189da0976291763ba5e6de7744be696e03b675b5026c6361d1493ba5a99fe73c,experiments/due-diligence/results/map-20261009-resume
dd-293,489,税务事项,其他查询,进出口商品税率查询,http://202.127.48.116:18001/static/pages/taxRateQuery.html,,ROBOTS_UNKNOWN,robots最终HTTP 200，未获得可用规则,未取得核验业务数据,,,,,experiments/due-diligence/results/map-20261009-resume
dd-294,490,税务事项,其他查询,出口退税率查询,https://hd.chinatax.gov.cn/nszx2023/cktslcx2023.html,https://hd.chinatax.gov.cn/nszx2023/cktslcx2023.html,SKIP_INPUT,需提供查询条件，本轮未输入,未取得核验业务数据,,,experiments/due-diligence/results/map-20261009-resume/bodies/12bed5d13c75ee369b4ec68b9e42e28746e5ff79846a5cdec2897750daae93e5,12bed5d13c75ee369b4ec68b9e42e28746e5ff79846a5cdec2897750daae93e5,experiments/due-diligence/results/map-20261009-resume
dd-295,491,税务事项,其他查询,商品和服务税收分类编码表,http://www.chinatax.gov.cn/n810341/n810755/c2978671/content.html,https://www.chinatax.gov.cn/n810341/n810755/c2978671/content.html,HTTP_ERROR,HTTP_404,未取得核验业务数据,,,,5db024cfc901072d4252ffd7b6e94849a6d9a0a88e4e1bd8ad46af1a8b394d99,experiments/due-diligence/results/map-20261009-resume
dd-296,492,税务事项,其他查询,进出口税目税号查询,http://www.customs.gov.cn/customs/302427/302442/jckszcx/index.html,http://www.customs.gov.cn/customs/302427/302442/jckszcx/index.html,HTTP_ERROR,HTTP_412,未取得核验业务数据,,,,599b9eb7e83323f5b21a242c2b3bfcec0345e29c314b3189f687575065966cbd,experiments/due-diligence/results/map-20261009-resume
dd-297,500,资源与环保,自然资源管理,自然资源部数据服务,http://www.mnr.gov.cn/sj/sjfw/,,ROBOTS_UNKNOWN,robots请求失败：DownloadFailedError,未取得核验业务数据,,,,,experiments/due-diligence/results/map-20261009
dd-298,501,资源与环保,自然资源管理,自然资源部行政审批信息公开,https://www.mnr.gov.cn/zt/zh/xzzfgs/,,ROBOTS_UNKNOWN,robots请求失败：DownloadFailedError → ResponseNeverReceived,未取得核验业务数据,,,,,experiments/due-diligence/results/map-20261009-resume
dd-299,502,资源与环保,自然资源管理,自然资源确权登记网,https://www.rerc.com.cn/,,ROBOTS_UNKNOWN,robots最终HTTP 403，未获得可用规则,未取得核验业务数据,,,,,experiments/due-diligence/results/map-20261009
dd-300,508,资源与环保,土地,中国土地市场网,https://www.landchina.com/,https://www.landchina.com/,JS_SHELL,静态响应没有足够正文，需要JS渲染或公开数据接口,未取得核验业务数据,,,experiments/due-diligence/results/map-20261009-resume/bodies/943f54e1d1d1f12bc9c8e033d54b8b759ebebc8f318d8800ebf49f8f897c7a73,943f54e1d1d1f12bc9c8e033d54b8b759ebebc8f318d8800ebf49f8f897c7a73,experiments/due-diligence/results/map-20261009-resume
dd-301,509,资源与环保,土地,全国征地信息共享平台,http://z.mnr.gov.cn/,,ROBOTS_UNKNOWN,robots请求失败：DownloadFailedError → ResponseNeverReceived,未取得核验业务数据,,,,,experiments/due-diligence/results/map-20261009-resume
dd-302,510,资源与环保,土地,全国土地估价监管系统,http://tdgj.mnr.gov.cn/,,ROBOTS_UNKNOWN,robots请求失败：DownloadFailedError,未取得核验业务数据,,,,,experiments/due-diligence/results/map-20261009
dd-303,511,资源与环保,土地,土地估价行业信息公示系统,http://gujia.mnr.gov.cn/JGPublish/Publish/Index,,ROBOTS_UNKNOWN,robots请求失败：DownloadFailedError,未取得核验业务数据,,,,,experiments/due-diligence/results/map-20261009
dd-304,512,资源与环保,土地,全国主要城市地价监测报告,http://www.mnr.gov.cn/sj/sjfw/td_19262/djjcbg/,,ROBOTS_UNKNOWN,robots请求失败：DownloadFailedError,未取得核验业务数据,,,,,experiments/due-diligence/results/map-20261009
dd-305,513,资源与环保,土地,土地利用现状分类,http://c.gb688.cn/bzgk/gb/showGb?type=online&hcno=224BF9DA69F053DA22AC758AAAADEEAA,http://c.gb688.cn/bzgk/gb/showGb?type=online&hcno=224BF9DA69F053DA22AC758AAAADEEAA,SKIP_INPUT,需提供查询条件，本轮未输入,未取得核验业务数据,,,experiments/due-diligence/results/map-20261009-resume/bodies/e61dc7a5c3f57c04ea6982bd2a54937bbc36c36e56491b50618c92ecb5f7d9da,e61dc7a5c3f57c04ea6982bd2a54937bbc36c36e56491b50618c92ecb5f7d9da,experiments/due-diligence/results/map-20261009-resume
dd-306,519,资源与环保,矿产,矿业权市场,http://ky.mnr.gov.cn/,,ROBOTS_UNKNOWN,robots请求失败：DownloadFailedError,未取得核验业务数据,,,,,experiments/due-diligence/results/map-20261009
dd-307,520,资源与环保,矿产,全国矿业权人勘查开采信息公示系统,http://kyqgs.mnr.gov.cn/,,ROBOTS_UNKNOWN,robots请求失败：DownloadFailedError,未取得核验业务数据,,,,,experiments/due-diligence/results/map-20261009
dd-308,521,资源与环保,矿产,全球地质矿产信息系统,http://geoglobal.mnr.gov.cn/,,ROBOTS_UNKNOWN,robots请求失败：DownloadFailedError,未取得核验业务数据,,,,,experiments/due-diligence/results/map-20261009
dd-309,522,资源与环保,矿产,全国地质资料馆,http://www.ngac.cn/125cms/c/qggnew/index.htm,https://www.ngac.cn/125cms/c/qggnew/index.htm,ACCESSIBLE_HTML,入口文本和链接已提取,仅验证入口解析；业务正文、完整性和时效性未验收；有输入框，主体查询跳过,,,,5c4e593b5fd3f02f0b5cc1674f2c2ce0d8ed4372f2c544a35da2f00c61128ded,experiments/due-diligence/results/map-20261009-resume
dd-310,523,资源与环保,矿产,全国矿产地数据库,http://geochina.cgs.gov.cn/article/doi/10.12029/gc2019Z201,http://geochina.cgs.gov.cn/article/doi/10.12029/gc2019Z201,ACCESSIBLE_HTML,入口文本和链接已提取,仅验证入口解析；业务正文、完整性和时效性未验收；有输入框，主体查询跳过,,entry,experiments/due-diligence/results/map-20261009-resume/bodies/cc44c97d8b8655a565a5dfdb98cd3696c577fed4c86b6efc031e8ce676790d21,cc44c97d8b8655a565a5dfdb98cd3696c577fed4c86b6efc031e8ce676790d21,experiments/due-diligence/results/map-20261009-resume
dd-311,524,资源与环保,矿产,地质云,https://geocloud.cgs.gov.cn/,,ROBOTS_UNKNOWN,robots请求失败：DownloadFailedError,未取得核验业务数据,,,,,experiments/due-diligence/results/map-20261009
dd-312,525,资源与环保,矿产,境外矿产资源开发备案,http://kczy.mofcom.gov.cn/,http://kczy.mofcom.gov.cn/,ACCESSIBLE_HTML,入口文本和链接已提取,仅验证入口解析；业务正文、完整性和时效性未验收,,entry,experiments/due-diligence/results/map-20261009-resume/bodies/1061f9b383355ec24b5e6deca3dcd93f95ddd47fb6ca666553ce16acf5317d6c,1061f9b383355ec24b5e6deca3dcd93f95ddd47fb6ca666553ce16acf5317d6c,experiments/due-diligence/results/map-20261009-resume
dd-313,531,资源与环保,林业和草原,林木种子生产经营许可证查询,https://ydbg.forestry.gov.cn/adminapproval/,https://ydbg.forestry.gov.cn/adminapproval/,ACCESSIBLE_HTML,入口文本和链接已提取,仅验证入口解析；业务正文、完整性和时效性未验收,,entry,experiments/due-diligence/results/map-20261009-resume/bodies/2d94579614aa3e6c4309a6fc1737c70f9ddfc9d03a5262f4b9437d4193f57b32,2d94579614aa3e6c4309a6fc1737c70f9ddfc9d03a5262f4b9437d4193f57b32,experiments/due-diligence/results/map-20261009-resume
dd-314,532,资源与环保,林业和草原,林木业和草原行政许可查询,https://ydbg.forestry.gov.cn/adminapproval/,https://ydbg.forestry.gov.cn/adminapproval/,ACCESSIBLE_HTML,入口文本和链接已提取,仅验证入口解析；业务正文、完整性和时效性未验收,,entry,experiments/due-diligence/results/map-20261009-resume/bodies/2d94579614aa3e6c4309a6fc1737c70f9ddfc9d03a5262f4b9437d4193f57b32,2d94579614aa3e6c4309a6fc1737c70f9ddfc9d03a5262f4b9437d4193f57b32,experiments/due-diligence/results/map-20261009-resume
dd-315,533,资源与环保,林业和草原,珍稀动物查询,https://endangeredanimal.foodmate.net/index?type=1&cid=49,https://endangeredanimal.foodmate.net/index?type=1&cid=49,ACCESSIBLE_HTML,入口文本和链接已提取,汇编中大熊猫的中文名、学名和保护级别一条示例,食品伙伴网的名录汇编，属于非官方二级来源；核对了大熊猫一行，不代表法律效力或整表正确性。,content,experiments/due-diligence/results/map-20261009-resume/bodies/b7bf7a8493d8ebe650a8e934b70c2db368ed7b7a5a2492e92a1824d98acb9674,b7bf7a8493d8ebe650a8e934b70c2db368ed7b7a5a2492e92a1824d98acb9674,experiments/due-diligence/results/map-20261009-resume
dd-316,534,资源与环保,林业和草原,林业和草原局行政许可查询,https://ydbg.forestry.gov.cn/adminapproval/,https://ydbg.forestry.gov.cn/adminapproval/,ACCESSIBLE_HTML,入口文本和链接已提取,仅验证入口解析；业务正文、完整性和时效性未验收,,entry,experiments/due-diligence/results/map-20261009-resume/bodies/2d94579614aa3e6c4309a6fc1737c70f9ddfc9d03a5262f4b9437d4193f57b32,2d94579614aa3e6c4309a6fc1737c70f9ddfc9d03a5262f4b9437d4193f57b32,experiments/due-diligence/results/map-20261009-resume
dd-317,540,资源与环保,地方自然资源局,北京,http://ghzrzyw.beijing.gov.cn/,https://ghzrzyw.beijing.gov.cn/,ACCESSIBLE_HTML,入口文本和链接已提取,仅验证入口解析；业务正文、完整性和时效性未验收；有输入框，主体查询跳过,,entry,experiments/due-diligence/results/map-20261009-resume/bodies/dacd69c7499560e330ded53f9a30e7e13f5131416f97dc2d21aabae433ee7146,dacd69c7499560e330ded53f9a30e7e13f5131416f97dc2d21aabae433ee7146,experiments/due-diligence/results/map-20261009-resume
dd-318,541,资源与环保,地方自然资源局,天津,http://ghhzrzy.tj.gov.cn/,https://ghhzrzy.tj.gov.cn/,ACCESSIBLE_HTML,入口文本和链接已提取,仅验证入口解析；业务正文、完整性和时效性未验收；有输入框，主体查询跳过,,entry,experiments/due-diligence/results/map-20261009-resume/bodies/2946c09d62bd29364d69bc244d8e1fc06f714519460a9c4de84a1c722ab8dddd,2946c09d62bd29364d69bc244d8e1fc06f714519460a9c4de84a1c722ab8dddd,experiments/due-diligence/results/map-20261009-resume
dd-319,542,资源与环保,地方自然资源局,河北,http://zrzy.hebei.gov.cn/,https://zrzy.hebei.gov.cn/,ACCESSIBLE_HTML,入口文本和链接已提取,仅验证入口解析；业务正文、完整性和时效性未验收；有输入框，主体查询跳过,,entry,experiments/due-diligence/results/map-20261009-resume/bodies/0337ea3d527880c8f5d61f4be1a11762e3a33c0713330bdedf841743754df32d,0337ea3d527880c8f5d61f4be1a11762e3a33c0713330bdedf841743754df32d,experiments/due-diligence/results/map-20261009-resume
dd-320,543,资源与环保,地方自然资源局,山西,http://zrzyt.shanxi.gov.cn/,http://zrzyt.shanxi.gov.cn/,ACCESSIBLE_HTML,入口文本和链接已提取,仅验证入口解析；业务正文、完整性和时效性未验收；有输入框，主体查询跳过,,entry,experiments/due-diligence/results/map-20261009-resume/bodies/9c5263765c86af6eb497e0b46c010a0fb7cb3d7148faa5548d7a7b9ef9dd4fd1,9c5263765c86af6eb497e0b46c010a0fb7cb3d7148faa5548d7a7b9ef9dd4fd1,experiments/due-diligence/results/map-20261009-resume
dd-321,544,资源与环保,地方自然资源局,内蒙古,http://zrzy.nmg.gov.cn/,,ROBOTS_UNKNOWN,robots最终HTTP 200，未获得可用规则,未取得核验业务数据,,,,,experiments/due-diligence/results/map-20261009-resume
dd-322,545,资源与环保,地方自然资源局,辽宁,http://zrzy.ln.gov.cn/,https://zrzy.ln.gov.cn/,ACCESSIBLE_HTML,入口文本和链接已提取,仅验证入口解析；业务正文、完整性和时效性未验收；有输入框，主体查询跳过,,entry,experiments/due-diligence/results/map-20261009-resume/bodies/9208aa47396f8997fa9274592ea3a1418bd1aa54354d95b937c04e3e2bd9faf6,9208aa47396f8997fa9274592ea3a1418bd1aa54354d95b937c04e3e2bd9faf6,experiments/due-diligence/results/map-20261009-resume
dd-323,546,资源与环保,地方自然资源局,吉林,http://zrzy.jl.gov.cn/,https://zrzy.jl.gov.cn/,ACCESSIBLE_HTML,入口文本和链接已提取,仅验证入口解析；业务正文、完整性和时效性未验收；有输入框，主体查询跳过,,entry,experiments/due-diligence/results/map-20261009-resume/bodies/4dc78eda1b45f1de59d8be36f609b06c6fde091aeaea0684416c34d299466756,4dc78eda1b45f1de59d8be36f609b06c6fde091aeaea0684416c34d299466756,experiments/due-diligence/results/map-20261009-resume
dd-324,547,资源与环保,地方自然资源局,黑龙江,http://zrzyt.hlj.gov.cn/,https://zrzyt.hlj.gov.cn/,ACCESSIBLE_HTML,入口文本和链接已提取,仅验证入口解析；业务正文、完整性和时效性未验收；有输入框，主体查询跳过,,entry,experiments/due-diligence/results/map-20261009-resume/bodies/72a520bf316199aba1c42353f5cfb62247e190162bc9caa64aeb4eb22f702f2a,72a520bf316199aba1c42353f5cfb62247e190162bc9caa64aeb4eb22f702f2a,experiments/due-diligence/results/map-20261009-resume
dd-325,548,资源与环保,地方自然资源局,上海,http://ghzyj.sh.gov.cn/,https://ghzyj.sh.gov.cn/,ACCESSIBLE_HTML,入口文本和链接已提取,仅验证入口解析；业务正文、完整性和时效性未验收,,entry,experiments/due-diligence/results/map-20261009-resume/bodies/680fbebd28026b400d56d17137500ed34027a824d5e0179f7416b080b44ea9c2,680fbebd28026b400d56d17137500ed34027a824d5e0179f7416b080b44ea9c2,experiments/due-diligence/results/map-20261009-resume
dd-326,549,资源与环保,地方自然资源局,江苏,http://zrzy.jiangsu.gov.cn/,http://zrzy.jiangsu.gov.cn/,ACCESSIBLE_HTML,入口文本和链接已提取,仅验证入口解析；业务正文、完整性和时效性未验收；有输入框，主体查询跳过,,entry,experiments/due-diligence/results/map-20261009-resume/bodies/9632608c9e0b66f8e83b0ffe84ffdd3b911eccaa8836d1f31ee526e0a62333a2,9632608c9e0b66f8e83b0ffe84ffdd3b911eccaa8836d1f31ee526e0a62333a2,experiments/due-diligence/results/map-20261009-resume
dd-327,550,资源与环保,地方自然资源局,浙江,http://zrzyt.zj.gov.cn/,,ROBOTS_UNKNOWN,robots最终HTTP 200，未获得可用规则,未取得核验业务数据,,,,,experiments/due-diligence/results/map-20261009-resume
dd-328,551,资源与环保,地方自然资源局,安徽,http://zrzyt.ah.gov.cn/,https://zrzyt.ah.gov.cn/,ACCESSIBLE_HTML,入口文本和链接已提取,仅验证入口解析；业务正文、完整性和时效性未验收；有输入框，主体查询跳过,,entry,experiments/due-diligence/results/map-20261009-resume/bodies/1577b6fad5899d4f191612c0655463c63508d27bade9d0c09ab2da0afe0f8b5e,1577b6fad5899d4f191612c0655463c63508d27bade9d0c09ab2da0afe0f8b5e,experiments/due-diligence/results/map-20261009-resume
dd-329,552,资源与环保,地方自然资源局,福建,http://zrzyt.fujian.gov.cn/,http://zrzyt.fujian.gov.cn/,ACCESSIBLE_HTML,入口文本和链接已提取,仅验证入口解析；业务正文、完整性和时效性未验收；有输入框，主体查询跳过,,entry,experiments/due-diligence/results/map-20261009-resume/bodies/999bed96247b203f77a81c82498f5c6d3d29c805cc6b7791bab40e29bf73d6d1,999bed96247b203f77a81c82498f5c6d3d29c805cc6b7791bab40e29bf73d6d1,experiments/due-diligence/results/map-20261009-resume
dd-330,553,资源与环保,地方自然资源局,江西,http://bnr.jiangxi.gov.cn/,http://bnr.jiangxi.gov.cn/,ACCESSIBLE_HTML,入口文本和链接已提取,仅验证入口解析；业务正文、完整性和时效性未验收,,entry,experiments/due-diligence/results/map-20261009-resume/bodies/2a2d1595c943167766827e7e0759a0d94f44b31fd27bb1625ae81c2b3f68804a,2a2d1595c943167766827e7e0759a0d94f44b31fd27bb1625ae81c2b3f68804a,experiments/due-diligence/results/map-20261009-resume
dd-331,554,资源与环保,地方自然资源局,山东,http://dnr.shandong.gov.cn/,,ROBOTS_UNKNOWN,robots请求失败：DownloadTimeoutError,未取得核验业务数据,,,,,experiments/due-diligence/results/map-20261009-resume
dd-332,555,资源与环保,地方自然资源局,河南,http://dnr.henan.gov.cn/,https://dnr.henan.gov.cn:443/,ACCESSIBLE_HTML,入口文本和链接已提取,仅验证入口解析；业务正文、完整性和时效性未验收；有输入框，主体查询跳过,,entry,experiments/due-diligence/results/map-20261009-resume/bodies/9a0e85f8e670e56b6ddb0814eac5b5f2afb6c33a31084966fd41e045abf70fde,9a0e85f8e670e56b6ddb0814eac5b5f2afb6c33a31084966fd41e045abf70fde,experiments/due-diligence/results/map-20261009-resume
dd-333,556,资源与环保,地方自然资源局,湖北,http://zrzyt.hubei.gov.cn/,,ROBOTS_UNKNOWN,robots最终HTTP 200，未获得可用规则,未取得核验业务数据,,,,,experiments/due-diligence/results/map-20261009-resume
dd-334,557,资源与环保,地方自然资源局,湖南,http://zrzyt.hunan.gov.cn/,http://zrzyt.hunan.gov.cn/,ACCESSIBLE_HTML,入口文本和链接已提取,仅验证入口解析；业务正文、完整性和时效性未验收；有输入框，主体查询跳过,,entry,experiments/due-diligence/results/map-20261009-resume/bodies/15d62e30994427abc45c586c86af61da9ba4ca64a73e9d0a3b7f582674abf7f2,15d62e30994427abc45c586c86af61da9ba4ca64a73e9d0a3b7f582674abf7f2,experiments/due-diligence/results/map-20261009-resume
dd-335,558,资源与环保,地方自然资源局,广东,http://nr.gd.gov.cn/,https://nr.gd.gov.cn/,ACCESSIBLE_HTML,入口文本和链接已提取,仅验证入口解析；业务正文、完整性和时效性未验收；有输入框，主体查询跳过,,entry,experiments/due-diligence/results/map-20261009-resume/bodies/620fa17740da8b419f50b8957ab75fde33a56552e34a9340fcbbd81b8e94f65d,620fa17740da8b419f50b8957ab75fde33a56552e34a9340fcbbd81b8e94f65d,experiments/due-diligence/results/map-20261009-resume
dd-336,559,资源与环保,地方自然资源局,广西,http://dnr.gxzf.gov.cn/,https://dnr.gxzf.gov.cn/,ACCESSIBLE_HTML,入口文本和链接已提取,仅验证入口解析；业务正文、完整性和时效性未验收；有输入框，主体查询跳过,,entry,experiments/due-diligence/results/map-20261009-resume/bodies/2ba63095bc8ac27ebf6bf290a483c6da7a710c7b182873c3452f0484ab411a54,2ba63095bc8ac27ebf6bf290a483c6da7a710c7b182873c3452f0484ab411a54,experiments/due-diligence/results/map-20261009-resume
dd-337,560,资源与环保,地方自然资源局,海南,http://lr.hainan.gov.cn/,,ROBOTS_UNKNOWN,robots最终HTTP 200，未获得可用规则,未取得核验业务数据,,,,,experiments/due-diligence/results/map-20261009-resume
dd-338,561,资源与环保,地方自然资源局,重庆,http://ghzrzyj.cq.gov.cn/,,ROBOTS_UNKNOWN,robots最终HTTP 403，未获得可用规则,未取得核验业务数据,,,,,experiments/due-diligence/results/map-20261009
dd-339,562,资源与环保,地方自然资源局,四川,http://dnr.sc.gov.cn/,http://dnr.sc.gov.cn/,ACCESSIBLE_HTML,入口文本和链接已提取,仅验证入口解析；业务正文、完整性和时效性未验收；有输入框，主体查询跳过,,entry,experiments/due-diligence/results/map-20261009-resume/bodies/d96cd7e2d5de764ea39f77767359ca063d0168fd2bb9d8949c6e4bf566129faa,d96cd7e2d5de764ea39f77767359ca063d0168fd2bb9d8949c6e4bf566129faa,experiments/due-diligence/results/map-20261009-resume
dd-340,563,资源与环保,地方自然资源局,贵州,http://zrzy.guizhou.gov.cn/,https://zrzy.guizhou.gov.cn/,ACCESSIBLE_HTML,入口文本和链接已提取,仅验证入口解析；业务正文、完整性和时效性未验收；有输入框，主体查询跳过,,entry,experiments/due-diligence/results/map-20261009-resume/bodies/c64893735461ba9320ba8ff0367b506317cbb4576aa92b429e9bc402e0d7e73c,c64893735461ba9320ba8ff0367b506317cbb4576aa92b429e9bc402e0d7e73c,experiments/due-diligence/results/map-20261009-resume
dd-341,564,资源与环保,地方自然资源局,云南,http://dnr.yn.gov.cn/,https://dnr.yn.gov.cn/,ACCESSIBLE_HTML,入口文本和链接已提取,仅验证入口解析；业务正文、完整性和时效性未验收,,entry,experiments/due-diligence/results/map-20261009-resume/bodies/7bf6f5f2273be9e2cd70c0f916d1e04ec2f94a43699f3bfb7d2e239b041a737b,7bf6f5f2273be9e2cd70c0f916d1e04ec2f94a43699f3bfb7d2e239b041a737b,experiments/due-diligence/results/map-20261009-resume
dd-342,565,资源与环保,地方自然资源局,陕西,http://zrzyt.shaanxi.gov.cn/,https://zrzyt.shaanxi.gov.cn/,ACCESSIBLE_HTML,入口文本和链接已提取,仅验证入口解析；业务正文、完整性和时效性未验收；有输入框，主体查询跳过,,entry,experiments/due-diligence/results/map-20261009-resume/bodies/d000437d16cb9404c251a89eae3717962b3db229fa7721959dcb963e56cc75e8,d000437d16cb9404c251a89eae3717962b3db229fa7721959dcb963e56cc75e8,experiments/due-diligence/results/map-20261009-resume
dd-343,566,资源与环保,地方自然资源局,甘肃,http://zrzy.gansu.gov.cn/,http://zrzy.gansu.gov.cn/,HTTP_ERROR,HTTP_412,未取得核验业务数据,,,,94cd7bf9b686f9d846d19a7827950e6c43bdfbc3a3ad4c2ed7b788b94620dadb,experiments/due-diligence/results/map-20261009-resume
dd-344,567,资源与环保,地方自然资源局,青海,http://zrzyt.qinghai.gov.cn/,http://zrzyt.qinghai.gov.cn/,ROBOTS_UNKNOWN,robots返回HTML，被首版误认规则后曾请求内容；离线纠正为规则未知，排除golden,未取得核验业务数据,,,,341bd73c727a170d7269a4377a99a8c33207ce5bee11c9fab8be7fd8541ffef5,experiments/due-diligence/results/map-20261009-resume
dd-345,568,资源与环保,地方自然资源局,宁夏,http://zrzyt.nx.gov.cn/,https://zrzyt.nx.gov.cn/,ACCESSIBLE_HTML,入口文本和链接已提取,仅验证入口解析；业务正文、完整性和时效性未验收；有输入框，主体查询跳过,,entry,experiments/due-diligence/results/map-20261009-resume/bodies/2164247f7f3aa6d924e6cca0cf86ae9ce3f2ba5bda89971c3598eab4ad956ce3,2164247f7f3aa6d924e6cca0cf86ae9ce3f2ba5bda89971c3598eab4ad956ce3,experiments/due-diligence/results/map-20261009-resume
dd-346,569,资源与环保,地方自然资源局,新疆,http://zrzyt.xinjiang.gov.cn/,http://zrzyt.xinjiang.gov.cn/,ACCESSIBLE_HTML,入口文本和链接已提取,仅验证入口解析；业务正文、完整性和时效性未验收；有输入框，主体查询跳过,,entry,experiments/due-diligence/results/map-20261009-resume/bodies/e896fa5b13e534a88098d7036f13e7ae870281025bd3fd4d93e0685e093eb43c,e896fa5b13e534a88098d7036f13e7ae870281025bd3fd4d93e0685e093eb43c,experiments/due-diligence/results/map-20261009-resume
dd-347,570,资源与环保,地方自然资源局,大连,http://www.zrzy.dl.gov.cn/,,ROBOTS_UNKNOWN,robots请求失败：DownloadFailedError,未取得核验业务数据,,,,,experiments/due-diligence/results/map-20261009
dd-348,571,资源与环保,地方自然资源局,青岛,http://zrzygh.qingdao.gov.cn/,,ROBOTS_UNKNOWN,robots请求失败：DownloadFailedError,未取得核验业务数据,,,,,experiments/due-diligence/results/map-20261009
dd-349,572,资源与环保,地方自然资源局,宁波,http://zgj.ningbo.gov.cn/,http://zgj.ningbo.gov.cn/,ACCESSIBLE_HTML,入口文本和链接已提取,仅验证入口解析；业务正文、完整性和时效性未验收,,entry,experiments/due-diligence/results/map-20261009-resume/bodies/6d791f6cc8988b75ecb5463e1516092f4787039cebe7bc20996be917c81a4ae8,6d791f6cc8988b75ecb5463e1516092f4787039cebe7bc20996be917c81a4ae8,experiments/due-diligence/results/map-20261009-resume
dd-350,573,资源与环保,地方自然资源局,厦门,http://zygh.xm.gov.cn/,,ROBOTS_UNKNOWN,robots请求失败：CannotResolveHostError,未取得核验业务数据,,,,,experiments/due-diligence/results/map-20261009
dd-351,574,资源与环保,地方自然资源局,深圳,http://pnr.sz.gov.cn/,http://pnr.sz.gov.cn/,HTTP_ERROR,HTTP_412,未取得核验业务数据,,,,4dfadef18dec6b2db48a84ca88e80a9d356fb23b4f50191fee934e44699dcdf2,experiments/due-diligence/results/map-20261009-resume
dd-352,575,资源与环保,地方自然资源局,兵团,http://zrzy.xjbt.gov.cn/,http://zrzy.xjbt.gov.cn/,ACCESSIBLE_HTML,入口文本和链接已提取,仅验证入口解析；业务正文、完整性和时效性未验收；有输入框，主体查询跳过,,entry,experiments/due-diligence/results/map-20261009-resume/bodies/ff3a10d3f01f84ed738b502daa078f36d3c071abe18090d2d8b637fef81ff233,ff3a10d3f01f84ed738b502daa078f36d3c071abe18090d2d8b637fef81ff233,experiments/due-diligence/results/map-20261009-resume
dd-353,581,资源与环保,其他自然资源相关,国家地理信息公共服务平台,https://www.tianditu.gov.cn/,https://www.tianditu.gov.cn/,JS_SHELL,静态响应没有足够正文，需要JS渲染或公开数据接口,未取得核验业务数据,,,experiments/due-diligence/results/map-20261009-resume/bodies/41ff8ccb37880672b91751f7d601fc78a2be0fa7ed92e4f0967c77a241e8b3bf,41ff8ccb37880672b91751f7d601fc78a2be0fa7ed92e4f0967c77a241e8b3bf,experiments/due-diligence/results/map-20261009-resume
dd-354,582,资源与环保,其他自然资源相关,自然资源部测绘地理信息政务服务,http://zwfw.ch.mnr.gov.cn/index,,ROBOTS_UNKNOWN,robots请求失败：DownloadFailedError,未取得核验业务数据,,,,,experiments/due-diligence/results/map-20261009
dd-355,583,资源与环保,其他自然资源相关,自然资源部科技成果查询数据库,http://jlps.mnr.gov.cn/global/reward!KJCGsearch.do,,ROBOTS_UNKNOWN,robots请求失败：DownloadFailedError,未取得核验业务数据,,,,,experiments/due-diligence/results/map-20261009
dd-356,584,资源与环保,其他自然资源相关,自然资源部获奖成果查询,http://jlps.mnr.gov.cn/global/reward!listAllReward.do,,ROBOTS_UNKNOWN,robots请求失败：DownloadFailedError,未取得核验业务数据,,,,,experiments/due-diligence/results/map-20261009
dd-357,590,资源与环保,环境保护,全国排污许可证管理信息平台,http://permit.mee.gov.cn/permitExt/defaults/default-index!getInformation.action,https://permit.mee.gov.cn/permitExt/defaults/default-index!getInformation.action,ACCESSIBLE_HTML,入口文本和链接已提取,首页核发许可证板块15条，省市、编号、公司名和有效期限；非全国完整许可证集合,,content,experiments/due-diligence/results/map-20261009-resume/bodies/df59f78a763c1eb12f187fe7cc48951ed6b4724b976899f7373e8b4249c9990a,df59f78a763c1eb12f187fe7cc48951ed6b4724b976899f7373e8b4249c9990a,experiments/due-diligence/results/map-20261009-resume
dd-358,591,资源与环保,环境保护,环境影响评价信用平台,http://114.251.10.92:8080/XYPT/,,ROBOTS_UNKNOWN,robots请求失败：DownloadFailedError → ResponseNeverReceived,未取得核验业务数据,,,,,experiments/due-diligence/results/map-20261009-resume
dd-359,592,资源与环保,环境保护,生态环境部污染源监控中心平台,http://www.envsc.cn/,,ROBOTS_UNKNOWN,robots最终HTTP 502，未获得可用规则,未取得核验业务数据,,,,,experiments/due-diligence/results/map-20261009
dd-360,593,资源与环保,环境保护,环境保护综合目录,http://www.gov.cn/xinwen/2018-02/06/5264316/files/27c5704a32e941e8ac20e40d61209a94.pdf,https://www.gov.cn/xinwen/2018-02/06/5264316/files/27c5704a32e941e8ac20e40d61209a94.pdf,ACCESSIBLE_PDF,全部页面文本层可提取,2017版历史文件全部66页文本与首尾页关键字段；未做表格结构化或时效性判断,实际文件为《环境保护综合名录（2017年版）》；66个物理页，对应印刷页码3—68。文本层可提取，未验证表格重建或现行有效性。,content,experiments/due-diligence/results/map-20261009-resume/bodies/378bc410589a8941d978521931da81813f0740be7092bbc62550014b4335be3a,378bc410589a8941d978521931da81813f0740be7092bbc62550014b4335be3a,experiments/due-diligence/results/map-20261009-resume
dd-361,594,资源与环保,环境保护,全国环境影响评价管理信息平台,https://eia.lem.org.cn/,https://eia.lem.org.cn/,HTTP_ERROR,HTTP_412,未取得核验业务数据,,,,c6a09e9cfc323e46cb383ef97c941565f71ee4776d9725b59b2d8f7bad99d8d9,experiments/due-diligence/results/map-20261009-resume
dd-362,595,资源与环保,环境保护,环境影响评价信息公示平台,http://www.js-eia.cn/,,ROBOTS_UNKNOWN,robots请求失败：DownloadFailedError → ResponseNeverReceived,未取得核验业务数据,,,,,experiments/due-diligence/results/map-20261009-resume
dd-363,596,资源与环保,环境保护,建设项目环境影响登记表查询>>,https://beian.china-eia.com/,https://beian.china-eia.com/,ACCESSIBLE_HTML,入口文本和链接已提取,仅验证入口解析；业务正文、完整性和时效性未验收,,entry,experiments/due-diligence/results/map-20261009-resume/bodies/5f495ec49726540526bc2c783d93451f5568e7823fa0ffc41ffcaefaed77b1ad,5f495ec49726540526bc2c783d93451f5568e7823fa0ffc41ffcaefaed77b1ad,experiments/due-diligence/results/map-20261009-resume
dd-364,602,资源与环保,水利,取水许可审批信息查询,http://app.gjzwfw.gov.cn/jmopen/webapp/html5/qsxkxxcx/index.html,,ROBOTS_UNKNOWN,robots最终HTTP 200，未获得可用规则,未取得核验业务数据,,,,,experiments/due-diligence/results/map-20261009-resume
dd-365,603,资源与环保,水利,水利工程建设监理单位资质查询,http://app.gjzwfw.gov.cn/jmopen/webapp/html5/sljlzzcx/index.html,,ROBOTS_UNKNOWN,robots最终HTTP 200，未获得可用规则,未取得核验业务数据,,,,,experiments/due-diligence/results/map-20261009-resume
dd-366,604,资源与环保,水利,水利工程质量检测单位资质查询,http://app.gjzwfw.gov.cn/jmopen/webapp/html5/slzlzzcx/index.html,,ROBOTS_UNKNOWN,robots最终HTTP 200，未获得可用规则,未取得核验业务数据,,,,,experiments/due-diligence/results/map-20261009-resume
dd-367,610,资源与环保,行业协会,中国安全产业协会,http://www.chinasia.org.cn/,,ROBOTS_UNKNOWN,robots请求失败：DownloadFailedError → ResponseFailed,未取得核验业务数据,,,,,experiments/due-diligence/results/map-20261009-resume
dd-368,611,资源与环保,行业协会,中国安全生产协会,http://www.china-safety.org.cn/,https://www.china-safety.org.cn:443/client/index.html,ACCESSIBLE_HTML,入口文本和链接已提取,仅验证入口解析；业务正文、完整性和时效性未验收,,entry,experiments/due-diligence/results/map-20261009-resume/bodies/6067b6552a6b82d45edb2b27d65017949df10165cead0e67453641897ada4b9e,6067b6552a6b82d45edb2b27d65017949df10165cead0e67453641897ada4b9e,experiments/due-diligence/results/map-20261009-resume
dd-369,612,资源与环保,行业协会,中国再生资源回收利用协会,http://www.crra.org.cn/,https://www.crra.org.cn/,ACCESSIBLE_HTML,入口文本和链接已提取,仅验证入口解析；业务正文、完整性和时效性未验收；有输入框，主体查询跳过,,entry,experiments/due-diligence/results/map-20261009-resume/bodies/4e8d1080c61110215304eed30d32b00bbc8562e7b319487b52873a26c28341d5,4e8d1080c61110215304eed30d32b00bbc8562e7b319487b52873a26c28341d5,experiments/due-diligence/results/map-20261009-resume
dd-370,613,资源与环保,行业协会,中国化学品安全协会,http://www.chemicalsafety.org.cn/index.php,http://www.chemicalsafety.org.cn/index.php,ACCESSIBLE_HTML,入口文本和链接已提取,仅验证入口解析；业务正文、完整性和时效性未验收；有输入框，主体查询跳过,,entry,experiments/due-diligence/results/map-20261009-resume/bodies/2ccf570417ff0bfe9d651dcf666486cb252f456604c5bd91b79de2a3f953c869,2ccf570417ff0bfe9d651dcf666486cb252f456604c5bd91b79de2a3f953c869,experiments/due-diligence/results/map-20261009-resume
dd-371,614,资源与环保,行业协会,中国水利工程协会,http://www.cweun.org/,http://www.cweun.org/,ACCESSIBLE_HTML,入口文本和链接已提取,仅验证入口解析；业务正文、完整性和时效性未验收,,entry,experiments/due-diligence/results/map-20261009-resume/bodies/04e079681f4dfa47e8251fd79c22abb215007a75aadb7645c753da419d97cdae,04e079681f4dfa47e8251fd79c22abb215007a75aadb7645c753da419d97cdae,experiments/due-diligence/results/map-20261009-resume
dd-372,615,资源与环保,行业协会,中国水利企业协会,http://www.cwec.org.cn/,https://www.cwec.org.cn/,ACCESSIBLE_HTML,入口文本和链接已提取,仅验证入口解析；业务正文、完整性和时效性未验收；有输入框，主体查询跳过,,entry,experiments/due-diligence/results/map-20261009-resume/bodies/0bcc7637742a09a13da1bb27ac4d9debe056917d2e4472a6bf2b86ae997c5f4d,0bcc7637742a09a13da1bb27ac4d9debe056917d2e4472a6bf2b86ae997c5f4d,experiments/due-diligence/results/map-20261009-resume
dd-373,616,资源与环保,行业协会,中国环境保护产业协会,http://www.caepi.org.cn/,http://www.caepi.org.cn/,SKIP_INPUT,登录需要身份信息,未取得核验业务数据,,,experiments/due-diligence/results/map-20261009-resume/bodies/ae39a78acbac7dcc4d91fbd83d775890b7d2c16e0f65e057f2e727f9984808be,ae39a78acbac7dcc4d91fbd83d775890b7d2c16e0f65e057f2e727f9984808be,experiments/due-diligence/results/map-20261009-resume
dd-374,617,资源与环保,行业协会,中华环保联合会,http://www.acef.com.cn/index.html,https://www.acef.com.cn/,ACCESSIBLE_HTML,入口文本和链接已提取,仅验证入口解析；业务正文、完整性和时效性未验收；有输入框，主体查询跳过,,entry,experiments/due-diligence/results/map-20261009-resume/bodies/8369baed3452120245994658fe0e623377bb95878450bc47fa36616afac7f817,8369baed3452120245994658fe0e623377bb95878450bc47fa36616afac7f817,experiments/due-diligence/results/map-20261009-resume
dd-375,625,行业尽调,行业分类标准,国民经济行业分类,https://www.stats.gov.cn/xxgk/tjbz/gjtjbz/201905/t20190521_1758938.html,https://www.stats.gov.cn/xxgk/tjbz/gjtjbz/201905/t20190521_1758938.html,ACCESSIBLE_HTML,入口文本和链接已提取,统计局通知标题、正文及2个DOCX附件链接；未解析附件,取得统计局修改单通知正文及两个 DOCX 链接；未下载或解析 DOCX 附件。,content,experiments/due-diligence/results/map-20261009-resume/bodies/4c1a66401cf941c3ee9d1f02ecccd9b2cdba195afde51c305f6b1641e26b8215,4c1a66401cf941c3ee9d1f02ecccd9b2cdba195afde51c305f6b1641e26b8215,experiments/due-diligence/results/map-20261009-resume
dd-376,626,行业尽调,行业分类标准,[证监会]上市公司行业分类指引,http://www.csrc.gov.cn/csrc/c100103/c1452025/content.shtml,,ROBOTS_UNKNOWN,robots最终HTTP 200，未获得可用规则,未取得核验业务数据,,,,,experiments/due-diligence/results/map-20261009-resume
dd-377,627,行业尽调,行业分类标准,新三板行业分类指引,http://www.neeq.com.cn/m/fenglei/hyfl01.html,,ROBOTS_UNKNOWN,robots最终HTTP 403，未获得可用规则,未取得核验业务数据,,,,,experiments/due-diligence/results/map-20261009-resume
dd-378,628,行业尽调,行业分类标准,战略性新兴产业分类,https://www.stats.gov.cn/xxgk/tjbz/gjtjbz/202008/t20200811_1782344.html,https://www.stats.gov.cn/xxgk/tjbz/gjtjbz/202008/t20200811_1782344.html,ACCESSIBLE_HTML,入口文本和链接已提取,统计局分类公布文件标题、正文及2个DOC附件链接；未解析附件,取得统计局分类公布正文及两个 DOC 链接；未下载或解析 DOC 附件。,content,experiments/due-diligence/results/map-20261009-resume/bodies/3f2ad3159373545c5ebe9bc2152cfff075c2cc2a052c7b40a729a32313637d56,3f2ad3159373545c5ebe9bc2152cfff075c2cc2a052c7b40a729a32313637d56,experiments/due-diligence/results/map-20261009-resume
dd-379,634,行业尽调,科技与互联网行业,工信部电信业务市场综合管理信息系统,https://tsm.miit.gov.cn/dxxzsp/,https://tsm.miit.gov.cn/dxxzsp/,SKIP_INPUT,需提供查询条件，本轮未输入,未取得核验业务数据,,,,bcab34991e211b2b6e9a5c0bf353b9ae33c19d150d72ae65141b66e68cc40283,experiments/due-diligence/results/map-20261009-resume
dd-380,635,行业尽调,科技与互联网行业,高新技术企业认定管理工作网,http://www.innocom.gov.cn/,,ROBOTS_UNKNOWN,robots请求失败：DownloadFailedError,未取得核验业务数据,,,,,experiments/due-diligence/results/map-20261009
dd-381,636,行业尽调,科技与互联网行业,高新技术企业备案查询,https://fuwu.most.gov.cn/html/fwcx/gxjsqybacx/,https://fuwu.most.gov.cn/html/fwcx/gxjsqybacx/,ACCESSIBLE_HTML,入口文本和链接已提取,仅验证入口解析；业务正文、完整性和时效性未验收；有输入框，主体查询跳过,,entry,experiments/due-diligence/results/map-20261009-resume/bodies/e5ec555831ef8a30fcfb0870ebaca3ab0adff765cbcbc4638e9dfaa73961d725,e5ec555831ef8a30fcfb0870ebaca3ab0adff765cbcbc4638e9dfaa73961d725,experiments/due-diligence/results/map-20261009-resume
dd-382,637,行业尽调,科技与互联网行业,国家科学技术奖励查询1,http://www.most.gov.cn/cxfw/kjjlcx/index.htm,https://www.most.gov.cn/cxfw/kjjlcx/index.htm,HTTP_ERROR,HTTP_404,未取得核验业务数据,,,,bb8935e10df62ae21732860d7aa23ea2d24ca619d0b51c252845cf7f37e08b24,experiments/due-diligence/results/map-20261009-resume
dd-383,638,行业尽调,科技与互联网行业,国家科学技术奖励查询2,http://app.gjzwfw.gov.cn/jmopen/webapp/html5/kjjl/index.html,,ROBOTS_UNKNOWN,robots最终HTTP 200，未获得可用规则,未取得核验业务数据,,,,,experiments/due-diligence/results/map-20261009-resume
dd-384,639,行业尽调,科技与互联网行业,国家级科技企业孵化器查询,http://app.gjzwfw.gov.cn/jmopen/webapp/html5/fhq/index.html,,ROBOTS_UNKNOWN,robots最终HTTP 200，未获得可用规则,未取得核验业务数据,,,,,experiments/due-diligence/results/map-20261009-resume
dd-385,640,行业尽调,科技与互联网行业,国家级高新技术产业开发区名单,http://www.chinatorch.gov.cn/gxq/gxqmd/list.shtml,,ROBOTS_UNKNOWN,robots请求失败：DownloadFailedError,未取得核验业务数据,,,,,experiments/due-diligence/results/map-20261009
dd-386,641,行业尽调,科技与互联网行业,众创空间查询,https://fuwu.most.gov.cn/html/fwcx/zckjcx/,https://fuwu.most.gov.cn/html/fwcx/zckjcx/,ACCESSIBLE_HTML,入口文本和链接已提取,仅验证入口解析；业务正文、完整性和时效性未验收；有输入框，主体查询跳过,,entry,experiments/due-diligence/results/map-20261009-resume/bodies/c8d05a2a9487c52b0db6668b143f4c3abd45a93011dd94cc2ebfb416460f5631,c8d05a2a9487c52b0db6668b143f4c3abd45a93011dd94cc2ebfb416460f5631,experiments/due-diligence/results/map-20261009-resume
dd-387,642,行业尽调,科技与互联网行业,电信设备进网许可标志查询,https://jwxkjwgl.miit.gov.cn/gatewayauthenticityquery,,ROBOTS_UNKNOWN,robots最终HTTP 200，未获得可用规则,未取得核验业务数据,,,,,experiments/due-diligence/results/map-20261009-resume
dd-388,643,行业尽调,科技与互联网行业,移动电话机图片查询,https://jwxkjwgl.miit.gov.cn/gatewayMobilePictureQuery,,ROBOTS_UNKNOWN,robots最终HTTP 200，未获得可用规则,未取得核验业务数据,,,,,experiments/due-diligence/results/map-20261009-resume
dd-389,644,行业尽调,科技与互联网行业,国家保密科技测评中心,http://www.nsstec.org.cn/,http://www.nsstec.org.cn/,ACCESSIBLE_HTML,入口文本和链接已提取,仅验证入口解析；业务正文、完整性和时效性未验收,,entry,experiments/due-diligence/results/map-20261009-resume/bodies/659cb7adfee2ce4d72d1671955b80d7af58f6aa59ae6130f7a94ef43bba09c2b,659cb7adfee2ce4d72d1671955b80d7af58f6aa59ae6130f7a94ef43bba09c2b,experiments/due-diligence/results/map-20261009-resume
dd-390,645,行业尽调,科技与互联网行业,中国汽车燃料消耗量查询系统,https://yhgscx.miit.gov.cn/fuel-consumption-web/mainPage,https://yhgscx.miit.gov.cn/fuel-consumption-web/mainPage,JS_SHELL,静态响应没有足够正文，需要JS渲染或公开数据接口,未取得核验业务数据,,,experiments/due-diligence/results/map-20261009-resume/bodies/0d8f4e37faed6f80a6a13211b748bcee9e8dfedb4271491e58ad2672945b3f60,0d8f4e37faed6f80a6a13211b748bcee9e8dfedb4271491e58ad2672945b3f60,experiments/due-diligence/results/map-20261009-resume
dd-391,646,行业尽调,科技与互联网行业,新能源汽车动力蓄电池回收服务网点信息,https://www.miit.gov.cn/datainfo/zysjk/xnyqcdlxdchsfwwdxx/index.html,https://www.miit.gov.cn/datainfo/zysjk/xnyqcdlxdchsfwwdxx/index.html,JS_SHELL,静态响应没有足够正文，需要JS渲染或公开数据接口,未取得核验业务数据,,,experiments/due-diligence/results/map-20261009-resume/bodies/04495d2f40d11c966307a06ceedfe2380f72c7e8e2ed75c607d6e329711530da,04495d2f40d11c966307a06ceedfe2380f72c7e8e2ed75c607d6e329711530da,experiments/due-diligence/results/map-20261009-resume
dd-392,647,行业尽调,科技与互联网行业,电器电子产品有害物质限制使用公共服务平台,https://chinarohs.miit.gov.cn/,https://chinarohs.miit.gov.cn/,JS_SHELL,静态响应没有足够正文，需要JS渲染或公开数据接口,未取得核验业务数据,,,experiments/due-diligence/results/map-20261009-resume/bodies/b1fbfce768ddf3db2fd40d6a22daf47f48335308326d3e2fe5e17f54cf7fc31f,b1fbfce768ddf3db2fd40d6a22daf47f48335308326d3e2fe5e17f54cf7fc31f,experiments/due-diligence/results/map-20261009-resume
dd-393,648,行业尽调,科技与互联网行业,电子认证服务使用密码许可单位名录,http://www.oscca.gov.cn/app-zxfw/xzspsx/syxkdw.jsp?channel_code=c100142,https://oscca.gov.cn/app-zxfw/xzspsx/syxkdw.jsp?channel_code=c100142,SKIP_INPUT,需提供查询条件，本轮未输入,未取得核验业务数据,,,experiments/due-diligence/results/map-20261009-resume/bodies/cc4ccef9b1d5069c3341348f41659ff0a263974a9721cdc2080b58d370f4b96a,cc4ccef9b1d5069c3341348f41659ff0a263974a9721cdc2080b58d370f4b96a,experiments/due-diligence/results/map-20261009-resume
dd-394,649,行业尽调,科技与互联网行业,外商投资电信企业设立审批,https://www.miit.gov.cn/datainfo/zzsjk/wstzdxqyslsp/,https://www.miit.gov.cn/datainfo/zzsjk/wstzdxqyslsp/,JS_SHELL,静态响应没有足够正文，需要JS渲染或公开数据接口,未取得核验业务数据,,,experiments/due-diligence/results/map-20261009-resume/bodies/bb00c6fef2df3748073ae074ae539465e259bd74b9131f6301609df8d2584547,bb00c6fef2df3748073ae074ae539465e259bd74b9131f6301609df8d2584547,experiments/due-diligence/results/map-20261009-resume
dd-395,650,行业尽调,科技与互联网行业,互联网电子公告服务审批及备案,https://www.miit.gov.cn/datainfo/zzsjk/hlwdzggfwzxspjba/index.html,https://www.miit.gov.cn/datainfo/zzsjk/hlwdzggfwzxspjba/index.html,JS_SHELL,静态响应没有足够正文，需要JS渲染或公开数据接口,未取得核验业务数据,,,experiments/due-diligence/results/map-20261009-resume/bodies/8bfae7ba1f578fc070bb6aea44fd3c27aee12b8d90421b6334ae0e2cba69cadf,8bfae7ba1f578fc070bb6aea44fd3c27aee12b8d90421b6334ae0e2cba69cadf,experiments/due-diligence/results/map-20261009-resume
dd-396,651,行业尽调,科技与互联网行业,全国互联网安全管理服务平台,http://www.beian.gov.cn/,,ROBOTS_DENIED,ROBOTS_DISALLOW,未取得核验业务数据,,,,,experiments/due-diligence/results/map-20261009
dd-397,652,行业尽调,科技与互联网行业,军工电子计量技术机构建立认定,https://www.miit.gov.cn/datainfo/zzsjk/jgdzjljsjgjlrd/index.html,https://www.miit.gov.cn/datainfo/zzsjk/jgdzjljsjgjlrd/index.html,JS_SHELL,静态响应没有足够正文，需要JS渲染或公开数据接口,未取得核验业务数据,,,experiments/due-diligence/results/map-20261009-resume/bodies/318af6e97ee43c29df994555395240bdcbf9fc4892d3c6608dc77b18df7c199e,318af6e97ee43c29df994555395240bdcbf9fc4892d3c6608dc77b18df7c199e,experiments/due-diligence/results/map-20261009-resume
dd-398,653,行业尽调,科技与互联网行业,互联网信息服务投诉平台,https://ts.isc.org.cn/,https://ts.isc.org.cn/,JS_SHELL,静态响应没有足够正文，需要JS渲染或公开数据接口,未取得核验业务数据,,,experiments/due-diligence/results/map-20261009-resume/bodies/cff2d45e2a9422c4a2ac3558ed172ac269456bc4a9b7d9a03a50bdba593b6d6b,cff2d45e2a9422c4a2ac3558ed172ac269456bc4a9b7d9a03a50bdba593b6d6b,experiments/due-diligence/results/map-20261009-resume
dd-399,659,行业尽调,生物医药行业,中国临床试验注册中心检索入口,https://www.chictr.org.cn/searchproj.html,https://www.chictr.org.cn/searchproj.html,EMPTY,响应正文不足40字符，未确认为有效内容,未取得核验业务数据,,,,a484963678c2fe6225db8811c6f688d32c797ff740b314a2a8bbbe6a1b652353,experiments/due-diligence/results/map-20261009-resume
dd-400,660,行业尽调,生物医药行业,药物临床试验登记与信息公示平台,http://www.chinadrugtrials.org.cn/index.html,https://www.chinadrugtrials.org.cn/index.html,HTTP_ERROR,HTTP_202,未取得核验业务数据,,,,5e200d6c82946c2b35f154823d637917101debfc052528bf8a5bbea5043e5dfc,experiments/due-diligence/results/map-20261009-resume
dd-401,661,行业尽调,生物医药行业,国家自然科学基金项目综合查询,https://kd.nsfc.cn/fundingProjectInit,,ROBOTS_DENIED,ROBOTS_DISALLOW,未取得核验业务数据,,,,,experiments/due-diligence/results/map-20261009
dd-402,662,行业尽调,生物医药行业,【科技部】人类遗传资源管理审批,https://fuwu.most.gov.cn/html/jgcx/,https://fuwu.most.gov.cn/html/jgcx/,ACCESSIBLE_HTML,入口文本和链接已提取,仅验证入口解析；业务正文、完整性和时效性未验收；有输入框，主体查询跳过,,entry,experiments/due-diligence/results/map-20261009-resume/bodies/da89e2051ec8e0d4f25c6a9c01e9a8dabbd0d7d784771bac31a9aab42ff2d909,da89e2051ec8e0d4f25c6a9c01e9a8dabbd0d7d784771bac31a9aab42ff2d909,experiments/due-diligence/results/map-20261009-resume
dd-403,663,行业尽调,生物医药行业,国家药监局数据查询,https://www.nmpa.gov.cn/datasearch/home-index.html,https://www.nmpa.gov.cn/datasearch/home-index.html,HTTP_ERROR,HTTP_412,未取得核验业务数据,,,,22892967fcb1ff630d3bb2fdcc7e8154a45403bf119841a4c23d1cce799daa63,experiments/due-diligence/results/map-20261009-resume
dd-404,664,行业尽调,生物医药行业,医疗器械唯一标识数据库,https://udi.nmpa.gov.cn/,https://udi.nmpa.gov.cn/,SKIP_INPUT,需提供查询条件，本轮未输入,未取得核验业务数据,,,experiments/due-diligence/results/map-20261009-resume/bodies/2c977fafaedcde597cede4ffb6125fd2ff5cb0820b9fc2e5f708d015995f1259,2c977fafaedcde597cede4ffb6125fd2ff5cb0820b9fc2e5f708d015995f1259,experiments/due-diligence/results/map-20261009-resume
dd-405,665,行业尽调,生物医药行业,三品一械广告审批结果查询,https://spyxggsc.samr.gov.cn/spyxggsc/MDAIS,,ROBOTS_UNKNOWN,robots最终HTTP 200，未获得可用规则,未取得核验业务数据,,,,,experiments/due-diligence/results/map-20261009-resume
dd-406,666,行业尽调,生物医药行业,中国医药信息查询平台,https://www.dayi.org.cn/,https://www.dayi.org.cn/,ACCESSIBLE_HTML,入口文本和链接已提取,仅验证入口解析；业务正文、完整性和时效性未验收；有输入框，主体查询跳过,,entry,experiments/due-diligence/results/map-20261009-resume/bodies/915ab6cb6b068b421b24caba53f28ebbbc1fd6e52d22acd338819aaff2bc7f4e,915ab6cb6b068b421b24caba53f28ebbbc1fd6e52d22acd338819aaff2bc7f4e,experiments/due-diligence/results/map-20261009-resume
dd-407,667,行业尽调,生物医药行业,医保药品目录查询,https://wx.nhsa.gov.cn/,https://wx.nhsa.gov.cn/,JS_SHELL,静态响应没有足够正文，需要JS渲染或公开数据接口,未取得核验业务数据,,,experiments/due-diligence/results/map-20261009-resume/bodies/a17dd140f219e2518bc7df3e480ce438df31a54035a452c012ec08772846b709,a17dd140f219e2518bc7df3e480ce438df31a54035a452c012ec08772846b709,experiments/due-diligence/results/map-20261009-resume
dd-408,668,行业尽调,生物医药行业,药包材标准,http://app.nifdc.org.cn/jianybz/jybzTwoGj.do,,ROBOTS_UNKNOWN,robots请求失败：DownloadFailedError → ResponseNeverReceived,未取得核验业务数据,,,,,experiments/due-diligence/results/map-20261009-resume
dd-409,669,行业尽调,生物医药行业,医疗器械标准,http://app.nifdc.org.cn/jianybz/jybzTwoGj.do,,ROBOTS_UNKNOWN,robots请求失败：DownloadFailedError → ResponseNeverReceived,未取得核验业务数据,,,,,experiments/due-diligence/results/map-20261009-resume
dd-410,670,行业尽调,生物医药行业,国家药品监督管理局药品评审中心,https://www.cde.org.cn/,https://www.cde.org.cn/,ACCESSIBLE_HTML,入口文本和链接已提取,仅验证入口解析；业务正文、完整性和时效性未验收；有输入框，主体查询跳过,,entry,experiments/due-diligence/results/map-20261009-resume/bodies/c4bf254e14c01b477555283bb36d2f171a131f5a0811901d1e8f8953379d1e8e,c4bf254e14c01b477555283bb36d2f171a131f5a0811901d1e8f8953379d1e8e,experiments/due-diligence/results/map-20261009-resume
dd-411,676,行业尽调,采矿业,矿业权市场,http://ky.mnr.gov.cn/,,ROBOTS_UNKNOWN,robots请求失败：DownloadFailedError,未取得核验业务数据,,,,,experiments/due-diligence/results/map-20261009
dd-412,677,行业尽调,采矿业,全国矿业权人勘查开采信息公示系统,https://kyqgs.mnr.gov.cn/,,ROBOTS_UNKNOWN,robots请求失败：DownloadFailedError → ResponseNeverReceived,未取得核验业务数据,,,,,experiments/due-diligence/results/map-20261009-resume
dd-413,678,行业尽调,采矿业,全球地质矿产信息系统,http://geoglobal.mnr.gov.cn/,,ROBOTS_UNKNOWN,robots请求失败：DownloadFailedError,未取得核验业务数据,,,,,experiments/due-diligence/results/map-20261009
dd-414,679,行业尽调,采矿业,全国地质资料馆,https://www.ngac.cn/125cms/c/qggnew/index.htm,https://www.ngac.cn/125cms/c/qggnew/index.htm,ACCESSIBLE_HTML,入口文本和链接已提取,仅验证入口解析；业务正文、完整性和时效性未验收；有输入框，主体查询跳过,,,,5c4e593b5fd3f02f0b5cc1674f2c2ce0d8ed4372f2c544a35da2f00c61128ded,experiments/due-diligence/results/map-20261009-resume
dd-415,680,行业尽调,采矿业,全国矿产地数据库,http://ngac.org.cn/Kuangchandi/index.html,,ROBOTS_UNKNOWN,robots请求失败：DownloadFailedError,未取得核验业务数据,,,,,experiments/due-diligence/results/map-20261009
dd-416,681,行业尽调,采矿业,境外矿产资源开发备案,http://kczy.mofcom.gov.cn/,http://kczy.mofcom.gov.cn/,ACCESSIBLE_HTML,入口文本和链接已提取,仅验证入口解析；业务正文、完整性和时效性未验收,,entry,experiments/due-diligence/results/map-20261009-resume/bodies/1061f9b383355ec24b5e6deca3dcd93f95ddd47fb6ca666553ce16acf5317d6c,1061f9b383355ec24b5e6deca3dcd93f95ddd47fb6ca666553ce16acf5317d6c,experiments/due-diligence/results/map-20261009-resume
dd-417,682,行业尽调,采矿业,地质云,https://geocloud.cgs.gov.cn/,,ROBOTS_UNKNOWN,robots请求失败：DownloadFailedError,未取得核验业务数据,,,,,experiments/due-diligence/results/map-20261009
dd-418,683,行业尽调,采矿业,批准开采黄金矿产的企业名单,https://wap.miit.gov.cn/datainfo/zzsjk/pzkchjkcsqqymd/index.html,https://wap.miit.gov.cn/datainfo/zzsjk/pzkchjkcsqqymd/index.html,JS_SHELL,静态响应没有足够正文，需要JS渲染或公开数据接口,未取得核验业务数据,,,experiments/due-diligence/results/map-20261009-resume/bodies/fbb77c9587b3f912eaaf0dfc483c934ed7b2fe9a22c25953c231e678fba3695d,fbb77c9587b3f912eaaf0dfc483c934ed7b2fe9a22c25953c231e678fba3695d,experiments/due-diligence/results/map-20261009-resume
dd-419,689,行业尽调,交通运输业,公路企业经营资质查询,http://app.gjzwfw.gov.cn/jmopen/webapp/html5/jtbglqyzz/index.html,,ROBOTS_UNKNOWN,robots最终HTTP 200，未获得可用规则,未取得核验业务数据,,,,,experiments/due-diligence/results/map-20261009-resume
dd-420,690,行业尽调,交通运输业,道路运政经营业户查询,http://app.gjzwfw.gov.cn/jmopen/webapp/html5/jtbdlyzyh/index.html,,ROBOTS_UNKNOWN,robots最终HTTP 200，未获得可用规则,未取得核验业务数据,,,,,experiments/due-diligence/results/map-20261009-resume
dd-421,691,行业尽调,交通运输业,道路运政从业人员查询,https://ysfw.mot.gov.cn/NetRoadCGSS-web/information/query?searchType=person,,ROBOTS_UNKNOWN,robots最终HTTP 200，未获得可用规则,未取得核验业务数据,,,,,experiments/due-diligence/results/map-20261009-resume
dd-422,692,行业尽调,交通运输业,道路运政营运车辆查询,http://app.gjzwfw.gov.cn/jmopen/webapp/html5/jtbdlyzcl/index.html,,ROBOTS_UNKNOWN,robots最终HTTP 200，未获得可用规则,未取得核验业务数据,,,,,experiments/due-diligence/results/map-20261009-resume
dd-423,693,行业尽调,交通运输业,[民航局]资质查询,http://www.caac.gov.cn/FWDT/ZZCX/,http://www.caac.gov.cn/FWDT/ZZCX/,ACCESSIBLE_HTML,入口文本和链接已提取,仅验证入口解析；业务正文、完整性和时效性未验收；有输入框，主体查询跳过,,entry,experiments/due-diligence/results/map-20261009-resume/bodies/d7fee58c2731058e59e375fbbd50fc54db73e6a566451649b1a795cf1932a876,d7fee58c2731058e59e375fbbd50fc54db73e6a566451649b1a795cf1932a876,experiments/due-diligence/results/map-20261009-resume
dd-424,694,行业尽调,交通运输业,国际货运代理企业备案,http://gjhy.mofcom.gov.cn/tableLoad.shtml,,ROBOTS_UNKNOWN,robots请求失败：DownloadFailedError,未取得核验业务数据,,,,,experiments/due-diligence/results/map-20261009
dd-425,695,行业尽调,交通运输业,航运企业经营资质查询（部本级数据）,http://app.gjzwfw.gov.cn/jmopen/webapp/html5/jtbsyqyzz/index.html,,ROBOTS_UNKNOWN,robots最终HTTP 200，未获得可用规则,未取得核验业务数据,,,,,experiments/due-diligence/results/map-20261009-resume
dd-426,696,行业尽调,交通运输业,船舶经营资质查询(部本级数据),http://app.gjzwfw.gov.cn/jmopen/webapp/html5/jtbcbjjzz/index.html,,ROBOTS_UNKNOWN,robots最终HTTP 200，未获得可用规则,未取得核验业务数据,,,,,experiments/due-diligence/results/map-20261009-resume
dd-427,697,行业尽调,交通运输业,海员证书查询,http://app.gjzwfw.gov.cn/jmopen/webapp/html5/jtbhyzs/index.html,,ROBOTS_UNKNOWN,robots最终HTTP 200，未获得可用规则,未取得核验业务数据,,,,,experiments/due-diligence/results/map-20261009-resume
dd-428,698,行业尽调,交通运输业,民航企业业绩查询,http://app.gjzwfw.gov.cn/jmopen/webapp/html5/caacqyyj/index.html,,ROBOTS_UNKNOWN,robots最终HTTP 200，未获得可用规则,未取得核验业务数据,,,,,experiments/due-diligence/results/map-20261009-resume
dd-429,699,行业尽调,交通运输业,民航行程单验真,http://www.caac.gov.cn/INDEX/HLFW/DZKPYZ/,http://www.caac.gov.cn/INDEX/HLFW/DZKPYZ/,ACCESSIBLE_HTML,入口文本和链接已提取,仅验证入口解析；业务正文、完整性和时效性未验收；有输入框，主体查询跳过,,entry,experiments/due-diligence/results/map-20261009-resume/bodies/4847eea9b61917b65d919ae2141e0851af2f5fb6edf8f9adada092fef4568558,4847eea9b61917b65d919ae2141e0851af2f5fb6edf8f9adada092fef4568558,experiments/due-diligence/results/map-20261009-resume
dd-430,700,行业尽调,交通运输业,铁路局行政许可公告查询,https://zwfw.nra.gov.cn/col/col66/index.html,,ROBOTS_UNKNOWN,robots请求失败：CannotResolveHostError,未取得核验业务数据,,,,,experiments/due-diligence/results/map-20261009
dd-431,701,行业尽调,交通运输业,铁路技术标准信息查询,http://app.gjzwfw.gov.cn/jmopen/webapp/html5/tljsbzxxfwpt/index.html,,ROBOTS_UNKNOWN,robots最终HTTP 200，未获得可用规则,未取得核验业务数据,,,,,experiments/due-diligence/results/map-20261009-resume
dd-432,702,行业尽调,交通运输业,试验检测人员考试合格查询,https://syjc.jtzyzg.org.cn/SYJC/LEAP/syjc/html/publicQuery.html,https://syjc.jtzyzg.org.cn/SYJC/LEAP/syjc/html/publicQuery.html,SKIP_INPUT,需提供查询条件，本轮未输入,未取得核验业务数据,,,experiments/due-diligence/results/map-20261009-resume/bodies/98596269f1676a9acca03c2bbaa29fcee26119c4c7a68d6ed71961bacee235df,98596269f1676a9acca03c2bbaa29fcee26119c4c7a68d6ed71961bacee235df,experiments/due-diligence/results/map-20261009-resume
dd-433,708,行业尽调,新闻媒体行业,全国出版物发行单位年度核验查询,https://www.nppa.gov.cn/cbwfxdwndhycx/cbwfxdwndhy_cxy/index.html,,ROBOTS_UNKNOWN,robots最终HTTP 200，未获得可用规则,未取得核验业务数据,,,,,experiments/due-diligence/results/map-20261009-resume
dd-434,709,行业尽调,新闻媒体行业,全国只读类光盘复制单位光盘来源识别码查询,https://www.nppa.gov.cn/bsfw/cyjghcpcx/202112/P020211208753495011054.pdf,,ROBOTS_UNKNOWN,robots最终HTTP 200，未获得可用规则,未取得核验业务数据,,,,,experiments/due-diligence/results/map-20261009-resume
dd-435,710,行业尽调,新闻媒体行业,行政审批事项清单,https://www.nppa.gov.cn/bsfw/xksx/xzxksxqd/201802/t20180208_4922.html,,ROBOTS_UNKNOWN,robots最终HTTP 200，未获得可用规则,未取得核验业务数据,,,,,experiments/due-diligence/results/map-20261009-resume
dd-436,711,行业尽调,新闻媒体行业,图书出版单位,https://www.nppa.gov.cn/bsfw/cyjghcpcx/tcdw/index.html,,ROBOTS_UNKNOWN,robots最终HTTP 200，未获得可用规则,未取得核验业务数据,,,,,experiments/due-diligence/results/map-20261009-resume
dd-437,712,行业尽调,新闻媒体行业,报纸/报社,https://www.nppa.gov.cn/bsfw/cyjghcpcx/bzbs/index.html,,ROBOTS_UNKNOWN,robots最终HTTP 200，未获得可用规则,未取得核验业务数据,,,,,experiments/due-diligence/results/map-20261009-resume
dd-438,713,行业尽调,新闻媒体行业,期刊/期刊社,https://www.nppa.gov.cn/bsfw/cyjghcpcx/qkan/index.html,,ROBOTS_UNKNOWN,robots最终HTTP 200，未获得可用规则,未取得核验业务数据,,,,,experiments/due-diligence/results/map-20261009-resume
dd-439,714,行业尽调,新闻媒体行业,音像出版单位,https://www.nppa.gov.cn/bsfw/cyjghcpcx/yxcb/index.html,,ROBOTS_UNKNOWN,robots最终HTTP 200，未获得可用规则,未取得核验业务数据,,,,,experiments/due-diligence/results/map-20261009-resume
dd-440,715,行业尽调,新闻媒体行业,电子出版物出版单位,https://www.nppa.gov.cn/bsfw/cyjghcpcx/dzcb/index.html,,ROBOTS_UNKNOWN,robots最终HTTP 200，未获得可用规则,未取得核验业务数据,,,,,experiments/due-diligence/results/map-20261009-resume
dd-441,716,行业尽调,新闻媒体行业,网络出版服务单位,https://www.nppa.gov.cn/bsfw/cyjghcpcx/wlcb/index.html,,ROBOTS_UNKNOWN,robots最终HTTP 200，未获得可用规则,未取得核验业务数据,,,,,experiments/due-diligence/results/map-20261009-resume
dd-442,717,行业尽调,新闻媒体行业,发行机构,https://www.nppa.gov.cn/bsfw/cyjghcpcx/fxjg/index.html,,ROBOTS_UNKNOWN,robots最终HTTP 200，未获得可用规则,未取得核验业务数据,,,,,experiments/due-diligence/results/map-20261009-resume
dd-443,718,行业尽调,新闻媒体行业,出版物信息查询,https://pdc.capub.cn/,,ROBOTS_DENIED,ROBOTS_DISALLOW,未取得核验业务数据,,,,,experiments/due-diligence/results/map-20261009
dd-444,719,行业尽调,新闻媒体行业,连续型电子出版物,https://www.nppa.gov.cn/bsfw/cyjghcpcx/lxdz/index.html,,ROBOTS_UNKNOWN,robots最终HTTP 200，未获得可用规则,未取得核验业务数据,,,,,experiments/due-diligence/results/map-20261009-resume
dd-445,720,行业尽调,新闻媒体行业,记者证,https://press.nppa.gov.cn/,,ROBOTS_UNKNOWN,robots最终HTTP 200，未获得可用规则,未取得核验业务数据,,,,,experiments/due-diligence/results/map-20261009-resume
dd-446,726,行业尽调,文娱行业,中国电影数据信息网,https://www.zgdypw.cn/,https://www.zgdypw.cn/,ACCESSIBLE_HTML,入口文本和链接已提取,仅验证入口解析；业务正文、完整性和时效性未验收；有输入框，主体查询跳过,,entry,experiments/due-diligence/results/map-20261009-resume/bodies/0299fd84fa3e39a0500b3fc47bb4df42d3b82e4cfca29346f730338d06632e35,0299fd84fa3e39a0500b3fc47bb4df42d3b82e4cfca29346f730338d06632e35,experiments/due-diligence/results/map-20261009-resume
dd-447,727,行业尽调,文娱行业,国家新闻出版广电总局电影电子政务平台,https://dy.chinafilm.gov.cn/,,ROBOTS_UNKNOWN,robots请求失败：DownloadFailedError → ResponseNeverReceived,未取得核验业务数据,,,,,experiments/due-diligence/results/map-20261009-resume
dd-448,728,行业尽调,文娱行业,电影备案公示,https://www.chinafilm.gov.cn/xxgk/gsxx/dybalx/,,ROBOTS_UNKNOWN,robots最终HTTP 200，未获得可用规则,未取得核验业务数据,,,,,experiments/due-diligence/results/map-20261009-resume
dd-449,729,行业尽调,文娱行业,电影公映许可证公示,https://www.chinafilm.gov.cn/xxgk/gsxx/dygyxkz/,,ROBOTS_UNKNOWN,robots最终HTTP 200，未获得可用规则,未取得核验业务数据,,,,,experiments/due-diligence/results/map-20261009-resume
dd-450,730,行业尽调,文娱行业,国家新闻出版广电总局电视剧电子政务平台,https://dsj.nrta.gov.cn/index.shanty,,ROBOTS_UNKNOWN,robots请求失败：DownloadFailedError → ResponseNeverReceived,未取得核验业务数据,,,,,experiments/due-diligence/results/map-20261009-resume
dd-451,731,行业尽调,文娱行业,国家文物局信息查询服务,http://www.ncha.gov.cn/col/col2262/index.html,http://www.ncha.gov.cn/col/col2262/index.html,ACCESSIBLE_HTML,入口文本和链接已提取,仅验证入口解析；业务正文、完整性和时效性未验收,,entry,experiments/due-diligence/results/map-20261009-resume/bodies/68fc1b97241ccb43127045080ac8d8006633dfd6bb5b9665286042295c767a21,68fc1b97241ccb43127045080ac8d8006633dfd6bb5b9665286042295c767a21,experiments/due-diligence/results/map-20261009-resume
dd-452,732,行业尽调,文娱行业,电视剧备案公示,https://www.nrta.gov.cn/col/col8/index.html,,ROBOTS_UNKNOWN,robots最终HTTP 200，未获得可用规则,未取得核验业务数据,,,,,experiments/due-diligence/results/map-20261009-resume
dd-453,733,行业尽调,文娱行业,动画片备案公示,https://www.nrta.gov.cn/col/col2111/index.html,,ROBOTS_UNKNOWN,robots最终HTTP 200，未获得可用规则,未取得核验业务数据,,,,,experiments/due-diligence/results/map-20261009-resume
dd-454,734,行业尽调,文娱行业,重点网络影视剧信息备案系统,http://211.146.10.138:8080/YSJBA/,,ROBOTS_UNKNOWN,robots请求失败：DownloadFailedError → ResponseNeverReceived,未取得核验业务数据,,,,,experiments/due-diligence/results/map-20261009-resume
dd-455,735,行业尽调,文娱行业,电子游戏审批,https://www.nppa.gov.cn/bsfw/jggs/yxspjg/,,ROBOTS_UNKNOWN,robots最终HTTP 200，未获得可用规则,未取得核验业务数据,,,,,experiments/due-diligence/results/map-20261009-resume
dd-456,736,行业尽调,文娱行业,社会艺术水平考级机构查询,http://app.gjzwfw.gov.cn/jmopen/webapp/html5/shysspkjjg/index.html,,ROBOTS_UNKNOWN,robots最终HTTP 200，未获得可用规则,未取得核验业务数据,,,,,experiments/due-diligence/results/map-20261009-resume
dd-457,737,行业尽调,文娱行业,全国文物保护工程资质单位数据库,http://gl.ncha.gov.cn/,http://gl.ncha.gov.cn/,JS_SHELL,静态响应没有足够正文，需要JS渲染或公开数据接口,未取得核验业务数据,,,experiments/due-diligence/results/map-20261009-resume/bodies/07f6acebb1efd20a44ea883329023078467d7f61ab5e32cf9ffc48c168b2bd2d,07f6acebb1efd20a44ea883329023078467d7f61ab5e32cf9ffc48c168b2bd2d,experiments/due-diligence/results/map-20261009-resume
dd-458,738,行业尽调,文娱行业,文化市场经营单位查询,http://app.gjzwfw.gov.cn/jmopen/webapp/html5/whscjydw/index.html,,ROBOTS_UNKNOWN,robots最终HTTP 200，未获得可用规则,未取得核验业务数据,,,,,experiments/due-diligence/results/map-20261009-resume
dd-459,739,行业尽调,文娱行业,经营出境旅游业务旅行社名单查询,http://app.gjzwfw.gov.cn/jmopen/webapp/html5/abroadnamelistjingwai/index.html,,ROBOTS_UNKNOWN,robots最终HTTP 200，未获得可用规则,未取得核验业务数据,,,,,experiments/due-diligence/results/map-20261009-resume
dd-460,740,行业尽调,文娱行业,社会组织活动备案查询,https://chinanpo.mca.gov.cn/,https://chinanpo.mca.gov.cn/,ACCESSIBLE_HTML,入口文本和链接已提取,仅验证入口解析；业务正文、完整性和时效性未验收；有输入框，主体查询跳过,,entry,experiments/due-diligence/results/map-20261009-resume/bodies/fd0b1716f669e470d72f5d8801998de5b3c221fc22e3d8e1a52fd302690965cb,fd0b1716f669e470d72f5d8801998de5b3c221fc22e3d8e1a52fd302690965cb,experiments/due-diligence/results/map-20261009-resume
dd-461,741,行业尽调,文娱行业,体育竞赛信息查询,http://app.gjzwfw.gov.cn/jmopen/webapp/html5/tyzjjsxxcx/index.html,,ROBOTS_UNKNOWN,robots最终HTTP 200，未获得可用规则,未取得核验业务数据,,,,,experiments/due-diligence/results/map-20261009-resume
dd-462,742,行业尽调,文娱行业,运动员技术等级查询,http://app.gjzwfw.gov.cn/jmopen/webapp/html5/tyzjydyjsdjcx/index.html,,ROBOTS_UNKNOWN,robots最终HTTP 200，未获得可用规则,未取得核验业务数据,,,,,experiments/due-diligence/results/map-20261009-resume
dd-463,743,行业尽调,文娱行业,全国文物保护工程资格人员数据库,http://gl.ncha.gov.cn/,http://gl.ncha.gov.cn/,JS_SHELL,静态响应没有足够正文，需要JS渲染或公开数据接口,未取得核验业务数据,,,experiments/due-diligence/results/map-20261009-resume/bodies/07f6acebb1efd20a44ea883329023078467d7f61ab5e32cf9ffc48c168b2bd2d,07f6acebb1efd20a44ea883329023078467d7f61ab5e32cf9ffc48c168b2bd2d,experiments/due-diligence/results/map-20261009-resume
dd-464,744,行业尽调,文娱行业,12318全国文化市场举报平台,https://jbts.mct.gov.cn/,,ROBOTS_UNKNOWN,robots最终HTTP 200，未获得可用规则,未取得核验业务数据,,,,,experiments/due-diligence/results/map-20261009
dd-465,750,行业尽调,农林牧副渔,农药产品生产批准证书名单,https://wap.miit.gov.cn/datainfo/zysjk/nycpscpzzsmd/index.html,https://wap.miit.gov.cn/datainfo/zysjk/nycpscpzzsmd/index.html,JS_SHELL,静态响应没有足够正文，需要JS渲染或公开数据接口,未取得核验业务数据,,,experiments/due-diligence/results/map-20261009-resume/bodies/94021170c9345685357af7e7572deedc11357698837a16383a2df97c41a8f589,94021170c9345685357af7e7572deedc11357698837a16383a2df97c41a8f589,experiments/due-diligence/results/map-20261009-resume
dd-466,756,行业尽调,教育行业,中国高等教育学生信息网(学信网),https://www.chsi.com.cn/xlcx/,https://www.chsi.com.cn/xlcx/,ACCESSIBLE_HTML,入口文本和链接已提取,仅验证入口解析；业务正文、完整性和时效性未验收；有输入框，主体查询跳过,,entry,experiments/due-diligence/results/map-20261009-resume/bodies/199145acb97761314c37304cb905a5fb759e18b9afe45212a92f121fdd95d16b,199145acb97761314c37304cb905a5fb759e18b9afe45212a92f121fdd95d16b,experiments/due-diligence/results/map-20261009-resume
dd-467,757,行业尽调,教育行业,[教育部]阳光高考信息公开平台,https://gaokao.chsi.com.cn/gkzx.do,https://gaokao.chsi.com.cn/gkzx.do,HTTP_ERROR,HTTP_412,未取得核验业务数据,,,,eb54cdf6be1249f4175990aa43033f7d083f91a79517fba93839d76dd4380fef,experiments/due-diligence/results/map-20261009-resume
dd-468,758,行业尽调,教育行业,[教育部]高校名单,http://www.moe.gov.cn/jyb_xxgk/s5743/s5744/A03/202110/t20211025_574874.html,http://www.moe.gov.cn/jyb_xxgk/s5743/s5744/A03/202110/t20211025_574874.html,ACCESSIBLE_HTML,入口文本和链接已提取,仅验证入口解析；业务正文、完整性和时效性未验收；有输入框，主体查询跳过,,entry,experiments/due-diligence/results/map-20261009-resume/bodies/587adcc5eaa9620d1760a52193386277040de14dfa175ab4d5d1276ecd94d8a2,587adcc5eaa9620d1760a52193386277040de14dfa175ab4d5d1276ecd94d8a2,experiments/due-diligence/results/map-20261009-resume
dd-469,759,行业尽调,教育行业,学位证书网上查询,https://ssza.psxjsz.com/v2/graduation,,ROBOTS_UNKNOWN,robots请求失败：DownloadFailedError,未取得核验业务数据,,,,,experiments/due-diligence/results/map-20261009
dd-470,760,行业尽调,教育行业,国(境)外学历学位认证书在线查询,http://zwfwbl.cscse.edu.cn/homeView/contactUs?type=2,,ROBOTS_UNKNOWN,robots请求失败：CannotResolveHostError,未取得核验业务数据,,,,,experiments/due-diligence/results/map-20261009
dd-471,761,行业尽调,教育行业,中国民办学校网,http://www.hrmbedu.com.cn/,https://www.zgmbxxw.com/,ACCESSIBLE_HTML,入口文本和链接已提取,仅验证入口解析；业务正文、完整性和时效性未验收,,entry,experiments/due-diligence/results/map-20261009-resume/bodies/9ddd59a194b20ec61b5497f94dc27dcf24526e76d419ae3d8bf11d4ab3b27ca6,9ddd59a194b20ec61b5497f94dc27dcf24526e76d419ae3d8bf11d4ab3b27ca6,experiments/due-diligence/results/map-20261009-resume
dd-472,762,行业尽调,教育行业,国家职业资格证书全国联网查询,http://zscx.osta.org.cn/,,ROBOTS_UNKNOWN,robots最终HTTP 200，未获得可用规则,未取得核验业务数据,,,,,experiments/due-diligence/results/map-20261009-resume
dd-473,763,行业尽调,教育行业,国家职业资格证书查询,http://app.gjzwfw.gov.cn/jmopen/webapp/html5/tyzjgjzyzgzs/index.html,,ROBOTS_UNKNOWN,robots最终HTTP 200，未获得可用规则,未取得核验业务数据,,,,,experiments/due-diligence/results/map-20261009-resume
dd-474,764,行业尽调,教育行业,中国人事考试网,http://www.cpta.com.cn/,http://www.cpta.com.cn/,ACCESSIBLE_HTML,入口文本和链接已提取,仅验证入口解析；业务正文、完整性和时效性未验收,,entry,experiments/due-diligence/results/map-20261009-resume/bodies/43ab9e426d8b8c8df80fbc91800de45935b8b6c5b4f910e7b27e808473e33b56,43ab9e426d8b8c8df80fbc91800de45935b8b6c5b4f910e7b27e808473e33b56,experiments/due-diligence/results/map-20261009-resume
dd-475,765,行业尽调,教育行业,英语四六级考试成绩查询,https://cjcx.neea.edu.cn/html1/folder/21045/4883-1.htm,https://cjcx.neea.edu.cn/html1/folder/21045/4883-1.htm,ACCESSIBLE_HTML,入口文本和链接已提取,仅验证入口解析；业务正文、完整性和时效性未验收；有输入框，主体查询跳过,,entry,experiments/due-diligence/results/map-20261009-resume/bodies/e6fbf1d97488c2c5b5e531ce5cc76351050e810e4c152810643f176463659e42,e6fbf1d97488c2c5b5e531ce5cc76351050e810e4c152810643f176463659e42,experiments/due-diligence/results/map-20261009-resume
dd-476,766,行业尽调,教育行业,普通话水平测试成绩查询,http://www.cltt.org/,https://www.cltt.org/,JS_SHELL,静态响应没有足够正文，需要JS渲染或公开数据接口,未取得核验业务数据,,,experiments/due-diligence/results/map-20261009-resume/bodies/8196ad490e3858f07471163409dd47a1af95d603f953a265c4d010fc73f25e47,8196ad490e3858f07471163409dd47a1af95d603f953a265c4d010fc73f25e47,experiments/due-diligence/results/map-20261009-resume
dd-477,767,行业尽调,教育行业,中国民办教育信息网,https://www.cnhsi.com.cn/hy,https://www.cnhsi.com.cn/hy/,ACCESSIBLE_HTML,入口文本和链接已提取,仅验证入口解析；业务正文、完整性和时效性未验收；有输入框，主体查询跳过,,entry,experiments/due-diligence/results/map-20261009-resume/bodies/242569451b54e85a710688f776d8b6ea075d412e709ac566fa49d05a96f047a0,242569451b54e85a710688f776d8b6ea075d412e709ac566fa49d05a96f047a0,experiments/due-diligence/results/map-20261009-resume
dd-478,768,行业尽调,教育行业,中国少数民族汉语水平等级考试成绩查询,http://zwfw.moe.gov.cn/qualificat?activeType=3,,ROBOTS_UNKNOWN,robots请求失败：CannotResolveHostError,未取得核验业务数据,,,,,experiments/due-diligence/results/map-20261009
dd-479,769,行业尽调,教育行业,全国民办高校学生信息公共查询平台,http://www.cxedu.org.cn/,http://www.cxedu.org.cn/,ACCESSIBLE_HTML,入口文本和链接已提取,仅验证入口解析；业务正文、完整性和时效性未验收,,entry,experiments/due-diligence/results/map-20261009-resume/bodies/c5d23bd8c4335c3ca7ee408c203a867cff35a5038b07976df631323d7de24a0e,c5d23bd8c4335c3ca7ee408c203a867cff35a5038b07976df631323d7de24a0e,experiments/due-diligence/results/map-20261009-resume
dd-480,770,行业尽调,教育行业,中小学教师资格考试成绩查询,http://zwfw.moe.gov.cn/qualificat?activeType=4,,ROBOTS_UNKNOWN,robots请求失败：CannotResolveHostError,未取得核验业务数据,,,,,experiments/due-diligence/results/map-20261009
dd-481,771,行业尽调,教育行业,中国民办教育公共信息服务平台,https://cnhsi.com.cn/,https://cnhsi.com.cn/,ACCESSIBLE_HTML,入口文本和链接已提取,仅验证入口解析；业务正文、完整性和时效性未验收；有输入框，主体查询跳过,,entry,experiments/due-diligence/results/map-20261009-resume/bodies/d8d01cb2e4e01de7a6ecdd35b13010d69f42a7ca74bce850b832ff161e7d364f,d8d01cb2e4e01de7a6ecdd35b13010d69f42a7ca74bce850b832ff161e7d364f,experiments/due-diligence/results/map-20261009-resume
dd-482,779,其他网站,政府采购(招投标),中国政府采购网,http://www.ccgp.gov.cn/,http://www.ccgp.gov.cn/,ACCESSIBLE_HTML,入口文本和链接已提取,仅验证入口解析；业务正文、完整性和时效性未验收；有输入框，主体查询跳过,,entry,experiments/due-diligence/results/map-20261009-resume/bodies/aefd73bd2dcdaab929f75b3c08d86041cb5c5af7d33a9fb059a681dc8fa7932e,aefd73bd2dcdaab929f75b3c08d86041cb5c5af7d33a9fb059a681dc8fa7932e,experiments/due-diligence/results/map-20261009-resume
dd-483,780,其他网站,政府采购(招投标),政府采购代理机构名单,http://www.ccgp.gov.cn/agency/md/,http://www.ccgp.gov.cn/agency/md/,ACCESSIBLE_HTML,入口文本和链接已提取,仅验证入口解析；业务正文、完整性和时效性未验收,,entry,experiments/due-diligence/results/map-20261009-resume/bodies/19f7c6949133c3f71cb1328de511a6782d3c4275b2b90c919c5a49856bb2ff62,19f7c6949133c3f71cb1328de511a6782d3c4275b2b90c919c5a49856bb2ff62,experiments/due-diligence/results/map-20261009-resume
dd-484,781,其他网站,政府采购(招投标),政府采购合同公示,http://htgs.ccgp.gov.cn/GS8/contractpublish/search,http://htgs.ccgp.gov.cn/GS8/contractpublish/search,ACCESSIBLE_HTML,入口文本和链接已提取,采购合同公告默认页20条标题、签订日期、发布日期、采购人与供应商；不提交含验证码的筛选表单,,content,experiments/due-diligence/results/map-20261009-resume/bodies/f98b6ddf59380b11c0b6b98be3fd64eda736c3eb9943c176818645f37e1a8ce6,f98b6ddf59380b11c0b6b98be3fd64eda736c3eb9943c176818645f37e1a8ce6,experiments/due-diligence/results/map-20261009-resume
dd-485,782,其他网站,政府采购(招投标),中国招标投标协会,http://www.ctba.org.cn/,http://www.ctba.org.cn/,ACCESSIBLE_HTML,入口文本和链接已提取,仅验证入口解析；业务正文、完整性和时效性未验收；有输入框，主体查询跳过,,entry,experiments/due-diligence/results/map-20261009-resume/bodies/87b26a24f36ade2370903dd8780c7aa141605c20dcb2787ff52029769b12e99b,87b26a24f36ade2370903dd8780c7aa141605c20dcb2787ff52029769b12e99b,experiments/due-diligence/results/map-20261009-resume
dd-486,783,其他网站,政府采购(招投标),全国公共资源交易平台-招投标信息,http://www.cebpubservice.com/NewIndex/index.shtml,,ROBOTS_DENIED,ROBOTS_DISALLOW,未取得核验业务数据,,,,,experiments/due-diligence/results/map-20261009
dd-487,784,其他网站,政府采购(招投标),中国招标投标公共服务平台,http://bulletin.cebpubservice.com/,,ROBOTS_DENIED,ROBOTS_DISALLOW,未取得核验业务数据,,,,,experiments/due-diligence/results/map-20261009-resume
dd-488,790,其他网站,投资项目,[发改委]全国投资项目在线审批监管平台,http://www.tzxm.gov.cn/index.html,http://www.tzxm.gov.cn/index.html,JS_SHELL,静态响应没有足够正文，需要JS渲染或公开数据接口,未取得核验业务数据,,,experiments/due-diligence/results/map-20261009-resume/bodies/15851fa98dc574ebc8f9c33bfe0d3f3f4cc6e634811b5ff34e173dec497dded3,15851fa98dc574ebc8f9c33bfe0d3f3f4cc6e634811b5ff34e173dec497dded3,experiments/due-diligence/results/map-20261009-resume
dd-489,791,其他网站,投资项目,京公网安备11010502039017号|隐私政策|使用条款|关于我们,http://www.beian.gov.cn/portal/registerSystemInfo?recordcode=11010502039017,,ROBOTS_DENIED,ROBOTS_DISALLOW,未取得核验业务数据,,,,,experiments/due-diligence/results/map-20261009
dd-490,792,其他网站,投资项目,京ICP证110182号,https://dxzhgl.miit.gov.cn/dxxzsp/xkz/xkzgl/resource/qiyesearch.jsp?num=%25E4%25BA%25ACICP%25E8%25AF%2581110182%25E5%258F%25B7&type=xuke,https://dxzhgl.miit.gov.cn/dxxzsp/xkz/xkzgl/resource/qiyesearch.jsp?num=%25E4%25BA%25ACICP%25E8%25AF%2581110182%25E5%258F%25B7&type=xuke,SKIP_INPUT,需提供查询条件，本轮未输入,未取得核验业务数据,,,experiments/due-diligence/results/map-20261009-resume/bodies/fab44ef1e6afdea16b5f1bc57f7fc57ae3f85d7da492536da75da434a6765770,fab44ef1e6afdea16b5f1bc57f7fc57ae3f85d7da492536da75da434a6765770,experiments/due-diligence/results/map-20261009-resume
dd-491,793,其他网站,投资项目,京ICP备11009203号-1,http://beian.miit.gov.cn/,,ROBOTS_UNKNOWN,robots最终HTTP 521，未获得可用规则,未取得核验业务数据,,,,,experiments/due-diligence/results/map-20261009-resume
