id,line,category,section,name,map_url,host,class,classification,priority,access,http_status,mechanism,parameters,evidence,scope,next_step,entry_url,sample_url,candidate_url,next_page,observed_at,body_evidence,forms,api_hints,iframes
dd-001,12,主体信息,全国企业信息查询及备用入口,企业信用信息公示,http://www.gsxt.gov.cn/index.html,www.gsxt.gov.cn,F,失败/限制，机制未确认,待复查,HTTP_ERROR,521,UNKNOWN：本轮取不到有效内容,未识别；不推断必填参数,HTTP_521,仅入口及最多一篇站内样本；不代表原清单所指核验业务已可用,复核入口迁移与当前环境；不得解释为无相关记录,http://www.gsxt.gov.cn/index.html,http://www.gsxt.gov.cn/index.html,,未请求,2026-10-09T07:58:49.314114+00:00,,[],[],[]
dd-002,18,主体信息,地方单独运行系统,北京市企业信用信息网,http://qyxy.scjgj.beijing.gov.cn/,qyxy.scjgj.beijing.gov.cn,F,失败/限制，机制未确认,待复查,HTTP_ERROR,503,UNKNOWN：本轮取不到有效内容,未识别；不推断必填参数,HTTP_503,仅入口及最多一篇站内样本；不代表原清单所指核验业务已可用,复核入口迁移与当前环境；不得解释为无相关记录,http://qyxy.scjgj.beijing.gov.cn/,http://qyxy.scjgj.beijing.gov.cn/,,未请求,2026-10-09T07:58:49.314294+00:00,,[],[],[]
dd-003,19,主体信息,地方单独运行系统,天津市市场主体信用信息公示系统,http://credit.scjg.tj.gov.cn/gsxt/,credit.scjg.tj.gov.cn,E,动态页/API/iframe待适配,P2,JS_SHELL,200,JS模板/iframe/API；不得把导航文本当数据,未识别；不推断必填参数,JS_OR_IFRAME_REQUIRED,仅入口及最多一篇站内样本；不代表原清单所指核验业务已可用,检查业务JS与网络请求，优先公开API而非浏览器,https://credit.scjg.tj.gov.cn/gsxt/,https://credit.scjg.tj.gov.cn/gsxt/,,未请求,2026-10-09T07:58:49.427296+00:00,experiments/source-accessibility/results/20261009/bodies/c11f47bf2fb263d8ab9aa25a741c9de93077d1842ccd06592c6065347e5bef55,[],[],[]
dd-004,20,主体信息,地方单独运行系统,深圳商事主体信用监管公示平台,https://amr.sz.gov.cn/xyjggs.webui/xyjggs/index.aspx,amr.sz.gov.cn,B,静态内容链接，待验详情,P2,ACCESSIBLE_HTML,200,公开公告与PDF链接；部分列表JS加载。中文PDF路径初次本地编码失败，修正后HTTP200；PDF正文未验收,静态公告无需输入；type为栏目枚举；企业核验跳转GSXT,公开公告与PDF链接；部分列表JS加载。中文PDF路径初次本地编码失败，修正后HTTP200；PDF正文未验收,仅以上明确描述的公开内容与参数；未验证全量、主体完整核验或长期稳定性,限定目标栏目并核对一篇真实正文/附件,https://amr.sz.gov.cn/xyjggs.webui/xyjggs/index.aspx,https://amr.sz.gov.cn/xyjggs.webui/xyjggs/index.aspx,https://amr.sz.gov.cn/xyjggs.webui/xyjggs/document/恢复经营主体登记（备案）决定书-深圳市诺亚信高科技集团有限公司.pdf,未请求,2026-10-09T07:58:49.314563+00:00,experiments/source-accessibility/results/20261009/bodies/49836210f52c94acb8448cd47a28cdc1d50dddee2f8a8297ad80f8927cfa1ecc,"[{""action"": ""https://amr.sz.gov.cn/xyjggs.webui/xyjggs/index.aspx"", ""method"": ""POST"", ""fields"": []}]",[],[]
dd-005,21,主体信息,地方单独运行系统,东莞市企业信用信息公示系统,http://qyxy.dg.cn/,qyxy.dg.cn,E,动态页/API/iframe待适配,P2,ACCESSIBLE_HTML,200,JS模板/iframe/API；不得把导航文本当数据,未识别；不推断必填参数,PUBLIC_ENTRY_TEXT_EXTRACTED；详情=ACCESSIBLE_HTML,仅入口及最多一篇站内样本；不代表原清单所指核验业务已可用,检查业务JS与网络请求，优先公开API而非浏览器,https://qyxy.dg.cn/,https://qyxy.dg.cn/,https://qyxy.dg.cn/qyxy/xyhb/202203/8fbc309bec484a7ebea8889812a137d7.shtml,未请求,2026-10-09T07:58:49.443865+00:00,experiments/source-accessibility/results/20261009/bodies/cc567a180ac0ce73065331ab31a5ff9bcee97fcbe1fe6583da5ef6490eebd16a,[],[],"[""https://qyxy.dg.cn/compub/qwjs/search_newSearch.action"", ""https://qyxy.dg.cn/wyg-ucap-jyzx/listjyzx.jsp""]"
dd-006,22,主体信息,地方单独运行系统,厦门市商事主体登记及信用信息公示平台,https://credit.scjg.xm.gov.cn/,credit.scjg.xm.gov.cn,E,动态页/API/iframe待适配,P2,ACCESSIBLE_HTML,200,JS模板/iframe/API；不得把导航文本当数据,未识别；不推断必填参数,PUBLIC_ENTRY_TEXT_EXTRACTED；详情=HTTP_ERROR,仅入口及最多一篇站内样本；不代表原清单所指核验业务已可用,检查业务JS与网络请求，优先公开API而非浏览器,https://credit.scjg.xm.gov.cn/,https://credit.scjg.xm.gov.cn/,https://credit.scjg.xm.gov.cn/xygg/202610/t20261008_127811.htm,未请求,2026-10-09T07:58:49.314957+00:00,experiments/source-accessibility/results/20261009/bodies/6c93a8eb20aeb9b78cedbf18c253a4df0bfe9c64acfc80b81b8ee1a9ee8cc564,[],[],"[""https://credit.scjg.xm.gov.cn:8085/xmgsggfw/""]"
dd-007,28,主体信息,港澳台查询系统,中国香港公司注册处综合资讯系统,https://www.icris.cr.gov.hk/csci/,www.icris.cr.gov.hk,E,动态页/API/iframe待适配,P2,JS_SHELL,200,JS模板/iframe/API；不得把导航文本当数据,未识别；不推断必填参数,JS_OR_IFRAME_REQUIRED；源码含验证码线索（不等于所有公开栏目受限）,仅入口及最多一篇站内样本；不代表原清单所指核验业务已可用,检查业务JS与网络请求，优先公开API而非浏览器,https://www.e-services.cr.gov.hk/ICRIS3EP/system/home.do?systemclock=1791532732003,https://www.e-services.cr.gov.hk/ICRIS3EP/system/home.do?systemclock=1791532732003,,未请求,2026-10-09T07:58:52.060297+00:00,experiments/source-accessibility/results/20261009/bodies/e335c2d14ce997b845417be5819c75bcf05aa2f9901548904738ef4a6d7fd4b5,[],[],[]
dd-008,29,主体信息,港澳台查询系统,中国澳门商业登记讯息平台,https://eservice.dsaj.gov.mo/dsajservice9/commercial-platform/index.xhtml,eservice.dsaj.gov.mo,F,失败/限制，机制未确认,待复查,HTTP_ERROR,405,UNKNOWN：本轮取不到有效内容,未识别；不推断必填参数,HTTP_405,仅入口及最多一篇站内样本；不代表原清单所指核验业务已可用,复核入口迁移与当前环境；不得解释为无相关记录,https://eservice3.rn.dsaj.gov.mo/commercial/platform/,https://eservice3.rn.dsaj.gov.mo/commercial/platform/,,未请求,2026-10-09T07:58:49.805448+00:00,,[],[],[]
dd-009,35,主体信息,境外企业查询系统,英国公司注册处（Companies House）,https://find-and-update.company-information.service.gov.uk/,find-and-update.company-information.service.gov.uk,C,公开参数查询/API已取样,P1,ACCESSIBLE_HTML,200,GET /search?q=TESCO 返回企业结果列表；非精确主体匹配验收,q=企业名称/编号；page为候选分页参数，未验,GET /search?q=TESCO 返回企业结果列表；非精确主体匹配验收,仅以上明确描述的公开内容与参数；未验证全量、主体完整核验或长期稳定性,固定参数与分页合同，接入JSON/HTML Recipe,https://find-and-update.company-information.service.gov.uk/,https://find-and-update.company-information.service.gov.uk/search?q=TESCO,,未请求,2026-10-09T07:58:49.365967+00:00,experiments/source-accessibility/results/20261009-extra/bodies/e7d2b1dbecd674075e1c277f252e6648309ced27fcc144b8a2b84b9ab457d458,"[{""action"": ""https://find-and-update.company-information.service.gov.uk/search"", ""method"": ""GET"", ""fields"": [{""name"": ""q"", ""type"": ""search"", ""hint"": """"}]}]",[],[]
dd-010,36,主体信息,境外企业查询系统,英属维尔京群岛,http://www.bvifsc.vg/,www.bvifsc.vg,F,失败/限制，机制未确认,待复查,HTTP_ERROR,403,UNKNOWN：本轮取不到有效内容,未识别；不推断必填参数,HTTP_403,仅入口及最多一篇站内样本；不代表原清单所指核验业务已可用,复核入口迁移与当前环境；不得解释为无相关记录,https://www.bvifsc.vg/,https://www.bvifsc.vg/,,未请求,2026-10-09T07:58:49.558046+00:00,,[],[],[]
dd-011,37,主体信息,境外企业查询系统,德国,http://www.firmenwissen.de/index.html,www.firmenwissen.de,F,失败/限制，机制未确认,待复查,HTTP_ERROR,403,UNKNOWN：本轮取不到有效内容,未识别；不推断必填参数,HTTP_403,仅入口及最多一篇站内样本；不代表原清单所指核验业务已可用,复核入口迁移与当前环境；不得解释为无相关记录,https://firmeneintrag.creditreform.de/,https://firmeneintrag.creditreform.de/,,未请求,2026-10-09T07:58:53.091505+00:00,,[],[],[]
dd-012,38,主体信息,境外企业查询系统,瑞士,https://www.uid.admin.ch/search.aspx?lang=en,www.uid.admin.ch,D,输入/登录型入口,暂缓,SKIP_INPUT,200,表单或登录；业务结果未提交验证,"页面字段线索，必填性未验：POST https://www.uid.admin.ch/search.aspx?lang=en [(无name), ctl00$cphLeftNav$Login$ctl01$txtUsername, ctl00$cphLeftNav$Login$ctl02$txtPassword, ctl00$cphLeftNav$Login$ctl03$chkAutoLogin, ctl00$cphLeftNav$Login$ctl05$txtNewPasswordUsername, ctl00$cphLeftNav$Login$ctl06$txtNewPasswordEmail, ctl00$cphContent$ctl02$txtSearch, ctl00$cphContent$ctl03$txtLastname, ctl00$cphContent$ctl04$txtFirstname, ctl00$cphContent$ctl06$txtGroupname, ctl00$cphContent$ctl07$chkActiveEntitiesOnly, ctl00$cphContent$ctl08$chkIncludeHistoricalNames, ctl00$cphContent$ctl09$chkIncludeUidServices, ctl00$cphContent$ctl10$txtCareOf, ctl00$cphContent$ctl11$txtStreet, ctl00$cphContent$ctl12$txtStreetNumber, ctl00$cphContent$ctl13$txtLine2, ctl00$cphContent$ctl14$txtPostcode, ctl00$cphContent$ctl16$txtTown, ctl00$cphContent$ctl17$ddlCanton, ctl00$cphContent$ctl18$ddlCountry, ctl00$cphContent$ctl19$txtCommunityname, ctl00$cphContent$ctl20$txtCommunityId, ctl00$cphContent$ctl21$txtEGID, ctl00$cphContent$ctl22$txtPostboxPostcode, ctl00$cphContent$ctl23$txtPostboxNumber, ctl00$cphContent$ctl24$ddlLegalform, ctl00$cphContent$ctl25$ddlHRStatus, ctl00$cphContent$ctl26$txtHeadquarter, ctl00$cphContent$ctl27$ddlVATStatus, ctl00$cphContent$ctl28$datVATBegin, ctl00$cphContent$ctl29$datVATEnd]",LOGIN_REQUIRED,仅入口及最多一篇站内样本；不代表原清单所指核验业务已可用,先明确查询主体与必填项；账号/验证码保留人工入口,https://www.uid.admin.ch/search.aspx?lang=en,https://www.uid.admin.ch/search.aspx?lang=en,,未请求,2026-10-09T07:58:51.118422+00:00,experiments/source-accessibility/results/20261009/bodies/f7379e81fa8c9ee31770c0ccb95eb003c6293a0518e77e8b405347090751e43c,"[{""action"": ""https://www.uid.admin.ch/search.aspx?lang=en"", ""method"": ""POST"", ""fields"": [{""name"": """", ""type"": ""text"", ""hint"": """"}, {""name"": ""ctl00$cphLeftNav$Login$ctl01$txtUsername"", ""type"": ""text"", ""hint"": """"}, {""name"": ""ctl00$cphLeftNav$Login$ctl02$txtPassword"", ""type"": ""password"", ""hint"": """"}, {""name"": ""ctl00$cphLeftNav$Login$ctl03$chkAutoLogin"", ""type"": ""checkbox"", ""hint"": """"}, {""name"": ""ctl00$cphLeftNav$Login$ctl05$txtNewPasswordUsername"", ""type"": ""text"", ""hint"": """"}, {""name"": ""ctl00$cphLeftNav$Login$ctl06$txtNewPasswordEmail"", ""type"": ""text"", ""hint"": """"}, {""name"": ""ctl00$cphContent$ctl02$txtSearch"", ""type"": ""search"", ""hint"": """"}, {""name"": ""ctl00$cphContent$ctl03$txtLastname"", ""type"": ""text"", ""hint"": """"}, {""name"": ""ctl00$cphContent$ctl04$txtFirstname"", ""type"": ""text"", ""hint"": """"}, {""name"": ""ctl00$cphContent$ctl06$txtGroupname"", ""type"": ""text"", ""hint"": """"}, {""name"": ""ctl00$cphContent$ctl07$chkActiveEntitiesOnly"", ""type"": ""checkbox"", ""hint"": """"}, {""name"": ""ctl00$cphContent$ctl08$chkIncludeHistoricalNames"", ""type"": ""checkbox"", ""hint"": """"}, {""name"": ""ctl00$cphContent$ctl09$chkIncludeUidServices"", ""type"": ""checkbox"", ""hint"": """"}, {""name"": ""ctl00$cphContent$ctl10$txtCareOf"", ""type"": ""text"", ""hint"": """"}, {""name"": ""ctl00$cphContent$ctl11$txtStreet"", ""type"": ""text"", ""hint"": """"}, {""name"": ""ctl00$cphContent$ctl12$txtStreetNumber"", ""type"": ""text"", ""hint"": """"}, {""name"": ""ctl00$cphContent$ctl13$txtLine2"", ""type"": ""text"", ""hint"": """"}, {""name"": ""ctl00$cphContent$ctl14$txtPostcode"", ""type"": ""text"", ""hint"": """"}, {""name"": ""ctl00$cphContent$ctl16$txtTown"", ""type"": ""text"", ""hint"": """"}, {""name"": ""ctl00$cphContent$ctl17$ddlCanton"", ""type"": ""select"", ""hint"": """"}, {""name"": ""ctl00$cphContent$ctl18$ddlCountry"", ""type"": ""select"", ""hint"": """"}, {""name"": ""ctl00$cphContent$ctl19$txtCommunityname"", ""type"": ""text"", ""hint"": """"}, {""name"": ""ctl00$cphContent$ctl20$txtCommunityId"", ""type"": ""text"", ""hint"": """"}, {""name"": ""ctl00$cphContent$ctl21$txtEGID"", ""type"": ""text"", ""hint"": """"}, {""name"": ""ctl00$cphContent$ctl22$txtPostboxPostcode"", ""type"": ""text"", ""hint"": """"}, {""name"": ""ctl00$cphContent$ctl23$txtPostboxNumber"", ""type"": ""text"", ""hint"": """"}, {""name"": ""ctl00$cphContent$ctl24$ddlLegalform"", ""type"": ""select"", ""hint"": """"}, {""name"": ""ctl00$cphContent$ctl25$ddlHRStatus"", ""type"": ""select"", ""hint"": """"}, {""name"": ""ctl00$cphContent$ctl26$txtHeadquarter"", ""type"": ""text"", ""hint"": """"}, {""name"": ""ctl00$cphContent$ctl27$ddlVATStatus"", ""type"": ""select"", ""hint"": """"}, {""name"": ""ctl00$cphContent$ctl28$datVATBegin"", ""type"": ""text"", ""hint"": """"}, {""name"": ""ctl00$cphContent$ctl29$datVATEnd"", ""type"": ""text"", ""hint"": """"}]}]",[],[]
dd-013,39,主体信息,境外企业查询系统,加拿大,https://www.ic.gc.ca/app/scr/cc/CorporationsCanada/fdrlCrpSrch.html?locale=en_CA,www.ic.gc.ca,F,失败/限制，机制未确认,待复查,ROBOTS_DENIED,,UNKNOWN：本轮取不到有效内容,未识别；不推断必填参数,ROBOTS_DENIED,仅入口及最多一篇站内样本；不代表原清单所指核验业务已可用,复核入口迁移与当前环境；不得解释为无相关记录,https://www.ic.gc.ca/app/scr/cc/CorporationsCanada/fdrlCrpSrch.html?locale=en_CA,https://www.ic.gc.ca/app/scr/cc/CorporationsCanada/fdrlCrpSrch.html?locale=en_CA,,未请求,,,[],[],[]
dd-014,40,主体信息,境外企业查询系统,澳大利亚,http://abr.business.gov.au/,abr.business.gov.au,F,失败/限制，机制未确认,待复查,NETWORK_ERROR,,UNKNOWN：本轮取不到有效内容,未识别；不推断必填参数,RemoteDisconnected,仅入口及最多一篇站内样本；不代表原清单所指核验业务已可用,复核入口迁移与当前环境；不得解释为无相关记录,http://abr.business.gov.au/,http://abr.business.gov.au/,,未请求,2026-10-09T07:58:51.321352+00:00,,[],[],[]
dd-015,48,诉讼仲裁,裁判文书,中国裁判文书网,http://wenshu.court.gov.cn/,wenshu.court.gov.cn,F,失败/限制，机制未确认,待复查,ROBOTS_DENIED,,UNKNOWN：本轮取不到有效内容,未识别；不推断必填参数,ROBOTS_DENIED,仅入口及最多一篇站内样本；不代表原清单所指核验业务已可用,复核入口迁移与当前环境；不得解释为无相关记录,http://wenshu.court.gov.cn/,http://wenshu.court.gov.cn/,,未请求,,,[],[],[]
dd-016,49,诉讼仲裁,裁判文书,公报案例,http://gongbao.court.gov.cn/ArticleList.html?serial_no=al,gongbao.court.gov.cn,B,静态内容链接，待验详情,P2,ACCESSIBLE_HTML,200,HTML有候选链接；详情正文尚未确认,"页面字段线索，必填性未验：GET http://gongbao.court.gov.cn/QueryArticle.html [title, content, document_number, serial_no, year, number, (无name)]",PUBLIC_ENTRY_TEXT_EXTRACTED；详情=REDIRECT_LIMIT,仅入口及最多一篇站内样本；不代表原清单所指核验业务已可用,限定目标栏目并核对一篇真实正文/附件,http://gongbao.court.gov.cn/ArticleList.html?serial_no=al,http://gongbao.court.gov.cn/ArticleList.html?serial_no=al,http://gongbao.court.gov.cn/Details/183e1bc22d338f9c7ad2ef3e83871f.html,REDIRECT_LIMIT,2026-10-09T07:58:51.420984+00:00,experiments/source-accessibility/results/20261009/bodies/f395979d22f1495dfdd5a41bce4ca0631822d7f73811e37be74749e83fe7641f,"[{""action"": ""http://gongbao.court.gov.cn/QueryArticle.html"", ""method"": ""GET"", ""fields"": [{""name"": ""title"", ""type"": ""text"", ""hint"": ""请输入标题""}, {""name"": ""content"", ""type"": ""text"", ""hint"": ""请输入一段文字""}, {""name"": ""document_number"", ""type"": ""text"", ""hint"": ""请输入文号""}, {""name"": ""serial_no"", ""type"": ""select"", ""hint"": """"}, {""name"": ""year"", ""type"": ""select"", ""hint"": """"}, {""name"": ""number"", ""type"": ""select"", ""hint"": """"}, {""name"": """", ""type"": ""reset"", ""hint"": """"}]}]",[],[]
dd-017,50,诉讼仲裁,裁判文书,指导案例,https://www.court.gov.cn/shenpan/gengduo/77.html,www.court.gov.cn,A,静态正文或名单样本,P0,ACCESSIBLE_HTML,200,无需主体输入的HTML/PDF内容样本,无需主体输入；下一页77_2.html；content仅站内搜索,PUBLIC_ENTRY_TEXT_EXTRACTED；详情=ACCESSIBLE_HTML；正文容器=.txt_txt,人工读取的样本正文；字段断言见selected-checks.json；历史全量尚未验收,选定业务栏目，补分页/增量/正文准确性验收,https://www.court.gov.cn/shenpan/gengduo/77.html,https://www.court.gov.cn/shenpan/xiangqing/490521.html,https://www.court.gov.cn/shenpan/xiangqing/490521.html,ACCESSIBLE_HTML,2026-10-09T07:58:51.492164+00:00,experiments/source-accessibility/results/20261009/bodies/9561ff2c7826f3c39b7f56226d99a2b0f4e4907068526d112c61f497be39c55c,"[{""action"": ""https://www.court.gov.cn/search.html"", ""method"": ""GET"", ""fields"": [{""name"": ""content"", ""type"": ""text"", ""hint"": """"}]}]",[],[]
dd-018,51,诉讼仲裁,裁判文书,人民法院案例库,https://rmfyalk.court.gov.cn/,rmfyalk.court.gov.cn,D,输入/登录型入口,暂缓,SKIP_INPUT,200,表单或登录；业务结果未提交验证,页面字段线索，必填性未验：请输入要检索的内容；keyTitle；keyContent；cpws_al_no；cpws_al_ajzh；sort_id_cpwsAl；case_sort_id_cpwsAl；slcx_id_cpwsAl；slfy_id_cpwsAl；fyjb_id_cpwsAl；wslx_id_cpwsAl；keyword_cpwsAl,QUERY_PARAMETERS_REQUIRED,仅入口及最多一篇站内样本；不代表原清单所指核验业务已可用,先明确查询主体与必填项；账号/验证码保留人工入口,https://rmfyalk.court.gov.cn/,https://rmfyalk.court.gov.cn/,,未请求,2026-10-09T07:58:51.557749+00:00,experiments/source-accessibility/results/20261009/bodies/446e9772aba4c08e7190d04deb8356752a862b8888bfee9d7f21a5c743a9ac4a,[],[],[]
dd-019,57,诉讼仲裁,法院网站,最高人民法院,http://www.court.gov.cn/,www.court.gov.cn,A,静态正文或名单样本,P1,ACCESSIBLE_HTML,200,无需主体输入的HTML/PDF内容样本,页面字段线索，必填性未验：GET https://www.court.gov.cn/search.html [content],"PUBLIC_ENTRY_TEXT_EXTRACTED；详情=ACCESSIBLE_HTML；正文容器=#zoom,.txt_txt；自动识别的正文样本，语义准确性待逐源核对",仅入口及最多一篇站内样本；不代表原清单所指核验业务已可用,选定业务栏目，补分页/增量/正文准确性验收,https://www.court.gov.cn/index.html,https://www.court.gov.cn/zixun/xiangqing/512041.html,https://www.court.gov.cn/zixun/xiangqing/512041.html,未请求,2026-10-09T07:58:57.206404+00:00,experiments/source-accessibility/results/20261009/bodies/3991b437db374d6570c66daca84f0bb56de2cb113b5d379a090bf967082b3236,"[{""action"": ""https://www.court.gov.cn/search.html"", ""method"": ""GET"", ""fields"": [{""name"": ""content"", ""type"": ""text"", ""hint"": """"}]}]",[],[]
dd-020,58,诉讼仲裁,法院网站,人民法院公告网,https://rmfygg.court.gov.cn/,rmfygg.court.gov.cn,G,入口可读，内容未定位,P2,ACCESSIBLE_HTML,200,HTML可读；只有入口级证据,页面字段线索，必填性未验：search；输入人员检索名称或机构检索名称等...,PUBLIC_ENTRY_TEXT_EXTRACTED,仅入口及最多一篇站内样本；不代表原清单所指核验业务已可用,寻找新闻公告栏目；首页可读不等于业务数据可用,https://rmfygg.court.gov.cn/,https://rmfygg.court.gov.cn/,,未请求,2026-10-09T07:58:51.796792+00:00,experiments/source-accessibility/results/20261009/bodies/584689168a68a690a45519f7170aacb51f94632fde6880a6490c5b2f113adf38,"[{""action"": ""https://rmfygg.court.gov.cn/"", ""method"": ""POST"", ""fields"": []}]",[],[]
dd-021,64,诉讼仲裁,保全与执行,全国法院被执行人信息查询,http://zxgk.court.gov.cn/zhzxgk/,zxgk.court.gov.cn,F,失败/限制，机制未确认,待复查,ACCESS_RESTRICTED,200,UNKNOWN：本轮取不到有效内容,页面字段线索，必填性未验：pName；pCardNum；(无name),CHALLENGE_OR_ACCESS_DENIED,仅入口及最多一篇站内样本；不代表原清单所指核验业务已可用,复核入口迁移与当前环境；不得解释为无相关记录,https://zxgk.court.gov.cn/zhzxgk/,https://zxgk.court.gov.cn/zhzxgk/,,未请求,2026-10-09T07:58:52.512689+00:00,,[],[],[]
dd-022,65,诉讼仲裁,保全与执行,中国执行信息公开网,http://zxgk.court.gov.cn/,zxgk.court.gov.cn,G,入口可读，内容未定位,P2,ACCESSIBLE_HTML,200,HTML可读；只有入口级证据,未识别；不推断必填参数,PUBLIC_ENTRY_TEXT_EXTRACTED,仅入口及最多一篇站内样本；不代表原清单所指核验业务已可用,寻找新闻公告栏目；首页可读不等于业务数据可用,https://zxgk.court.gov.cn/,https://zxgk.court.gov.cn/,,未请求,2026-10-09T07:58:54.129194+00:00,experiments/source-accessibility/results/20261009/bodies/b5755ad60aca80ca61ba92f6cc141bda78d5d8cba29fac0e4f375b72605009f6,[],[],[]
dd-023,66,诉讼仲裁,保全与执行,人民法院诉讼资产网,http://www.rmfysszc.gov.cn/,www.rmfysszc.gov.cn,F,失败/限制，机制未确认,待复查,ROBOTS_DENIED,,UNKNOWN：本轮取不到有效内容,未识别；不推断必填参数,ROBOTS_DENIED,仅入口及最多一篇站内样本；不代表原清单所指核验业务已可用,复核入口迁移与当前环境；不得解释为无相关记录,http://www.rmfysszc.gov.cn/,http://www.rmfysszc.gov.cn/,,未请求,,,[],[],[]
dd-024,67,诉讼仲裁,保全与执行,人民法院网上保全系统,https://baoquan.court.gov.cn/,baoquan.court.gov.cn,E,动态页/API/iframe待适配,P2,JS_SHELL,200,JS模板/iframe/API；不得把导航文本当数据,未识别；不推断必填参数,JS_OR_IFRAME_REQUIRED,仅入口及最多一篇站内样本；不代表原清单所指核验业务已可用,检查业务JS与网络请求，优先公开API而非浏览器,https://baoquan.court.gov.cn/,https://baoquan.court.gov.cn/,,未请求,2026-10-09T07:58:53.125865+00:00,experiments/source-accessibility/results/20261009/bodies/3d6e5b62eaccc927ab9ed974ad13305394f44c1e9ca7fe085fde692dd27f349c,[],[],[]
dd-025,68,诉讼仲裁,保全与执行,中国司法大数据服务网,http://data.court.gov.cn/pages/index.html,data.court.gov.cn,F,失败/限制，机制未确认,待复查,NETWORK_ERROR,,UNKNOWN：本轮取不到有效内容,未识别；不推断必填参数,RemoteDisconnected,仅入口及最多一篇站内样本；不代表原清单所指核验业务已可用,复核入口迁移与当前环境；不得解释为无相关记录,http://data.court.gov.cn/pages/index.html,http://data.court.gov.cn/pages/index.html,,未请求,2026-10-09T07:58:53.282213+00:00,,[],[],[]
dd-026,74,诉讼仲裁,评估与鉴定,人民法院司法评估机构名单库,http://zxgk.court.gov.cn/ccpg/findSfpgjgPage,zxgk.court.gov.cn,F,失败/限制，机制未确认,待复查,HTTP_ERROR,412,UNKNOWN：本轮取不到有效内容,未识别；不推断必填参数,HTTP_412,仅入口及最多一篇站内样本；不代表原清单所指核验业务已可用,复核入口迁移与当前环境；不得解释为无相关记录,https://zxgk.court.gov.cn/ccpg/findSfpgjgPage,https://zxgk.court.gov.cn/ccpg/findSfpgjgPage,,未请求,2026-10-09T07:58:57.554678+00:00,,[],[],[]
dd-027,75,诉讼仲裁,评估与鉴定,选定评估机构公示,http://zxgk.court.gov.cn/ccpg/index_form_cccz03,zxgk.court.gov.cn,F,失败/限制，机制未确认,待复查,HTTP_ERROR,412,UNKNOWN：本轮取不到有效内容,未识别；不推断必填参数,HTTP_412,仅入口及最多一篇站内样本；不代表原清单所指核验业务已可用,复核入口迁移与当前环境；不得解释为无相关记录,https://zxgk.court.gov.cn/ccpg/index_form_cccz03,https://zxgk.court.gov.cn/ccpg/index_form_cccz03,,未请求,2026-10-09T07:58:59.150567+00:00,,[],[],[]
dd-028,76,诉讼仲裁,评估与鉴定,人民法院委托鉴定系统,https://dwwtjd.court.gov.cn/,dwwtjd.court.gov.cn,E,动态页/API/iframe待适配,P2,JS_SHELL,200,JS模板/iframe/API；不得把导航文本当数据,未识别；不推断必填参数,JS_OR_IFRAME_REQUIRED,仅入口及最多一篇站内样本；不代表原清单所指核验业务已可用,检查业务JS与网络请求，优先公开API而非浏览器,https://zxfw.court.gov.cn/zxfw/,https://zxfw.court.gov.cn/zxfw/,,未请求,2026-10-09T07:58:54.652122+00:00,experiments/source-accessibility/results/20261009/bodies/b5bac6ca63aa38c6181aef49184d5cb119eca8d4df8b6d24acd417693755f4ab,[],[],[]
dd-029,82,诉讼仲裁,公告和送达,人民法院公告网,https://rmfygg.court.gov.cn/,rmfygg.court.gov.cn,G,入口可读，内容未定位,P2,ACCESSIBLE_HTML,200,HTML可读；只有入口级证据,页面字段线索，必填性未验：search；输入人员检索名称或机构检索名称等...,PUBLIC_ENTRY_TEXT_EXTRACTED,仅入口及最多一篇站内样本；不代表原清单所指核验业务已可用,寻找新闻公告栏目；首页可读不等于业务数据可用,https://rmfygg.court.gov.cn/,https://rmfygg.court.gov.cn/,,未请求,2026-10-09T07:58:51.796792+00:00,experiments/source-accessibility/results/20261009/bodies/584689168a68a690a45519f7170aacb51f94632fde6880a6490c5b2f113adf38,"[{""action"": ""https://rmfygg.court.gov.cn/"", ""method"": ""POST"", ""fields"": []}]",[],[]
dd-030,83,诉讼仲裁,公告和送达,人民法院公告自助平台,http://zzpt.rmfyb.cn/,zzpt.rmfyb.cn,E,动态页/API/iframe待适配,P2,JS_SHELL,200,JS模板/iframe/API；不得把导航文本当数据,未识别；不推断必填参数,JS_OR_IFRAME_REQUIRED,仅入口及最多一篇站内样本；不代表原清单所指核验业务已可用,检查业务JS与网络请求，优先公开API而非浏览器,https://zzpt.rmfyb.cn/user/zhuye,https://zzpt.rmfyb.cn/user/zhuye,,未请求,2026-10-09T07:58:57.260813+00:00,experiments/source-accessibility/results/20261009/bodies/7e10be3f5a5ec18d4aef44e108a9127477d6876d9eade6dee7df8ef09ed07072,[],[],[]
dd-031,84,诉讼仲裁,公告和送达,人民法院送达平台,http://songda.court.gov.cn/,songda.court.gov.cn,E,动态页/API/iframe待适配,P2,JS_SHELL,200,JS模板/iframe/API；不得把导航文本当数据,未识别；不推断必填参数,JS_OR_IFRAME_REQUIRED,仅入口及最多一篇站内样本；不代表原清单所指核验业务已可用,检查业务JS与网络请求，优先公开API而非浏览器,https://zxfw.court.gov.cn/zxfw/,https://zxfw.court.gov.cn/zxfw/,,未请求,2026-10-09T07:58:57.930592+00:00,experiments/source-accessibility/results/20261009/bodies/b5bac6ca63aa38c6181aef49184d5cb119eca8d4df8b6d24acd417693755f4ab,[],[],[]
dd-032,90,诉讼仲裁,庭审公开,中国庭审公开网,http://tingshen.court.gov.cn/,tingshen.court.gov.cn,F,失败/限制，机制未确认,待复查,ROBOTS_DENIED,,UNKNOWN：本轮取不到有效内容,未识别；不推断必填参数,ROBOTS_DENIED,仅入口及最多一篇站内样本；不代表原清单所指核验业务已可用,复核入口迁移与当前环境；不得解释为无相关记录,http://tingshen.court.gov.cn/,http://tingshen.court.gov.cn/,,未请求,,,[],[],[]
dd-033,91,诉讼仲裁,庭审公开,全国人民法庭信息网,http://rmft.court.gov.cn/0/index.jhtml,rmft.court.gov.cn,B,静态内容链接，待验详情,P2,ACCESSIBLE_HTML,200,HTML有候选链接；详情正文尚未确认,页面字段线索，必填性未验：GET https://rmft.court.gov.cn/search.jspx [q],PUBLIC_ENTRY_TEXT_EXTRACTED；详情=ACCESSIBLE_HTML,仅入口及最多一篇站内样本；不代表原清单所指核验业务已可用,限定目标栏目并核对一篇真实正文/附件,https://rmft.court.gov.cn/0/index.jhtml,https://rmft.court.gov.cn/0/index.jhtml,http://rmft.court.gov.cn:80/2050/ftxw/3877.jhtml,未请求,2026-10-09T07:58:58.392495+00:00,experiments/source-accessibility/results/20261009/bodies/795e42a5c29b96c7e2ad5e8308c83c39babe34b8c0485fb1a57b85d1788820ad,"[{""action"": ""https://rmft.court.gov.cn/search.jspx"", ""method"": ""GET"", ""fields"": [{""name"": ""q"", ""type"": ""text"", ""hint"": """"}]}]","[""https://rmft.court.gov.cn/r/cms/www/qgrmftxxw/json/map.json""]",[]
dd-034,92,诉讼仲裁,庭审公开,中国海事审判网,https://cmt.court.gov.cn/hssp-zw/#/index,cmt.court.gov.cn,E,动态页/API/iframe待适配,P2,JS_SHELL,200,JS模板/iframe/API；不得把导航文本当数据,未识别；不推断必填参数,JS_OR_IFRAME_REQUIRED,仅入口及最多一篇站内样本；不代表原清单所指核验业务已可用,检查业务JS与网络请求，优先公开API而非浏览器,https://cmt.court.gov.cn/hssp-zw/,https://cmt.court.gov.cn/hssp-zw/,,未请求,2026-10-09T07:58:58.885661+00:00,experiments/source-accessibility/results/20261009/bodies/972c8440b11ed6651ab3e88aa78181d5b1679a4e0b0798ac95d9319ee10d3e9a,[],[],[]
dd-035,98,诉讼仲裁,破产重组,全国企业破产重整案件信息网,http://pccz.court.gov.cn/pcajxxw/index/xxwsy,pccz.court.gov.cn,G,入口可读，内容未定位,P2,ACCESSIBLE_HTML,200,HTML可读；只有入口级证据,"页面字段线索，必填性未验：POST https://pccz.court.gov.cn/pcajxxw/searchKey/qzss?ssfs=1 [search]; POST https://pccz.court.gov.cn/pcajxxw/searchKey/qzss?ssfs=2 [search, fbrlx, fbr, ajlx, nrlb, fbkssj, fbjssj]",PUBLIC_ENTRY_TEXT_EXTRACTED,仅入口及最多一篇站内样本；不代表原清单所指核验业务已可用,寻找新闻公告栏目；首页可读不等于业务数据可用,https://pccz.court.gov.cn/pcajxxw/index/xxwsy,https://pccz.court.gov.cn/pcajxxw/index/xxwsy,,未请求,2026-10-09T07:58:59.156046+00:00,experiments/source-accessibility/results/20261009/bodies/5bd493154f356b253a5510c42a95f9961e5caf332edf3888a98f879b5736d4e0,"[{""action"": ""https://pccz.court.gov.cn/pcajxxw/searchKey/qzss?ssfs=1"", ""method"": ""POST"", ""fields"": [{""name"": ""search"", ""type"": ""text"", ""hint"": ""请输入关键词""}]}, {""action"": ""https://pccz.court.gov.cn/pcajxxw/searchKey/qzss?ssfs=2"", ""method"": ""POST"", ""fields"": [{""name"": ""search"", ""type"": ""text"", ""hint"": ""请输入内容""}, {""name"": ""fbrlx"", ""type"": ""select"", ""hint"": """"}, {""name"": ""fbr"", ""type"": ""text"", ""hint"": """"}, {""name"": ""ajlx"", ""type"": ""select"", ""hint"": """"}, {""name"": ""nrlb"", ""type"": ""select"", ""hint"": """"}, {""name"": ""fbkssj"", ""type"": ""text"", ""hint"": """"}, {""name"": ""fbjssj"", ""type"": ""text"", ""hint"": """"}]}]",[],[]
dd-036,104,诉讼仲裁,司法拍卖,人民法院诉讼资产网,http://www.rmfysszc.gov.cn/,www.rmfysszc.gov.cn,F,失败/限制，机制未确认,待复查,ROBOTS_DENIED,,UNKNOWN：本轮取不到有效内容,未识别；不推断必填参数,ROBOTS_DENIED,仅入口及最多一篇站内样本；不代表原清单所指核验业务已可用,复核入口迁移与当前环境；不得解释为无相关记录,http://www.rmfysszc.gov.cn/,http://www.rmfysszc.gov.cn/,,未请求,,,[],[],[]
dd-037,105,诉讼仲裁,司法拍卖,阿里司法拍卖,https://sf.taobao.com/,sf.taobao.com,E,动态页/API/iframe待适配,P2,ACCESSIBLE_HTML,200,JS模板/iframe/API；不得把导航文本当数据,页面字段线索，必填性未验：GET https://sf.taobao.com/item_list.htm [q],PUBLIC_ENTRY_TEXT_EXTRACTED；详情=JS_SHELL,仅入口及最多一篇站内样本；不代表原清单所指核验业务已可用,检查业务JS与网络请求，优先公开API而非浏览器,https://sf.taobao.com/,https://sf.taobao.com/,https://sf.taobao.com/notice_detail/18694207.htm,未请求,2026-10-09T07:58:59.187193+00:00,experiments/source-accessibility/results/20261009/bodies/6e7157217f9bc679681af4d41e222d7dcf6178e87d22bb83ce387989c326e954,"[{""action"": ""https://sf.taobao.com/item_list.htm"", ""method"": ""GET"", ""fields"": [{""name"": ""q"", ""type"": ""text"", ""hint"": ""标的物名称/地理位置/执行案号""}]}]",[],[]
dd-038,106,诉讼仲裁,司法拍卖,京东司法拍卖,https://auction.jd.com/sifa.html,auction.jd.com,F,失败/限制，机制未确认,待复查,EMPTY,200,UNKNOWN：本轮取不到有效内容,未识别；不推断必填参数,INSUFFICIENT_VISIBLE_CONTENT,仅入口及最多一篇站内样本；不代表原清单所指核验业务已可用,复核入口迁移与当前环境；不得解释为无相关记录,https://auction.jd.com/sifa.html,https://auction.jd.com/sifa.html,,未请求,2026-10-09T07:59:00.882883+00:00,,[],[],[]
dd-039,112,诉讼仲裁,检察院,最高人民检察院,https://www.spp.gov.cn/,www.spp.gov.cn,A,静态正文或名单样本,P1,ACCESSIBLE_HTML,200,无需主体输入的HTML/PDF内容样本,页面字段线索，必填性未验：qt；qt,PUBLIC_ENTRY_TEXT_EXTRACTED；详情=ACCESSIBLE_HTML；正文容器=#fontzoom；自动识别的正文样本，语义准确性待逐源核对,仅入口及最多一篇站内样本；不代表原清单所指核验业务已可用,选定业务栏目，补分页/增量/正文准确性验收,https://www.spp.gov.cn/,https://www.spp.gov.cn/spp/dfjcdt/202610/t20261009_738135.shtml,https://www.spp.gov.cn/spp/dfjcdt/202610/t20261009_738135.shtml,未请求,2026-10-09T07:59:01.145064+00:00,experiments/source-accessibility/results/20261009/bodies/2d47b6df53c8ed4365d69dff15c9b0abc8901e95c0b7d8e4194fce70dfcd4b93,[],[],[]
dd-040,113,诉讼仲裁,检察院,最高检公报,https://www.spp.gov.cn/spp/gjgb/index.shtml,www.spp.gov.cn,A,静态正文或名单样本,P1,ACCESSIBLE_HTML,200,无需主体输入的HTML/PDF内容样本,页面字段线索，必填性未验：qt；qt,PUBLIC_ENTRY_TEXT_EXTRACTED；详情=ACCESSIBLE_HTML；正文容器=#fontzoom；自动识别的正文样本，语义准确性待逐源核对,仅入口及最多一篇站内样本；不代表原清单所指核验业务已可用,选定业务栏目，补分页/增量/正文准确性验收,https://www.spp.gov.cn/spp/gjgb/index.shtml,https://www.spp.gov.cn/spp/gjgb/202608/t20260821_735328.shtml,https://www.spp.gov.cn/spp/gjgb/202608/t20260821_735328.shtml,未请求,2026-10-09T07:59:01.530360+00:00,experiments/source-accessibility/results/20261009/bodies/dd5a85afd0c3feea325448df90f390dbf8b3c854ac9c19b6fc21d7d1be0c612b,[],[],[]
dd-041,114,诉讼仲裁,检察院,指导性案例,https://www.spp.gov.cn/spp/jczdal/index.shtml,www.spp.gov.cn,A,静态正文或名单样本,P0,ACCESSIBLE_HTML,200,无需主体输入的HTML/PDF内容样本,无需主体输入；下一页index_2.shtml；qt仅站内搜索,PUBLIC_ENTRY_TEXT_EXTRACTED；详情=ACCESSIBLE_HTML；正文容器=#fontzoom,人工读取的样本正文；字段断言见selected-checks.json；历史全量尚未验收,选定业务栏目，补分页/增量/正文准确性验收,https://www.spp.gov.cn/spp/jczdal/index.shtml,https://www.spp.gov.cn/spp/jczdal/202608/t20260805_733868.shtml,https://www.spp.gov.cn/spp/jczdal/202608/t20260805_733868.shtml,ACCESSIBLE_HTML,2026-10-09T07:59:01.530785+00:00,experiments/source-accessibility/results/20261009/bodies/62848b6a4215bace30b54a9b094cb241d43125a40a01a7d60e3237be72aa9cae,[],[],[]
dd-042,115,诉讼仲裁,检察院,中国检察网,https://www.12309.gov.cn/,www.12309.gov.cn,E,动态页/API/iframe待适配,P2,ACCESSIBLE_HTML,200,JS模板/iframe/API；不得把导航文本当数据,页面字段线索，必填性未验：GET https://www.12309.gov.cn/searchui/ [text],PUBLIC_ENTRY_TEXT_EXTRACTED；详情=ACCESSIBLE_HTML,仅入口及最多一篇站内样本；不代表原清单所指核验业务已可用,检查业务JS与网络请求，优先公开API而非浏览器,https://www.12309.gov.cn/,https://www.12309.gov.cn/,https://www.12309.gov.cn/12309/C012/2066840482702622721.html,未请求,2026-10-09T07:59:02.556758+00:00,,"[{""action"": ""https://www.12309.gov.cn/searchui/"", ""method"": ""GET"", ""fields"": [{""name"": ""text"", ""type"": ""text"", ""hint"": ""请输入关键字""}]}]",[],"[""https://www.12309.gov.cn/12309/C017/fc.html""]"
dd-043,116,诉讼仲裁,检察院,检察文书公开,https://login.12309.gov.cn:9443/12309/gj/zjxflws/index.shtml,login.12309.gov.cn,E,动态页/API/iframe待适配,P2,ACCESSIBLE_HTML,200,JS模板/iframe/API；不得把导航文本当数据,"页面字段线索，必填性未验：POST https://login.12309.gov.cn:9443/guestweb/h_12309 [testName, category, fileNum, paperworkType, partyName, partyGender, partyGender, charges, litigationStage, startTime, endTime]",PUBLIC_ENTRY_TEXT_EXTRACTED,仅入口及最多一篇站内样本；不代表原清单所指核验业务已可用,检查业务JS与网络请求，优先公开API而非浏览器,https://login.12309.gov.cn:9443/12309/gj/zjxflws/index.shtml,https://login.12309.gov.cn:9443/12309/gj/zjxflws/index.shtml,,未请求,2026-10-09T07:59:02.923352+00:00,experiments/source-accessibility/results/20261009/bodies/badbd440dc75d75f90a882bdc00880df7b25bceb8c7e1baed209172836024da8,"[{""action"": ""https://login.12309.gov.cn:9443/guestweb/h_12309"", ""method"": ""POST"", ""fields"": [{""name"": ""testName"", ""type"": ""text"", ""hint"": """"}, {""name"": ""category"", ""type"": ""select"", ""hint"": """"}, {""name"": ""fileNum"", ""type"": ""text"", ""hint"": """"}, {""name"": ""paperworkType"", ""type"": ""select"", ""hint"": """"}, {""name"": ""partyName"", ""type"": ""text"", ""hint"": """"}, {""name"": ""partyGender"", ""type"": ""radio"", ""hint"": """"}, {""name"": ""partyGender"", ""type"": ""radio"", ""hint"": """"}, {""name"": ""charges"", ""type"": ""text"", ""hint"": """"}, {""name"": ""litigationStage"", ""type"": ""select"", ""hint"": """"}, {""name"": ""startTime"", ""type"": ""text"", ""hint"": """"}, {""name"": ""endTime"", ""type"": ""text"", ""hint"": """"}]}]",[],"[""https://login.12309.gov.cn:9443/12309/gj/zjxflws/index.shtml""]"
dd-044,117,诉讼仲裁,检察院,中国检察听证网,https://www.12309.gov.cn/jctzw/tzal/listTy.html,www.12309.gov.cn,E,动态页/API/iframe待适配,P2,SKIP_INPUT,200,听证入口只识别到页码输入，不能认定需要主体信息；列表加载机制待查,前往=分页控件；业务查询参数未确认,听证入口只识别到页码输入，不能认定需要主体信息；列表加载机制待查,仅以上明确描述的公开内容与参数；未验证全量、主体完整核验或长期稳定性,检查业务JS与网络请求，优先公开API而非浏览器,https://www.12309.gov.cn/jctzw/tzal/listTy.html,https://www.12309.gov.cn/jctzw/tzal/listTy.html,,未请求,2026-10-09T07:59:02.942294+00:00,,[],[],[]
dd-045,123,诉讼仲裁,仲裁机构-中国,中国仲裁网,http://www.china-arbitration.com/,www.china-arbitration.com,B,静态内容链接，待验详情,P2,ACCESSIBLE_HTML,200,HTML有候选链接；详情正文尚未确认,页面字段线索，必填性未验：keywords,PUBLIC_ENTRY_TEXT_EXTRACTED；详情=ACCESSIBLE_HTML,仅入口及最多一篇站内样本；不代表原清单所指核验业务已可用,限定目标栏目并核对一篇真实正文/附件,http://www.china-arbitration.com/,http://www.china-arbitration.com/,http://www.china-arbitration.com/index/News/detail.html?id=2860,未请求,2026-10-09T07:59:03.022510+00:00,experiments/source-accessibility/results/20261009/bodies/aec7c50cb27f2ea4be930d4224cae26b28c8db37c113dd0599ea3645c12fa50b,[],[],[]
dd-046,124,诉讼仲裁,仲裁机构-中国,中国国际经济贸易仲裁委员会,http://www.cietac.org/,www.cietac.org,B,静态内容链接，待验详情,P2,ACCESSIBLE_HTML,200,HTML有候选链接；详情正文尚未确认,未识别；不推断必填参数,PUBLIC_ENTRY_TEXT_EXTRACTED；详情=ACCESSIBLE_HTML,仅入口及最多一篇站内样本；不代表原清单所指核验业务已可用,限定目标栏目并核对一篇真实正文/附件,https://www.cietac.org/,https://www.cietac.org/,https://www.cietac.org/articles/36498,未请求,2026-10-09T07:59:04.310207+00:00,,[],"[""https://www.cietac.org/vendor/echarts-5.6/worldZH.json""]",[]
dd-047,125,诉讼仲裁,仲裁机构-中国,贸仲立案系统,https://www.cietac.org/articles/15771,www.cietac.org,D,输入/登录型入口,暂缓,ACCESSIBLE_HTML,200,立案介绍及规则PDF可读；尚未进入真实立案操作，不能当作公开案件数据库,立案所需案件材料/身份信息未实际验证,立案介绍及规则PDF可读；尚未进入真实立案操作，不能当作公开案件数据库,仅以上明确描述的公开内容与参数；未验证全量、主体完整核验或长期稳定性,先明确查询主体与必填项；账号/验证码保留人工入口,https://www.cietac.org/articles/15771,https://www.cietac.org/sfs/cms/Uploads/201812/5c2a126514536.pdf,https://www.cietac.org/sfs/cms/Uploads/201812/5c2a126514536.pdf,未请求,2026-10-09T07:59:04.480481+00:00,experiments/source-accessibility/results/20261009/bodies/02d7e77a0c0226d02f2a7a71330358006441de0e356177f7161ef842376fea65,[],[],[]
dd-048,126,诉讼仲裁,仲裁机构-中国,北京仲裁委员会,https://www.bjac.org.cn/,www.bjac.org.cn,E,动态页/API/iframe待适配,P2,JS_SHELL,200,JS模板/iframe/API；不得把导航文本当数据,未识别；不推断必填参数,JS_OR_IFRAME_REQUIRED,仅入口及最多一篇站内样本；不代表原清单所指核验业务已可用,检查业务JS与网络请求，优先公开API而非浏览器,https://www.bjac.org.cn/,https://www.bjac.org.cn/,,未请求,2026-10-09T07:59:04.705011+00:00,experiments/source-accessibility/results/20261009/bodies/bc2d69b078c2c2ccf87175c3a53b00ef67664bc79d951b82aba08448ae939d30,[],[],[]
dd-049,127,诉讼仲裁,仲裁机构-中国,北仲网上预约收案,https://yy.bjac.org.cn/bjac/index.html#/pagesGrxx/pc/login/index,yy.bjac.org.cn,E,动态页/API/iframe待适配,P2,JS_SHELL,200,JS模板/iframe/API；不得把导航文本当数据,未识别；不推断必填参数,JS_OR_IFRAME_REQUIRED,仅入口及最多一篇站内样本；不代表原清单所指核验业务已可用,检查业务JS与网络请求，优先公开API而非浏览器,https://yy.bjac.org.cn/bjac/index.html,https://yy.bjac.org.cn/bjac/index.html,,未请求,2026-10-09T07:59:04.887659+00:00,experiments/source-accessibility/results/20261009/bodies/d1db93bcc497a294d41634c923bd168d6eeeb5f560ed53002cbad1a778e4d043,[],[],[]
dd-050,128,诉讼仲裁,仲裁机构-中国,中国海事仲裁委员会,http://www.cmac.org.cn/,www.cmac.org.cn,B,静态内容链接，待验详情,P2,ACCESSIBLE_HTML,200,HTML有候选链接；详情正文尚未确认,页面字段线索，必填性未验：GET http://www.cmac.org.cn/index.php [kw]; POST http://www.cmac.org.cn/index.php?c=index&a=youxiang [youxiang],PUBLIC_ENTRY_TEXT_EXTRACTED；详情=PDF_NO_TEXT,仅入口及最多一篇站内样本；不代表原清单所指核验业务已可用,限定目标栏目并核对一篇真实正文/附件,http://www.cmac.org.cn/,http://www.cmac.org.cn/,http://www.cmac.org.cn/data/upload/image/20260226/1772072507541897.pdf,未请求,2026-10-09T07:59:05.086680+00:00,experiments/source-accessibility/results/20261009/bodies/2eb24d334a102a9630edd2f5345d99c0a06446d7484099c4c3522b4fa0fd71de,"[{""action"": ""http://www.cmac.org.cn/index.php"", ""method"": ""GET"", ""fields"": [{""name"": ""kw"", ""type"": ""text"", ""hint"": """"}]}, {""action"": ""http://www.cmac.org.cn/index.php?c=index&a=youxiang"", ""method"": ""POST"", ""fields"": [{""name"": ""youxiang"", ""type"": ""text"", ""hint"": ""请输入邮箱""}]}]",[],[]
dd-051,129,诉讼仲裁,仲裁机构-中国,天津仲裁委员会,http://www.tjac.org.cn/,www.tjac.org.cn,B,静态内容链接，待验详情,P2,ACCESSIBLE_HTML,200,HTML有候选链接；详情正文尚未确认,页面字段线索，必填性未验：POST https://www.tjac.org.cn/wap/article/ser.html [co],PUBLIC_ENTRY_TEXT_EXTRACTED；详情=ACCESSIBLE_HTML,仅入口及最多一篇站内样本；不代表原清单所指核验业务已可用,限定目标栏目并核对一篇真实正文/附件,https://www.tjac.org.cn/,https://www.tjac.org.cn/,https://www.tjac.org.cn/wap/article/index.html?id=1753,未请求,2026-10-09T07:59:05.337279+00:00,experiments/source-accessibility/results/20261009/bodies/383e9c1b30d9e73eb755ef7253fe70af211422fef2b92a7d2e0fc3f2fe2c597d,"[{""action"": ""https://www.tjac.org.cn/wap/article/ser.html"", ""method"": ""POST"", ""fields"": [{""name"": ""co"", ""type"": ""input"", ""hint"": ""请输入您要搜索的内容""}]}]",[],[]
dd-052,130,诉讼仲裁,仲裁机构-中国,郑州仲裁委员会,http://www.zzac.org.cn/,www.zzac.org.cn,G,入口可读，内容未定位,P2,ACCESSIBLE_HTML,200,HTML可读；只有入口级证据,未识别；不推断必填参数,PUBLIC_ENTRY_TEXT_EXTRACTED,仅入口及最多一篇站内样本；不代表原清单所指核验业务已可用,寻找新闻公告栏目；首页可读不等于业务数据可用,https://www.zzac.org.cn/,https://www.zzac.org.cn/,,未请求,2026-10-09T07:59:06.247433+00:00,experiments/source-accessibility/results/20261009/bodies/3cbf80231db7e79b0df03086e8bd2611dd165413e1defa4c784698440e767d5a,[],[],[]
dd-053,131,诉讼仲裁,仲裁机构-中国,青岛仲裁委员会,http://www.qdac.org/,www.qdac.org,A,静态正文或名单样本,P1,ACCESSIBLE_HTML,200,无需主体输入的HTML/PDF内容样本,页面字段线索，必填性未验：GET http://www.qdac.org/ [keyword],PUBLIC_ENTRY_TEXT_EXTRACTED；详情=ACCESSIBLE_HTML；正文容器=article；自动识别的正文样本，语义准确性待逐源核对,仅入口及最多一篇站内样本；不代表原清单所指核验业务已可用,选定业务栏目，补分页/增量/正文准确性验收,http://www.qdac.org/,http://www.qdac.org/bhdt/tsgg/202608/t20260807_10696290.shtml,http://www.qdac.org/bhdt/tsgg/202608/t20260807_10696290.shtml,未请求,2026-10-09T07:59:07.794036+00:00,experiments/source-accessibility/results/20261009/bodies/3a6732828235401085a6a1fcd3243b982f0e2fa63a8c44b8598529a22c169578,"[{""action"": ""http://www.qdac.org/"", ""method"": ""GET"", ""fields"": [{""name"": ""keyword"", ""type"": ""text"", ""hint"": ""关键词""}]}]",[],[]
dd-054,132,诉讼仲裁,仲裁机构-中国,济南仲裁委员会,https://zcb.jinan.gov.cn/index.html,zcb.jinan.gov.cn,B,静态内容链接，待验详情,P2,ACCESSIBLE_HTML,200,HTML有候选链接；详情正文尚未确认,未识别；不推断必填参数,PUBLIC_ENTRY_TEXT_EXTRACTED；详情=SKIP_INPUT；正文容器=#zoom,仅入口及最多一篇站内样本；不代表原清单所指核验业务已可用,限定目标栏目并核对一篇真实正文/附件,https://zcb.jinan.gov.cn/index.html,https://zcb.jinan.gov.cn/col/col10366/art/2026/art_15aac77923484a0f9d956e85125b43f6.html,https://zcb.jinan.gov.cn/col/col10366/art/2026/art_15aac77923484a0f9d956e85125b43f6.html,未请求,2026-10-09T07:59:08.320960+00:00,experiments/source-accessibility/results/20261009/bodies/3729b1103a934b2078dc8bc9b28a62053ed090033bfec9dfe2d91ba1d40e2d9c,[],[],[]
dd-055,133,诉讼仲裁,仲裁机构-中国,太原仲裁委员会,http://www.tyac.org.cn/,www.tyac.org.cn,G,入口可读，内容未定位,P2,ACCESSIBLE_HTML,200,HTML可读；只有入口级证据,页面字段线索，必填性未验：txtTitleConM；txtFee,PUBLIC_ENTRY_TEXT_EXTRACTED,仅入口及最多一篇站内样本；不代表原清单所指核验业务已可用,寻找新闻公告栏目；首页可读不等于业务数据可用,http://www.tyac.org.cn/,http://www.tyac.org.cn/,,未请求,2026-10-09T07:59:08.798224+00:00,experiments/source-accessibility/results/20261009/bodies/c3a1e213356fa7fda998475ff97979de1ab40a79449cdce44dafb90cd7751785,[],[],[]
dd-056,134,诉讼仲裁,仲裁机构-中国,呼和浩特仲裁委员会,http://huhhotac.org.cn/,huhhotac.org.cn,F,失败/限制，机制未确认,待复查,ROBOTS_DENIED,,UNKNOWN：本轮取不到有效内容,未识别；不推断必填参数,ROBOTS_DENIED,仅入口及最多一篇站内样本；不代表原清单所指核验业务已可用,复核入口迁移与当前环境；不得解释为无相关记录,http://huhhotac.org.cn/,http://huhhotac.org.cn/,,未请求,,,[],[],[]
dd-057,135,诉讼仲裁,仲裁机构-中国,上海仲裁委员会,http://www.accsh.org/,www.accsh.org,G,入口可读，内容未定位,P2,SKIP_INPUT,200,页面可读但仅识别到站内search输入；不据此判定仲裁新闻需要登录,search为站内搜索；无已验证业务查询参数,页面可读但仅识别到站内search输入；不据此判定仲裁新闻需要登录,仅以上明确描述的公开内容与参数；未验证全量、主体完整核验或长期稳定性,寻找新闻公告栏目；首页可读不等于业务数据可用,http://www.accsh.org/,http://www.accsh.org/,,未请求,2026-10-09T07:59:09.177455+00:00,experiments/source-accessibility/results/20261009/bodies/edce88662f31a4f3c1eb20e814bd46d9d14ca9643e8d62e73262022e78d5e4ad,[],[],[]
dd-058,136,诉讼仲裁,仲裁机构-中国,上海国际经济贸易仲裁委员会（上海国际仲裁中心）,http://www.shiac.org/,www.shiac.org,E,动态页/API/iframe待适配,P2,JS_SHELL,200,JS模板/iframe/API；不得把导航文本当数据,未识别；不推断必填参数,JS_OR_IFRAME_REQUIRED,仅入口及最多一篇站内样本；不代表原清单所指核验业务已可用,检查业务JS与网络请求，优先公开API而非浏览器,https://www.shiac.org/,https://www.shiac.org/,,未请求,2026-10-09T07:59:09.712108+00:00,experiments/source-accessibility/results/20261009/bodies/13d01f4dd8f68805cc81bafa00552f3d0d662a007bdfe2f23da1df34ec64dc0b,[],[],[]
dd-059,137,诉讼仲裁,仲裁机构-中国,杭州仲裁委员会,http://www.hzhac.org/,www.hzhac.org,B,静态内容链接，待验详情,P2,ACCESSIBLE_HTML,200,HTML有候选链接；详情正文尚未确认,页面字段线索，必填性未验：GET https://www.hzarbitration.org.cn/search.html [keyword],PUBLIC_ENTRY_TEXT_EXTRACTED；详情=ACCESSIBLE_HTML,仅入口及最多一篇站内样本；不代表原清单所指核验业务已可用,限定目标栏目并核对一篇真实正文/附件,https://www.hzarbitration.org.cn/,https://www.hzarbitration.org.cn/,https://www.hzarbitration.org.cn/content/content_9220352.html,未请求,2026-10-09T07:59:10.073645+00:00,experiments/source-accessibility/results/20261009/bodies/5d51d984763956784d2a6b8bca33a067ca131f831079de84c9e0aaa078f90b94,"[{""action"": ""https://www.hzarbitration.org.cn/search.html"", ""method"": ""GET"", ""fields"": [{""name"": ""keyword"", ""type"": ""text"", ""hint"": ""输入查找内容""}]}]",[],[]
dd-060,138,诉讼仲裁,仲裁机构-中国,宁波仲裁委员会,https://www.nbac.org.cn/,www.nbac.org.cn,B,静态内容链接，待验详情,P2,ACCESSIBLE_HTML,200,HTML有候选链接；详情正文尚未确认,"页面字段线索，必填性未验：POST https://www.nbac.org.cn/plus/advancedsearch.php [q, t]",PUBLIC_ENTRY_TEXT_EXTRACTED；详情=ACCESSIBLE_HTML,仅入口及最多一篇站内样本；不代表原清单所指核验业务已可用,限定目标栏目并核对一篇真实正文/附件,https://www.nbac.org.cn/,https://www.nbac.org.cn/,https://www.nbac.org.cn/html/xinwendongtai/tongzhigonggao/2026/0728/3134.html,未请求,2026-10-09T07:59:10.163448+00:00,experiments/source-accessibility/results/20261009/bodies/121fafce8d8f5e6e659c00084c2d9770ea3c74eefeded3efc5be1bde34a0dfb1,"[{""action"": ""https://www.nbac.org.cn/plus/advancedsearch.php"", ""method"": ""POST"", ""fields"": [{""name"": ""q"", ""type"": ""text"", ""hint"": ""请输入""}, {""name"": ""t"", ""type"": ""select"", ""hint"": """"}]}]",[],[]
dd-061,139,诉讼仲裁,仲裁机构-中国,南京仲裁委员会,http://ac.nanjing.gov.cn/,ac.nanjing.gov.cn,B,静态内容链接，待验详情,P2,ACCESSIBLE_HTML,200,HTML有候选链接；详情正文尚未确认,未识别；不推断必填参数,PUBLIC_ENTRY_TEXT_EXTRACTED；详情=ACCESSIBLE_HTML,仅入口及最多一篇站内样本；不代表原清单所指核验业务已可用,限定目标栏目并核对一篇真实正文/附件,http://ac.nanjing.gov.cn/,http://ac.nanjing.gov.cn/,https://ac.nanjing.gov.cn/zczx/flzx/202606/t20260616_5860492.html,未请求,2026-10-09T07:59:10.189323+00:00,experiments/source-accessibility/results/20261009/bodies/b824154839b67f45b7ff8c97120993e172a77e81fb4f29d7bc29bbf1f3758d66,[],[],[]
dd-062,140,诉讼仲裁,仲裁机构-中国,海南国际仲裁院,http://www.hnac.org.cn/,www.hnac.org.cn,B,静态内容链接，待验详情,P2,ACCESSIBLE_HTML,200,HTML有候选链接；详情正文尚未确认,页面字段线索，必填性未验：POST https://www.hiac.org.cn/search.html [keyword],PUBLIC_ENTRY_TEXT_EXTRACTED；详情=ACCESSIBLE_HTML,仅入口及最多一篇站内样本；不代表原清单所指核验业务已可用,限定目标栏目并核对一篇真实正文/附件,https://www.hiac.org.cn/,https://www.hiac.org.cn/,https://www.hiac.org.cn/article/1508/8.html,未请求,2026-10-09T07:59:12.295956+00:00,experiments/source-accessibility/results/20261009/bodies/0aa4f03ece454c846ddb748f3127fe9167bde01e9a541f3162964092ac5c2b1c,"[{""action"": ""https://www.hiac.org.cn/search.html"", ""method"": ""POST"", ""fields"": [{""name"": ""keyword"", ""type"": ""text"", ""hint"": ""请输入关键词""}]}]",[],[]
dd-063,141,诉讼仲裁,仲裁机构-中国,长沙仲裁委员会,https://www.cscac.net/,www.cscac.net,E,动态页/API/iframe待适配,P2,JS_SHELL,200,JS模板/iframe/API；不得把导航文本当数据,未识别；不推断必填参数,JS_OR_IFRAME_REQUIRED,仅入口及最多一篇站内样本；不代表原清单所指核验业务已可用,检查业务JS与网络请求，优先公开API而非浏览器,https://www.cscac.net/,https://www.cscac.net/,,未请求,2026-10-09T07:59:10.427357+00:00,experiments/source-accessibility/results/20261009/bodies/82f861e3eea01dc788398a90943dc3d15c4a48e479e0fefe9a87d21f8735403e,[],[],[]
dd-064,142,诉讼仲裁,仲裁机构-中国,武汉仲裁委员会,http://www.whac.org.cn/,www.whac.org.cn,G,入口可读，内容未定位,P2,ACCESSIBLE_HTML,200,HTML可读；只有入口级证据,页面字段线索，必填性未验：GET https://www.whac.org.cn/index.php [keyword],PUBLIC_ENTRY_TEXT_EXTRACTED,仅入口及最多一篇站内样本；不代表原清单所指核验业务已可用,寻找新闻公告栏目；首页可读不等于业务数据可用,https://www.whac.org.cn/,https://www.whac.org.cn/,,未请求,2026-10-09T07:59:10.587651+00:00,experiments/source-accessibility/results/20261009/bodies/73225c3ccec61633545619a1fd5752bc26e2c8039bb12651a90134103f419a7f,"[{""action"": ""https://www.whac.org.cn/index.php"", ""method"": ""GET"", ""fields"": [{""name"": ""keyword"", ""type"": ""text"", ""hint"": ""请输入你想查询的词""}]}]",[],[]
dd-065,143,诉讼仲裁,仲裁机构-中国,苏州仲裁委员会,http://www.szac.net/,www.szac.net,G,入口可读，内容未定位,P2,ACCESSIBLE_HTML,200,HTML可读；只有入口级证据,未识别；不推断必填参数,PUBLIC_ENTRY_TEXT_EXTRACTED,仅入口及最多一篇站内样本；不代表原清单所指核验业务已可用,寻找新闻公告栏目；首页可读不等于业务数据可用,http://www.szac.net/,http://www.szac.net/,,未请求,2026-10-09T07:59:10.601435+00:00,experiments/source-accessibility/results/20261009/bodies/4204829c8c321129e62a9b07b031a4599c79b0565991e7160ac9747d76944fae,[],[],[]
dd-066,144,诉讼仲裁,仲裁机构-中国,大连仲裁委员会,https://www.diac.org.cn/,www.diac.org.cn,B,静态内容链接，待验详情,P2,ACCESSIBLE_HTML,200,HTML有候选链接；详情正文尚未确认,页面字段线索，必填性未验：(无name)；(无name),PUBLIC_ENTRY_TEXT_EXTRACTED；详情=ACCESSIBLE_HTML,仅入口及最多一篇站内样本；不代表原清单所指核验业务已可用,限定目标栏目并核对一篇真实正文/附件,https://www.diac.org.cn/,https://www.diac.org.cn/,https://www.diac.org.cn/News/Content.aspx?newsId=2049,未请求,2026-10-09T07:59:11.117668+00:00,experiments/source-accessibility/results/20261009/bodies/02a1408692991138c95bb88b46fa5062d092ad091c18787eb89547b8ffeed0c0,[],[],[]
dd-067,145,诉讼仲裁,仲裁机构-中国,合肥仲裁委员会,http://www.hfac.net.cn/,www.hfac.net.cn,E,动态页/API/iframe待适配,P2,ACCESSIBLE_HTML,200,JS模板/iframe/API；不得把导航文本当数据,页面字段线索，必填性未验：GET http://www.hfac.net.cn/search.php [search_keyword],PUBLIC_ENTRY_TEXT_EXTRACTED；详情=ACCESSIBLE_HTML,仅入口及最多一篇站内样本；不代表原清单所指核验业务已可用,检查业务JS与网络请求，优先公开API而非浏览器,http://www.hfac.net.cn/,http://www.hfac.net.cn/,http://www.hfac.net.cn/display.php?id=20253,未请求,2026-10-09T07:59:11.392604+00:00,experiments/source-accessibility/results/20261009/bodies/607903dbdb8483eb28446a6b2539fea647873d2a40c205f6ef90d3d5fa842ffb,"[{""action"": ""http://www.hfac.net.cn/search.php"", ""method"": ""GET"", ""fields"": [{""name"": ""search_keyword"", ""type"": ""text"", ""hint"": ""请输入您想要搜索的内容""}]}]",[],"[""http://tianqi.2345.com/plugin/widget/index.htm?s=3&z=1&t=0&v=0&d=2&bd=0&k=000000&f=&ltf=009944&htf=ff0000&q=1&e=0&a=1&c=58321&w=524&h=28&align=left""]"
dd-068,146,诉讼仲裁,仲裁机构-中国,中国广州仲裁委员会,https://www.gzac.org/,www.gzac.org,E,动态页/API/iframe待适配,P2,ACCESSIBLE_HTML,200,JS模板/iframe/API；不得把导航文本当数据,未识别；不推断必填参数,PUBLIC_ENTRY_TEXT_EXTRACTED,仅入口及最多一篇站内样本；不代表原清单所指核验业务已可用,检查业务JS与网络请求，优先公开API而非浏览器,https://www.gziac.cn/,https://www.gziac.cn/,,未请求,2026-10-09T07:59:12.524744+00:00,experiments/source-accessibility/results/20261009/bodies/3ae1e40a067dc37ae26545bca048384e536704497b10203b402bb8ad6d7dc3cd,[],[],[]
dd-069,147,诉讼仲裁,仲裁机构-中国,深圳国际仲裁院,https://www.scia.com.cn/index.php/Home/index/aboutdetail/id/15.html,www.scia.com.cn,F,失败/限制，机制未确认,待复查,HTTP_ERROR,405,UNKNOWN：本轮取不到有效内容,未识别；不推断必填参数,HTTP_405,仅入口及最多一篇站内样本；不代表原清单所指核验业务已可用,复核入口迁移与当前环境；不得解释为无相关记录,https://www.scia.com.cn/index.php/Home/index/aboutdetail/id/15.html,https://www.scia.com.cn/index.php/Home/index/aboutdetail/id/15.html,,未请求,2026-10-09T07:59:12.266533+00:00,,[],[],[]
dd-070,148,诉讼仲裁,仲裁机构-中国,厦门仲裁委员会,http://www.xmac.org.cn/Home,www.xmac.org.cn,F,失败/限制，机制未确认,待复查,NETWORK_ERROR,,UNKNOWN：本轮取不到有效内容,未识别；不推断必填参数,RemoteDisconnected,仅入口及最多一篇站内样本；不代表原清单所指核验业务已可用,复核入口迁移与当前环境；不得解释为无相关记录,http://www.xmac.org.cn/Home,http://www.xmac.org.cn/Home,,未请求,2026-10-09T07:59:12.396465+00:00,,[],[],[]
dd-071,149,诉讼仲裁,仲裁机构-中国,长春仲裁委员会,http://www.ccac.org.cn/,www.ccac.org.cn,E,动态页/API/iframe待适配,P2,JS_SHELL,200,JS模板/iframe/API；不得把导航文本当数据,未识别；不推断必填参数,JS_OR_IFRAME_REQUIRED,仅入口及最多一篇站内样本；不代表原清单所指核验业务已可用,检查业务JS与网络请求，优先公开API而非浏览器,http://www.ccac.org.cn/,http://www.ccac.org.cn/,,未请求,2026-10-09T07:59:12.504627+00:00,experiments/source-accessibility/results/20261009/bodies/40268f18033537c56de4a5f6ebd79ae044253f836ec34ea6fa1643feaeff678c,[],[],[]
dd-072,150,诉讼仲裁,仲裁机构-中国,哈尔滨仲裁委员会,http://www.hrbac.org.cn/,www.hrbac.org.cn,G,入口可读，内容未定位,P2,ACCESSIBLE_HTML,200,HTML可读；只有入口级证据,页面字段线索，必填性未验：discount；RecMoney；HolMoney；TolMoney,PUBLIC_ENTRY_TEXT_EXTRACTED,仅入口及最多一篇站内样本；不代表原清单所指核验业务已可用,寻找新闻公告栏目；首页可读不等于业务数据可用,http://www.hrbac.org.cn/,http://www.hrbac.org.cn/,,未请求,2026-10-09T07:59:12.605340+00:00,experiments/source-accessibility/results/20261009/bodies/ede9ba3f5f6e0da475950803c6b3352bd2f3e3b47286cadd13e5632511ed446f,[],[],[]
dd-073,151,诉讼仲裁,仲裁机构-中国,重庆仲裁委员会,http://www.cqac.org.cn/,www.cqac.org.cn,G,入口可读，内容未定位,P2,ACCESSIBLE_HTML,200,HTML可读；只有入口级证据,页面字段线索，必填性未验：GET http://www.cqac.org.cn/search.html [keywords],PUBLIC_ENTRY_TEXT_EXTRACTED,仅入口及最多一篇站内样本；不代表原清单所指核验业务已可用,寻找新闻公告栏目；首页可读不等于业务数据可用,http://www.cqac.org.cn/,http://www.cqac.org.cn/,,未请求,2026-10-09T07:59:12.758364+00:00,experiments/source-accessibility/results/20261009/bodies/6b9b0a32fa759434434b0cfb2139ccb68417c09eeae07ac1cfc1ded818d44bc2,"[{""action"": ""http://www.cqac.org.cn/search.html"", ""method"": ""GET"", ""fields"": [{""name"": ""keywords"", ""type"": ""text"", ""hint"": """"}]}]",[],[]
dd-074,152,诉讼仲裁,仲裁机构-中国,成都仲裁委员会,http://www.cdac.org.cn/,www.cdac.org.cn,G,入口可读，内容未定位,P2,ACCESSIBLE_HTML,200,HTML可读；只有入口级证据,页面字段线索，必填性未验：GET https://www.cdac.org.cn/search [keywords],PUBLIC_ENTRY_TEXT_EXTRACTED,仅入口及最多一篇站内样本；不代表原清单所指核验业务已可用,寻找新闻公告栏目；首页可读不等于业务数据可用,https://www.cdac.org.cn/,https://www.cdac.org.cn/,,未请求,2026-10-09T07:59:13.305613+00:00,experiments/source-accessibility/results/20261009/bodies/6152e58dc1418a632c579cd88d5fd0d98e7eb0474b3dc86f74d61f24edd73826,"[{""action"": ""https://www.cdac.org.cn/search"", ""method"": ""GET"", ""fields"": [{""name"": ""keywords"", ""type"": ""text"", ""hint"": ""成都仲裁委员会信息查询""}]}]",[],[]
dd-075,153,诉讼仲裁,仲裁机构-中国,兰州仲裁委员会,http://www.lzzcwyh.com.cn/,www.lzzcwyh.com.cn,F,失败/限制，机制未确认,待复查,NETWORK_ERROR,,UNKNOWN：本轮取不到有效内容,未识别；不推断必填参数,URLError,仅入口及最多一篇站内样本；不代表原清单所指核验业务已可用,复核入口迁移与当前环境；不得解释为无相关记录,https://www.lzzcwyh.com.cn/,https://www.lzzcwyh.com.cn/,,未请求,2026-10-09T07:59:13.447854+00:00,,[],[],[]
dd-076,154,诉讼仲裁,仲裁机构-中国,中国香港国际仲裁中心,https://www.hkiac.org/,www.hkiac.org,G,入口可读，内容未定位,P2,ACCESSIBLE_HTML,200,HTML可读；只有入口级证据,页面字段线索，必填性未验：GET https://hkiac.org/ [s]; GET https://hkiac.org/ [s],PUBLIC_ENTRY_TEXT_EXTRACTED,仅入口及最多一篇站内样本；不代表原清单所指核验业务已可用,寻找新闻公告栏目；首页可读不等于业务数据可用,https://hkiac.org/,https://hkiac.org/,,未请求,2026-10-09T07:59:13.961038+00:00,experiments/source-accessibility/results/20261009/bodies/25de320a09882921fa86b3c4ce312fd167c0757006831c90ee82197074d7f1da,"[{""action"": ""https://hkiac.org/"", ""method"": ""GET"", ""fields"": [{""name"": ""s"", ""type"": ""search"", ""hint"": ""Type to start searching...""}]}, {""action"": ""https://hkiac.org/"", ""method"": ""GET"", ""fields"": [{""name"": ""s"", ""type"": ""search"", ""hint"": ""Type to start searching...""}]}]","[""https://hkiac.org/\\/\\/hkiac.org\\/wp-content\\/plugins\\/elementor-pro\\/modules\\/lottie\\/assets\\/animations\\/default.json""]",[]
dd-077,155,诉讼仲裁,仲裁机构-中国,银川仲裁委员会,http://www.yinchuanzcw.org.cn/,www.yinchuanzcw.org.cn,B,静态内容链接，待验详情,P2,ACCESSIBLE_HTML,200,首页article标签包含卡片摘要，不能当作完整文章正文；详情需单独适配,公开新闻候选无需主体输入；其他查询未验,首页article标签包含卡片摘要，不能当作完整文章正文；详情需单独适配,仅以上明确描述的公开内容与参数；未验证全量、主体完整核验或长期稳定性,限定目标栏目并核对一篇真实正文/附件,http://www.yinchuanzcw.org.cn/,http://www.yinchuanzcw.org.cn/,http://www.yinchuanzcw.org.cn/tptt/202509/t20250930_1044351.html                                                                                                   ,未请求,2026-10-09T07:59:13.713208+00:00,experiments/source-accessibility/results/20261009/bodies/01e360cf8fe538fe2015e4d135ff9ac8acffe8ffb75ce0c022d584356cdb412b,[],[],[]
dd-078,156,诉讼仲裁,仲裁机构-中国,石家庄仲裁委员会,https://sjzac.org.cn/,sjzac.org.cn,G,入口可读，内容未定位,P2,ACCESSIBLE_HTML,200,HTML可读；只有入口级证据,页面字段线索，必填性未验：GET https://sjzac.org.cn/index.php [keyword],PUBLIC_ENTRY_TEXT_EXTRACTED,仅入口及最多一篇站内样本；不代表原清单所指核验业务已可用,寻找新闻公告栏目；首页可读不等于业务数据可用,https://sjzac.org.cn/,https://sjzac.org.cn/,,未请求,2026-10-09T07:59:14.596887+00:00,experiments/source-accessibility/results/20261009/bodies/7f73935b06b2062783c02e2c1bbf1f3aeb532d3ab0e370f1563655e6c2c54285,"[{""action"": ""https://sjzac.org.cn/index.php"", ""method"": ""GET"", ""fields"": [{""name"": ""keyword"", ""type"": ""text"", ""hint"": """"}]}]",[],[]
dd-079,157,诉讼仲裁,仲裁机构-中国,沈阳仲裁委员会,http://syzcb.shenyang.gov.cn/,syzcb.shenyang.gov.cn,B,静态内容链接，待验详情,P2,ACCESSIBLE_HTML,200,HTML有候选链接；详情正文尚未确认,未识别；不推断必填参数,PUBLIC_ENTRY_TEXT_EXTRACTED；详情=ACCESSIBLE_HTML,仅入口及最多一篇站内样本；不代表原清单所指核验业务已可用,限定目标栏目并核对一篇真实正文/附件,https://syzcb.shenyang.gov.cn/,https://syzcb.shenyang.gov.cn/,https://syzcb.shenyang.gov.cn/gzxx/202606/t20260609_5038738.html,未请求,2026-10-09T07:59:14.736614+00:00,experiments/source-accessibility/results/20261009/bodies/37ec8c1dd1da3e33b1573c07c55289e10e4b515bf4a1ee6c456842e50b11d060,[],[],[]
dd-080,158,诉讼仲裁,仲裁机构-中国,南京仲裁委员会,http://ac.nanjing.gov.cn/zczn/lalct/,ac.nanjing.gov.cn,G,入口可读，内容未定位,P2,ACCESSIBLE_HTML,200,HTML可读；只有入口级证据,未识别；不推断必填参数,PUBLIC_ENTRY_TEXT_EXTRACTED,仅入口及最多一篇站内样本；不代表原清单所指核验业务已可用,寻找新闻公告栏目；首页可读不等于业务数据可用,http://ac.nanjing.gov.cn/zczn/lalct/,http://ac.nanjing.gov.cn/zczn/lalct/,,未请求,2026-10-09T07:59:14.963836+00:00,experiments/source-accessibility/results/20261009/bodies/d5254504a908f507f19112a80fca06fe0fa9f44aa601ab156af1cd992f1cd8d5,[],[],[]
dd-081,159,诉讼仲裁,仲裁机构-中国,福州仲裁委员会,http://www.fuzhou.gov.cn/zgfzzt/szcw/,www.fuzhou.gov.cn,F,失败/限制，机制未确认,待复查,NETWORK_ERROR,,UNKNOWN：本轮取不到有效内容,未识别；不推断必填参数,URLError,仅入口及最多一篇站内样本；不代表原清单所指核验业务已可用,复核入口迁移与当前环境；不得解释为无相关记录,https://www.fuzhou.gov.cn/zgfzzt/szcw/,https://www.fuzhou.gov.cn/zgfzzt/szcw/,,未请求,2026-10-09T07:59:15.176793+00:00,,[],[],[]
dd-082,160,诉讼仲裁,仲裁机构-中国,南昌仲裁委员会,https://www.nczcw.org.cn/,www.nczcw.org.cn,G,入口可读，内容未定位,P2,ACCESSIBLE_HTML,200,HTML可读；只有入口级证据,页面字段线索，必填性未验：GET https://www.nczcw.org.cn/plus/search/ [key],PUBLIC_ENTRY_TEXT_EXTRACTED,仅入口及最多一篇站内样本；不代表原清单所指核验业务已可用,寻找新闻公告栏目；首页可读不等于业务数据可用,https://www.nczcw.org.cn/,https://www.nczcw.org.cn/,,未请求,2026-10-09T07:59:15.109362+00:00,experiments/source-accessibility/results/20261009/bodies/ea91f265ab631db5103f0fefd72b2218b87f576a5660cb97555cdadfe28aa7a8,"[{""action"": ""https://www.nczcw.org.cn/plus/search/"", ""method"": ""GET"", ""fields"": [{""name"": ""key"", ""type"": ""text"", ""hint"": """"}]}]",[],[]
dd-083,161,诉讼仲裁,仲裁机构-中国,南宁仲裁委员会,http://www.nnac.org.cn/,www.nnac.org.cn,G,入口可读，内容未定位,P2,ACCESSIBLE_HTML,200,HTML可读；只有入口级证据,页面字段线索，必填性未验：POST http://www.nnac.org.cn/search/search [searchword],PUBLIC_ENTRY_TEXT_EXTRACTED,仅入口及最多一篇站内样本；不代表原清单所指核验业务已可用,寻找新闻公告栏目；首页可读不等于业务数据可用,http://www.nnac.org.cn/,http://www.nnac.org.cn/,,未请求,2026-10-09T07:59:15.171649+00:00,experiments/source-accessibility/results/20261009/bodies/6da236c870cac937bbb29287881687d5c8759c8e36b9b499fbe8717737f5da8e,"[{""action"": ""http://www.nnac.org.cn/search/search"", ""method"": ""POST"", ""fields"": [{""name"": ""searchword"", ""type"": ""text"", ""hint"": """"}]}]",[],[]
dd-084,162,诉讼仲裁,仲裁机构-中国,贵阳仲裁委员会心,https://www.gyac.org.cn/,www.gyac.org.cn,B,静态内容链接，待验详情,P2,ACCESSIBLE_HTML,200,HTML有候选链接；详情正文尚未确认,页面字段线索，必填性未验：请输入需要搜索的内容；请输入姓名；请输入居住地；请输入专长,PUBLIC_ENTRY_TEXT_EXTRACTED；详情=ACCESSIBLE_HTML,仅入口及最多一篇站内样本；不代表原清单所指核验业务已可用,限定目标栏目并核对一篇真实正文/附件,https://www.gyac.org.cn/,https://www.gyac.org.cn/,https://www.gyac.org.cn/n312/20261009/i6588.html,未请求,2026-10-09T07:59:15.288938+00:00,experiments/source-accessibility/results/20261009/bodies/7b7fa8bb243d002af5e86be2d790315968b87cce0252121f97f26e65922f4bb9,[],[],[]
dd-085,163,诉讼仲裁,仲裁机构-中国,昆明仲裁委员会,http://kmzcw.km.org.cn/,kmzcw.km.org.cn,B,静态内容链接，待验详情,P2,ACCESSIBLE_HTML,200,HTML有候选链接；详情正文尚未确认,页面字段线索，必填性未验：GET https://sj.kunming.cn/xxg/search/result [Query],PUBLIC_ENTRY_TEXT_EXTRACTED；详情=ACCESSIBLE_HTML,仅入口及最多一篇站内样本；不代表原清单所指核验业务已可用,限定目标栏目并核对一篇真实正文/附件,http://kmzcw.km.org.cn/,http://kmzcw.km.org.cn/,http://kmzcw.km.org.cn/c/2026-09-09/5110464.shtml,未请求,2026-10-09T07:59:15.340094+00:00,experiments/source-accessibility/results/20261009/bodies/37fc1a41d97612f45d656b495c454db8fadc176781b1b3bcca55c294bf6af5a4,"[{""action"": ""https://sj.kunming.cn/xxg/search/result"", ""method"": ""GET"", ""fields"": [{""name"": ""Query"", ""type"": ""text"", ""hint"": """"}]}]",[],[]
dd-086,164,诉讼仲裁,仲裁机构-中国,西安仲裁委员会,http://www.xaac.org/index.php,www.xaac.org,G,入口可读，内容未定位,P2,ACCESSIBLE_HTML,200,HTML可读；只有入口级证据,页面字段线索，必填性未验：GET http://www.xaac.org/search.php [keyword],PUBLIC_ENTRY_TEXT_EXTRACTED,仅入口及最多一篇站内样本；不代表原清单所指核验业务已可用,寻找新闻公告栏目；首页可读不等于业务数据可用,http://www.xaac.org/index.php,http://www.xaac.org/index.php,,未请求,2026-10-09T07:59:15.427247+00:00,experiments/source-accessibility/results/20261009/bodies/5d1e14f12df32a8134929006ba3ebd05cf0b7758defb5b45d854261d707bd524,"[{""action"": ""http://www.xaac.org/search.php"", ""method"": ""GET"", ""fields"": [{""name"": ""keyword"", ""type"": ""text"", ""hint"": ""仲裁法律法规""}]}]",[],[]
dd-087,165,诉讼仲裁,仲裁机构-中国,西宁仲裁委员会,https://china-arbitration.com/index/institution/detail.html?id=3037,china-arbitration.com,F,失败/限制，机制未确认,待复查,NETWORK_ERROR,,UNKNOWN：本轮取不到有效内容,未识别；不推断必填参数,URLError,仅入口及最多一篇站内样本；不代表原清单所指核验业务已可用,复核入口迁移与当前环境；不得解释为无相关记录,https://china-arbitration.com/index/institution/detail.html?id=3037,https://china-arbitration.com/index/institution/detail.html?id=3037,,未请求,2026-10-09T07:59:15.570305+00:00,,[],[],[]
dd-088,171,诉讼仲裁,仲裁机构-国际,国际商会国际仲裁院（ICC）,https://iccwbo.org/,iccwbo.org,B,静态内容链接，待验详情,P2,ACCESSIBLE_HTML,200,HTML有候选链接；详情正文尚未确认,页面字段线索，必填性未验：GET https://iccwbo.org/ [fwp_search],PUBLIC_ENTRY_TEXT_EXTRACTED；详情=ACCESSIBLE_HTML,仅入口及最多一篇站内样本；不代表原清单所指核验业务已可用,限定目标栏目并核对一篇真实正文/附件,https://iccwbo.org/,https://iccwbo.org/,https://iccwbo.org/news-publications/news/new-icc-rules-of-arbitration-enhance-efficiency-clarity-and-usability/,未请求,2026-10-09T07:59:15.616364+00:00,experiments/source-accessibility/results/20261009/bodies/619ada2abd5135698e676c2c1a180e543f1cdc3853b0107d2fb9222f711dc096,"[{""action"": ""https://iccwbo.org/"", ""method"": ""GET"", ""fields"": [{""name"": ""fwp_search"", ""type"": ""search"", ""hint"": ""What are you looking for ?""}]}]",[],[]
dd-089,172,诉讼仲裁,仲裁机构-国际,伦敦国际仲裁院（LCIA）,https://www.lcia.org/,www.lcia.org,F,失败/限制，机制未确认,待复查,ROBOTS_DENIED,,UNKNOWN：本轮取不到有效内容,未识别；不推断必填参数,ROBOTS_DENIED,仅入口及最多一篇站内样本；不代表原清单所指核验业务已可用,复核入口迁移与当前环境；不得解释为无相关记录,https://www.lcia.org/,https://www.lcia.org/,,未请求,,,[],[],[]
dd-090,173,诉讼仲裁,仲裁机构-国际,斯德哥尔摩商会仲裁院（SCC）,https://sccarbitrationinstitute.se/en/,sccarbitrationinstitute.se,E,动态页/API/iframe待适配,P2,ACCESSIBLE_HTML,200,JS模板/iframe/API；不得把导航文本当数据,"页面字段线索，必填性未验：GET https://sccarbitrationinstitute.se/en/ [s]; GET https://sccarbitrationinstitute.se/en/ [amount, rules, rules, rules, arbitrators, arbitrators]",PUBLIC_ENTRY_TEXT_EXTRACTED；详情=ACCESSIBLE_HTML,仅入口及最多一篇站内样本；不代表原清单所指核验业务已可用,检查业务JS与网络请求，优先公开API而非浏览器,https://sccarbitrationinstitute.se/en/,https://sccarbitrationinstitute.se/en/,https://sccarbitrationinstitute.se/en/news/stockholm-arbitration-yearbook-2027-call-for-abstracts/,未请求,2026-10-09T07:59:15.649289+00:00,experiments/source-accessibility/results/20261009/bodies/1e982ebbe6d11bcc040e61677b1987ca2637d1795e12117693baa55fe641cc74,"[{""action"": ""https://sccarbitrationinstitute.se/en/"", ""method"": ""GET"", ""fields"": [{""name"": ""s"", ""type"": ""input"", ""hint"": ""Search""}]}, {""action"": ""https://sccarbitrationinstitute.se/en/"", ""method"": ""GET"", ""fields"": [{""name"": ""amount"", ""type"": ""number"", ""hint"": ""€""}, {""name"": ""rules"", ""type"": ""radio"", ""hint"": """"}, {""name"": ""rules"", ""type"": ""radio"", ""hint"": """"}, {""name"": ""rules"", ""type"": ""radio"", ""hint"": """"}, {""name"": ""arbitrators"", ""type"": ""radio"", ""hint"": """"}, {""name"": ""arbitrators"", ""type"": ""radio"", ""hint"": """"}]}]",[],"[""https://www.googletagmanager.com/ns.html?id=GTM-MPB4P5D"", ""https://sccarbitrationinstitute.se/en/""]"
dd-091,174,诉讼仲裁,仲裁机构-国际,新加坡国际仲裁中心（SIAC）,https://siac.org.sg/,siac.org.sg,F,失败/限制，机制未确认,待复查,HTTP_ERROR,403,UNKNOWN：本轮取不到有效内容,未识别；不推断必填参数,HTTP_403,仅入口及最多一篇站内样本；不代表原清单所指核验业务已可用,复核入口迁移与当前环境；不得解释为无相关记录,https://siac.org.sg/,https://siac.org.sg/,,未请求,2026-10-09T07:59:17.413971+00:00,,[],[],[]
dd-092,182,征信及处罚,信用查询,信用中国,https://www.creditchina.gov.cn/,www.creditchina.gov.cn,F,失败/限制，机制未确认,待复查,HTTP_ERROR,412,UNKNOWN：本轮取不到有效内容,未识别；不推断必填参数,HTTP_412,仅入口及最多一篇站内样本；不代表原清单所指核验业务已可用,复核入口迁移与当前环境；不得解释为无相关记录,https://www.creditchina.gov.cn/,https://www.creditchina.gov.cn/,,未请求,2026-10-09T07:59:17.492144+00:00,,[],[],[]
dd-093,183,征信及处罚,信用查询,信用北京,http://creditbj.jxj.beijing.gov.cn/credit-portal/publicity/record/punish_publicity,creditbj.jxj.beijing.gov.cn,F,失败/限制，机制未确认,待复查,HTTP_ERROR,404,UNKNOWN：本轮取不到有效内容,未识别；不推断必填参数,HTTP_404,仅入口及最多一篇站内样本；不代表原清单所指核验业务已可用,复核入口迁移与当前环境；不得解释为无相关记录,https://creditbj.jxj.beijing.gov.cn/credit-portal/publicity/record/punish_publicity,https://creditbj.jxj.beijing.gov.cn/credit-portal/publicity/record/punish_publicity,,未请求,2026-10-09T07:59:17.625569+00:00,,[],[],[]
dd-094,184,征信及处罚,信用查询,信用广东,https://credit.gd.gov.cn/,credit.gd.gov.cn,D,输入/登录型入口,暂缓,SKIP_INPUT,200,表单或登录；业务结果未提交验证,页面字段线索，必填性未验：请输入主体名称或统一社会信用代码,QUERY_PARAMETERS_REQUIRED,仅入口及最多一篇站内样本；不代表原清单所指核验业务已可用,先明确查询主体与必填项；账号/验证码保留人工入口,https://credit.gd.gov.cn/,https://credit.gd.gov.cn/,,未请求,2026-10-09T07:59:17.666738+00:00,experiments/source-accessibility/results/20261009/bodies/b4a23ed33bfcb87da6ec4a7485b60d9467c7ca5fd07735d2fcbbeaef6503f02c,[],[],[]
dd-095,185,征信及处罚,信用查询,信用山东,http://credit.shandong.gov.cn/creditsearch.publicity.dhtml,credit.shandong.gov.cn,E,动态页/API/iframe待适配,P2,ACCESSIBLE_HTML,200,JS模板/iframe/API；不得把导航文本当数据,页面字段线索，必填性未验：POST https://credit.shandong.gov.cn/news.newssearchsolr.dhtml [keywordsy],PUBLIC_ENTRY_TEXT_EXTRACTED,仅入口及最多一篇站内样本；不代表原清单所指核验业务已可用,检查业务JS与网络请求，优先公开API而非浏览器,https://credit.shandong.gov.cn/creditsearch.publicity.dhtml,https://credit.shandong.gov.cn/creditsearch.publicity.dhtml,,未请求,2026-10-09T07:59:17.762671+00:00,experiments/source-accessibility/results/20261009/bodies/0cbb6c2b128c31950846f13c8a41282260a1f475ae3b8be6d565ccde92d05750,"[{""action"": ""https://credit.shandong.gov.cn/news.newssearchsolr.dhtml"", ""method"": ""POST"", ""fields"": [{""name"": ""keywordsy"", ""type"": ""text"", ""hint"": ""请输入查找文章的关键字""}]}]",[],"[""https://credit.shandong.gov.cn/creditsearch.publicityIframe.phtml?types=""]"
dd-096,186,征信及处罚,信用查询,信用重庆,http://www.xycq.gov.cn/html/query/punish/list.html?navPage=1,www.xycq.gov.cn,E,动态页/API/iframe待适配,P2,SKIP_INPUT,200,JS模板/iframe/API；不得把导航文本当数据,"页面字段线索，必填性未验：POST https://www.xycq.gov.cn/html/query/punish/list.html?navPage=1 [oldPwd, newPwd, repwd]; POST https://www.xycq.gov.cn/html/query/punish/list.html?navPage=1 [oldPwd, newPwd, confirmNewPwd]; POST https://www.xycq.gov.cn/html/query/punish/list.html?navPage=1&iframe=false [contentType, contentValue]",LOGIN_REQUIRED,仅入口及最多一篇站内样本；不代表原清单所指核验业务已可用,检查业务JS与网络请求，优先公开API而非浏览器,https://www.xycq.gov.cn/html/query/punish/list.html?navPage=1,https://www.xycq.gov.cn/html/query/punish/list.html?navPage=1,,未请求,2026-10-09T07:59:18.265332+00:00,,"[{""action"": ""https://www.xycq.gov.cn/html/query/punish/list.html?navPage=1"", ""method"": ""POST"", ""fields"": [{""name"": ""oldPwd"", ""type"": ""password"", ""hint"": ""请输入原密码""}, {""name"": ""newPwd"", ""type"": ""password"", ""hint"": ""请输入新密码""}, {""name"": ""repwd"", ""type"": ""password"", ""hint"": ""再次输入您的密码""}]}, {""action"": ""https://www.xycq.gov.cn/html/query/punish/list.html?navPage=1"", ""method"": ""POST"", ""fields"": [{""name"": ""oldPwd"", ""type"": ""password"", ""hint"": ""请输入原密码""}, {""name"": ""newPwd"", ""type"": ""password"", ""hint"": ""请输入新密码""}, {""name"": ""confirmNewPwd"", ""type"": ""password"", ""hint"": ""再次输入您的密码""}]}, {""action"": ""https://www.xycq.gov.cn/html/query/punish/list.html?navPage=1&iframe=false"", ""method"": ""POST"", ""fields"": [{""name"": ""contentType"", ""type"": ""select"", ""hint"": """"}, {""name"": ""contentValue"", ""type"": ""text"", ""hint"": ""请输入企业名称等""}]}]","[""https://www.xycq.gov.cn/html/query/punish/cloud-admin/api/sys_center_user/getUserInfo?userId="", ""https://www.xycq.gov.cn/html/query/punish/cloud-admin/api/sys_center_user/update_pwd""]","[""https://www.xycq.gov.cn/html/query/punish/list.html?navPage=1""]"
dd-097,187,征信及处罚,信用查询,信用四川,https://credit.sc.gov.cn/,credit.sc.gov.cn,B,静态内容链接，待验详情,P2,ACCESSIBLE_HTML,200,HTML有候选链接；详情正文尚未确认,页面字段线索，必填性未验：POST https://credit.sc.gov.cn/news.newssearchsolr.dhtml [keywordsy],PUBLIC_ENTRY_TEXT_EXTRACTED；详情=ACCESSIBLE_HTML,仅入口及最多一篇站内样本；不代表原清单所指核验业务已可用,限定目标栏目并核对一篇真实正文/附件,https://credit.sc.gov.cn/,https://credit.sc.gov.cn/,https://credit.sc.gov.cn/749/22064.html,未请求,2026-10-09T07:59:18.414784+00:00,experiments/source-accessibility/results/20261009/bodies/9bf1fd3360066124ab2bd9d360488b562883b813c76c0800209a19c38712132f,"[{""action"": ""https://credit.sc.gov.cn/news.newssearchsolr.dhtml"", ""method"": ""POST"", ""fields"": [{""name"": ""keywordsy"", ""type"": ""text"", ""hint"": ""请输入查找文章的关键字""}]}]",[],[]
dd-098,188,征信及处罚,信用查询,信用河南,https://credit.henan.gov.cn/,credit.henan.gov.cn,E,动态页/API/iframe待适配,P2,ACCESSIBLE_HTML,200,JS模板/iframe/API；不得把导航文本当数据,页面字段线索，必填性未验：请输入主体名称或者统一社会信用代码；请输入主体名称全称或者统一社会信用代码；q,PUBLIC_ENTRY_TEXT_EXTRACTED；详情=ACCESSIBLE_HTML,仅入口及最多一篇站内样本；不代表原清单所指核验业务已可用,检查业务JS与网络请求，优先公开API而非浏览器,https://credit.henan.gov.cn/,https://credit.henan.gov.cn/,https://credit.henan.gov.cn/ca/20210901000001.htm,未请求,2026-10-09T07:59:18.506614+00:00,experiments/source-accessibility/results/20261009/bodies/2f85b116459e2b4075c1af52c635e31eec0a886c767dd68c8e5827ff6db66924,[],[],"[""https://credit.henan.gov.cn/yuxin.html""]"
dd-099,194,征信及处罚,部委网站,中国市场监管行政处罚文书网,http://cfws.samr.gov.cn/,cfws.samr.gov.cn,F,失败/限制，机制未确认,待复查,ROBOTS_DENIED,,UNKNOWN：本轮取不到有效内容,未识别；不推断必填参数,ROBOTS_DENIED,仅入口及最多一篇站内样本；不代表原清单所指核验业务已可用,复核入口迁移与当前环境；不得解释为无相关记录,http://cfws.samr.gov.cn/,http://cfws.samr.gov.cn/,,未请求,,,[],[],[]
dd-100,195,征信及处罚,部委网站,银保监会/局,https://www.nfra.gov.cn/cn/view/pages/index/index.html,www.nfra.gov.cn,E,动态页/API/iframe待适配,P2,ACCESSIBLE_HTML,200,Angular模板；已读index.js，global.getCDN按itemId/pageSize取DocInfo；数据端点未验证,itemId、pageSize、orderBy；详情docId（来自源码）,Angular模板；已读index.js，global.getCDN按itemId/pageSize取DocInfo；数据端点未验证,仅以上明确描述的公开内容与参数；未验证全量、主体完整核验或长期稳定性,检查业务JS与网络请求，优先公开API而非浏览器,https://www.nfra.gov.cn/cn/view/pages/index/index.html,https://www.nfra.gov.cn/cn/view/pages/index/index.html,,未请求,2026-10-09T07:59:19.300410+00:00,experiments/source-accessibility/results/20261009/bodies/980d0cf87127e01aa2f8fa0849bd7c5f924bfd649ef734e5d4d6567162cc0897,[],[],[]
dd-101,196,征信及处罚,部委网站,司法部,https://zwfw.12348.gov.cn/?type=govCallbackTicket&flag=false,zwfw.12348.gov.cn,E,动态页/API/iframe待适配,P2,JS_SHELL,200,JS模板/iframe/API；不得把导航文本当数据,未识别；不推断必填参数,JS_OR_IFRAME_REQUIRED,仅入口及最多一篇站内样本；不代表原清单所指核验业务已可用,检查业务JS与网络请求，优先公开API而非浏览器,https://zwfw.12348.gov.cn/zwfw-portalui/,https://zwfw.12348.gov.cn/zwfw-portalui/,,未请求,2026-10-09T07:59:19.404102+00:00,experiments/source-accessibility/results/20261009/bodies/d20c95c3157030a9a4d231c05389d63713e0f88fd611a43645ed071d3e1c70b2,[],[],[]
dd-102,197,征信及处罚,部委网站,外汇局,https://www.safe.gov.cn/beijing/xzcfxxgs/index.html,www.safe.gov.cn,A,静态正文或名单样本,P1,SKIP_INPUT,200,iframe默认表格20条；直接GET可读，page=2也取得；筛选含验证码线索,siteid=beijing、page；筛选POST irregularityno=统一社会信用代码/组织机构代码，未提交,iframe默认表格20条；直接GET可读，page=2也取得；筛选含验证码线索,仅以上明确描述的公开内容与参数；未验证全量、主体完整核验或长期稳定性,选定业务栏目，补分页/增量/正文准确性验收,https://www.safe.gov.cn/beijing/xzcfxxgs/index.html,https://www.safe.gov.cn/www/illegal?siteid=beijing,,未请求,2026-10-09T07:59:19.416437+00:00,experiments/source-accessibility/results/20261009-extra/sanitized/76c73c27b8559a50e2eb50b3d240ac2e3bc3d610bba00468ce911beba710014a,"[{""action"": ""https://www.safe.gov.cn/beijing/search/index.html"", ""method"": ""GET"", ""fields"": [{""name"": ""q"", ""type"": ""input"", ""hint"": """"}]}]",[],"[""https://www.safe.gov.cn/www/illegal?siteid=beijing""]"
dd-103,198,征信及处罚,部委网站,住建部,https://www.mohurd.gov.cn/?medium=01,www.mohurd.gov.cn,F,失败/限制，机制未确认,待复查,NETWORK_ERROR,,UNKNOWN：本轮取不到有效内容,未识别；不推断必填参数,URLError,仅入口及最多一篇站内样本；不代表原清单所指核验业务已可用,复核入口迁移与当前环境；不得解释为无相关记录,https://www.mohurd.gov.cn/?medium=01,https://www.mohurd.gov.cn/?medium=01,,未请求,2026-10-09T07:59:19.508341+00:00,,[],[],[]
dd-104,199,征信及处罚,部委网站,国家统计局,https://www.stats.gov.cn/xxgk/list4.html,www.stats.gov.cn,E,动态页/API/iframe待适配,P2,ACCESSIBLE_HTML,200,JS模板/iframe/API；不得把导航文本当数据,"页面字段线索，必填性未验：GET https://www.stats.gov.cn/xxgk/xxgk_search/index.html [searchword, field, field]",PUBLIC_ENTRY_TEXT_EXTRACTED,仅入口及最多一篇站内样本；不代表原清单所指核验业务已可用,检查业务JS与网络请求，优先公开API而非浏览器,https://www.stats.gov.cn/xxgk/list4.html,https://www.stats.gov.cn/xxgk/list4.html,,未请求,2026-10-09T07:59:19.792468+00:00,experiments/source-accessibility/results/20261009/bodies/7b44f745b04c5ccb5bfedfee22a88e6d6c5428444a26d5bbc2d98f9b7a98313f,"[{""action"": ""https://www.stats.gov.cn/xxgk/xxgk_search/index.html"", ""method"": ""GET"", ""fields"": [{""name"": ""searchword"", ""type"": ""input"", ""hint"": ""请输入您要搜索的内容""}, {""name"": ""field"", ""type"": ""radio"", ""hint"": """"}, {""name"": ""field"", ""type"": ""radio"", ""hint"": """"}]}]",[],"[""https://www.stats.gov.cn/xxgk/zzjgxx/gjtjjjld/index.html"", ""https://www.stats.gov.cn/xxgk/bottom_new.html""]"
dd-105,200,征信及处罚,部委网站,海关总署,http://www.customs.gov.cn/,www.customs.gov.cn,F,失败/限制，机制未确认,待复查,HTTP_ERROR,412,UNKNOWN：本轮取不到有效内容,未识别；不推断必填参数,HTTP_412,仅入口及最多一篇站内样本；不代表原清单所指核验业务已可用,复核入口迁移与当前环境；不得解释为无相关记录,http://www.customs.gov.cn/,http://www.customs.gov.cn/,,未请求,2026-10-09T07:59:19.998182+00:00,,[],[],[]
dd-106,201,征信及处罚,部委网站,中国人民银行征信中心,http://www.pbccrc.org.cn/,www.pbccrc.org.cn,B,静态内容链接，待验详情,P2,ACCESSIBLE_HTML,200,HTML有候选链接；详情正文尚未确认,页面字段线索，必填性未验：GET https://www.pbccrc.org.cn/ [query],PUBLIC_ENTRY_TEXT_EXTRACTED；详情=ACCESSIBLE_HTML,仅入口及最多一篇站内样本；不代表原清单所指核验业务已可用,限定目标栏目并核对一篇真实正文/附件,https://www.pbccrc.org.cn/,https://www.pbccrc.org.cn/,https://www.pbccrc.org.cn/xczl/xyxf/20251222/7c7abc6bf4984eebbc0d1fa23fcab368.html,未请求,2026-10-09T07:59:20.280137+00:00,experiments/source-accessibility/results/20261009/bodies/137bfcbf548ffbd540000602c664a920ebcd35ccf9710fc5bf7c3b0b052c28a4,"[{""action"": ""https://www.pbccrc.org.cn/"", ""method"": ""GET"", ""fields"": [{""name"": ""query"", ""type"": ""text"", ""hint"": ""请输入关键词搜索""}]}]",[],[]
dd-107,202,征信及处罚,部委网站,外商投资企业年度投资经营信息联合报告,http://lhnbgs.mofcom.gov.cn/,lhnbgs.mofcom.gov.cn,G,入口可读，内容未定位,P2,ACCESSIBLE_HTML,200,HTML可读；只有入口级证据,未识别；不推断必填参数,PUBLIC_ENTRY_TEXT_EXTRACTED,仅入口及最多一篇站内样本；不代表原清单所指核验业务已可用,寻找新闻公告栏目；首页可读不等于业务数据可用,https://lhnbgs.mofcom.gov.cn:443/,https://lhnbgs.mofcom.gov.cn:443/,,未请求,2026-10-09T07:59:20.328414+00:00,experiments/source-accessibility/results/20261009/bodies/6b72426b87d2fee0bd759a5d8184545a3cd53772bfc129dd470165cd8260090f,[],[],[]
dd-108,203,征信及处罚,部委网站,信息通信行业信用信息查询,https://xy.cace.org.cn/,xy.cace.org.cn,A,静态正文或名单样本,P1,ACCESSIBLE_HTML,200,无需主体输入的HTML/PDF内容样本,页面字段线索，必填性未验：请输入关键词，例如企业名称、统一社会信用代码,"PUBLIC_ENTRY_TEXT_EXTRACTED；详情=ACCESSIBLE_HTML；正文容器=article,#zoom；自动识别的正文样本，语义准确性待逐源核对",仅入口及最多一篇站内样本；不代表原清单所指核验业务已可用,选定业务栏目，补分页/增量/正文准确性验收,https://xy.cace.org.cn/,https://xy.cace.org.cn/NEWS/NContent?key=abd84a28f92b34d6696312c7a632014d,https://xy.cace.org.cn/NEWS/NContent?key=abd84a28f92b34d6696312c7a632014d,未请求,2026-10-09T07:59:20.485488+00:00,experiments/source-accessibility/results/20261009/bodies/49f77a3b6d2b801afbb22fd91ddc7d8adebdaab5af3a0c92428fc816ea5348a8,[],[],[]
dd-109,204,征信及处罚,部委网站,中征应收账款融资服务平台,https://www.crcrfsp.org.cn/index.do,www.crcrfsp.org.cn,F,失败/限制，机制未确认,待复查,NETWORK_ERROR,,UNKNOWN：本轮取不到有效内容,未识别；不推断必填参数,URLError,仅入口及最多一篇站内样本；不代表原清单所指核验业务已可用,复核入口迁移与当前环境；不得解释为无相关记录,https://www.crcrfsp.org.cn/index.do,https://www.crcrfsp.org.cn/index.do,,未请求,2026-10-09T07:59:20.506773+00:00,,[],[],[]
dd-110,205,征信及处罚,部委网站,海事处罚查询,https://zwfw.msa.gov.cn/zwfw/c100021/cxfw.shtml,zwfw.msa.gov.cn,G,入口可读，内容未定位,P2,ACCESSIBLE_HTML,200,HTML可读；只有入口级证据,页面字段线索，必填性未验：请输入办件编号；请输入办件手机号；请输入验证码,PUBLIC_ENTRY_TEXT_EXTRACTED；源码含验证码线索（不等于所有公开栏目受限）,仅入口及最多一篇站内样本；不代表原清单所指核验业务已可用,寻找新闻公告栏目；首页可读不等于业务数据可用,https://zwfw.msa.gov.cn/zwfw/c100021/cxfw.shtml,https://zwfw.msa.gov.cn/zwfw/c100021/cxfw.shtml,,未请求,2026-10-09T07:59:20.598345+00:00,experiments/source-accessibility/results/20261009/bodies/2c465da8f55a14a9e77b062d045da519bd964760ccbf18527aadc609623ea30c,[],[],[]
dd-111,211,征信及处罚,地方网站,上海市场监督管理局,http://fw.scjgj.sh.gov.cn/shaic/punish!getList.action?firstAccess=1,fw.scjgj.sh.gov.cn,E,动态页/API/iframe待适配,P2,JS_SHELL,200,JS模板/iframe/API；不得把导航文本当数据,"页面字段线索，必填性未验：POST https://fw.scjgj.sh.gov.cn/shaic/punish!getList.action [caseName, validateCode, pageno]",JS_OR_IFRAME_REQUIRED；源码含验证码线索（不等于所有公开栏目受限）,仅入口及最多一篇站内样本；不代表原清单所指核验业务已可用,检查业务JS与网络请求，优先公开API而非浏览器,https://fw.scjgj.sh.gov.cn/shaic/punish!getList.action?firstAccess=1,https://fw.scjgj.sh.gov.cn/shaic/punish!getList.action?firstAccess=1,,未请求,2026-10-09T07:59:21.089913+00:00,experiments/source-accessibility/results/20261009/bodies/2bacde3f7644982888eccb5e4688106403ddb45ded65f94b5c514d99ee18d9ee,"[{""action"": ""https://fw.scjgj.sh.gov.cn/shaic/punish!getList.action"", ""method"": ""POST"", ""fields"": [{""name"": ""caseName"", ""type"": ""text"", ""hint"": """"}, {""name"": ""validateCode"", ""type"": ""text"", ""hint"": """"}, {""name"": ""pageno"", ""type"": ""text"", ""hint"": """"}]}]",[],"[""https://fw.scjgj.sh.gov.cn/shaic/index/head.html"", ""https://scjgj.sh.gov.cn/1073/"", ""https://fw.scjgj.sh.gov.cn/shaic/index/foot.html"", ""https://fw.scjgj.sh.gov.cn/shaic/js/calendar/calendar.htm""]"
dd-112,212,征信及处罚,地方网站,浙江政务服务网,http://www.zjzwfw.gov.cn/zjzw/punish/frontpunish/showadmins.do?webId=1,www.zjzwfw.gov.cn,F,失败/限制，机制未确认,待复查,ROBOTS_DENIED,,UNKNOWN：本轮取不到有效内容,未识别；不推断必填参数,ROBOTS_DENIED,仅入口及最多一篇站内样本；不代表原清单所指核验业务已可用,复核入口迁移与当前环境；不得解释为无相关记录,http://www.zjzwfw.gov.cn/zjzw/punish/frontpunish/showadmins.do?webId=1,http://www.zjzwfw.gov.cn/zjzw/punish/frontpunish/showadmins.do?webId=1,,未请求,,,[],[],[]
dd-113,213,征信及处罚,地方网站,深圳市场监督管理局,https://amr.sz.gov.cn/outer/doublePublic/list.html,amr.sz.gov.cn,F,失败/限制，机制未确认,待复查,HTTP_ERROR,521,UNKNOWN：本轮取不到有效内容,未识别；不推断必填参数,HTTP_521,仅入口及最多一篇站内样本；不代表原清单所指核验业务已可用,复核入口迁移与当前环境；不得解释为无相关记录,https://amr.sz.gov.cn/outer/doublePublic/list.html,https://amr.sz.gov.cn/outer/doublePublic/list.html,,未请求,2026-10-09T07:59:21.246481+00:00,,[],[],[]
dd-114,214,征信及处罚,地方网站,成都市监局,https://scjg.chengdu.gov.cn/datacenter/#/double-publicity,scjg.chengdu.gov.cn,F,失败/限制，机制未确认,待复查,HTTP_ERROR,412,UNKNOWN：本轮取不到有效内容,未识别；不推断必填参数,HTTP_412,仅入口及最多一篇站内样本；不代表原清单所指核验业务已可用,复核入口迁移与当前环境；不得解释为无相关记录,https://scjg.chengdu.gov.cn/datacenter/,https://scjg.chengdu.gov.cn/datacenter/,,未请求,2026-10-09T07:59:21.302716+00:00,,[],[],[]
dd-115,215,征信及处罚,地方网站,武汉市监局,https://scjgj.wuhan.gov.cn/,scjgj.wuhan.gov.cn,A,静态正文或名单样本,P1,ACCESSIBLE_HTML,200,无需主体输入的HTML/PDF内容样本,页面字段线索，必填性未验：关键字搜索；请输入搜索关键词...,PUBLIC_ENTRY_TEXT_EXTRACTED；详情=ACCESSIBLE_HTML；正文容器=.article_content；自动识别的正文样本，语义准确性待逐源核对,仅入口及最多一篇站内样本；不代表原清单所指核验业务已可用,选定业务栏目，补分页/增量/正文准确性验收,https://scjgj.wuhan.gov.cn/,https://scjgj.wuhan.gov.cn/jggg/tzgg/202610/t20261008_2857756.shtml,https://scjgj.wuhan.gov.cn/jggg/tzgg/202610/t20261008_2857756.shtml,未请求,2026-10-09T07:59:21.449153+00:00,experiments/source-accessibility/results/20261009/bodies/1d918b5425010255255af6737af5703fde8d3ec36ef67c01d434e93496dece8e,[],[],[]
dd-116,216,征信及处罚,地方网站,海口市监局,http://amr.haikou.gov.cn/xxgk/spgsxx/xzcfangsxx/,amr.haikou.gov.cn,A,静态正文或名单样本,P0,ACCESSIBLE_HTML,200,无需主体输入的HTML/PDF内容样本,无需主体输入；下一页index_1.shtml；title仅站内搜索,PUBLIC_ENTRY_TEXT_EXTRACTED；详情=ACCESSIBLE_HTML；正文容器=#zoom,人工读取的样本正文；字段断言见selected-checks.json；历史全量尚未验收,选定业务栏目，补分页/增量/正文准确性验收,http://amr.haikou.gov.cn/xxgk/spgsxx/xzcfangsxx/,http://amr.haikou.gov.cn/xxgk/spgsxx/xzcfangsxx/202610/t1548476.shtml,http://amr.haikou.gov.cn/xxgk/spgsxx/xzcfangsxx/202610/t1548476.shtml,ACCESSIBLE_HTML,2026-10-09T07:59:21.700517+00:00,experiments/source-accessibility/results/20261009/bodies/a06f99002c1afffee0d3e7c2248222edb0d59eb70eb2666b2d7545ec4b03ac97,[],[],[]
dd-117,224,产权信息,动产信息,中登网（动产融资统一登记公示系统）,https://www.zhongdengwang.org.cn/,www.zhongdengwang.org.cn,D,输入/登录型入口,暂缓,SKIP_INPUT,200,表单或登录；业务结果未提交验证,"页面字段线索，必填性未验：GET https://www.zhongdengwang.org.cn/search/ [keywords]; GET https://www.zhongdengwang.org.cn/ [usercode, password, verifyCode]; GET https://www.zhongdengwang.org.cn/ [confirmationType, confirmationType, queryNum, validateVerifyCode]; GET https://www.zhongdengwang.org.cn/ [mbNumber, newMbNumber, dynamicCode]; GET https://www.zhongdengwang.org.cn/ [debtorType, debtorType, orgName, certificateCode]",LOGIN_REQUIRED,仅入口及最多一篇站内样本；不代表原清单所指核验业务已可用,先明确查询主体与必填项；账号/验证码保留人工入口,https://www.zhongdengwang.org.cn/,https://www.zhongdengwang.org.cn/,,未请求,2026-10-09T07:59:21.923402+00:00,experiments/source-accessibility/results/20261009/bodies/a89510ed415d9055ee2ce4061dc2a56871b7fc8aaf1aa0160a137cf55f2607e2,"[{""action"": ""https://www.zhongdengwang.org.cn/search/"", ""method"": ""GET"", ""fields"": [{""name"": ""keywords"", ""type"": ""text"", ""hint"": ""请输入关键字""}]}, {""action"": ""https://www.zhongdengwang.org.cn/"", ""method"": ""GET"", ""fields"": [{""name"": ""usercode"", ""type"": ""text"", ""hint"": """"}, {""name"": ""password"", ""type"": ""password"", ""hint"": """"}, {""name"": ""verifyCode"", ""type"": ""text"", ""hint"": """"}]}, {""action"": ""https://www.zhongdengwang.org.cn/out/"", ""method"": ""GET"", ""fields"": []}, {""action"": ""https://www.zhongdengwang.org.cn/"", ""method"": ""GET"", ""fields"": [{""name"": ""confirmationType"", ""type"": ""radio"", ""hint"": """"}, {""name"": ""confirmationType"", ""type"": ""radio"", ""hint"": """"}, {""name"": ""queryNum"", ""type"": ""text"", ""hint"": """"}, {""name"": ""validateVerifyCode"", ""type"": ""text"", ""hint"": """"}]}, {""action"": ""https://www.zhongdengwang.org.cn/"", ""method"": ""GET"", ""fields"": [{""name"": ""mbNumber"", ""type"": ""text"", ""hint"": """"}, {""name"": ""newMbNumber"", ""type"": ""text"", ""hint"": """"}, {""name"": ""dynamicCode"", ""type"": ""text"", ""hint"": """"}]}, {""action"": ""https://www.zhongdengwang.org.cn/"", ""method"": ""GET"", ""fields"": [{""name"": ""debtorType"", ""type"": ""radio"", ""hint"": """"}, {""name"": ""debtorType"", ""type"": ""radio"", ""hint"": """"}, {""name"": ""orgName"", ""type"": ""text"", ""hint"": """"}, {""name"": ""certificateCode"", ""type"": ""text"", ""hint"": """"}]}]",[],[]
dd-118,230,产权信息,不动产,全国不动产登记网上查询,https://bdcyc.mnr.gov.cn/#/index/adminArea.html?type=CXURL,bdcyc.mnr.gov.cn,F,失败/限制，机制未确认,待复查,NETWORK_ERROR,,UNKNOWN：本轮取不到有效内容,未识别；不推断必填参数,URLError,仅入口及最多一篇站内样本；不代表原清单所指核验业务已可用,复核入口迁移与当前环境；不得解释为无相关记录,https://bdcyc.mnr.gov.cn/,https://bdcyc.mnr.gov.cn/,,未请求,2026-10-09T07:59:22.109973+00:00,,[],[],[]
dd-119,231,产权信息,不动产,北京市,http://yewu.ghzrzyw.beijing.gov.cn/gwxxfb/bdcdjgggs/bdcdjgggs.html,yewu.ghzrzyw.beijing.gov.cn,E,动态页/API/iframe待适配,P2,JS_SHELL,200,JS模板/iframe/API；不得把导航文本当数据,页面字段线索，必填性未验：请输入坐落；请输入公示内容；请输入发布日期；请输入发布机构,JS_OR_IFRAME_REQUIRED,仅入口及最多一篇站内样本；不代表原清单所指核验业务已可用,检查业务JS与网络请求，优先公开API而非浏览器,https://yewu.ghzrzyw.beijing.gov.cn/gwxxfb/bdcdjgggs/bdcdjgggs.html,https://yewu.ghzrzyw.beijing.gov.cn/gwxxfb/bdcdjgggs/bdcdjgggs.html,,未请求,2026-10-09T07:59:22.875238+00:00,experiments/source-accessibility/results/20261009/bodies/d94417bc340fed012d163e9dba9b055015b3cdf7650f02438173080420899f6b,[],[],"[""https://yewu.ghzrzyw.beijing.gov.cn/zhandianxinxi/header/index.html"", ""https://ghzrzyw.beijing.gov.cn/zhandianxinxi/footer/index.html""]"
dd-120,232,产权信息,不动产,深圳市,http://pnr.sz.gov.cn/ywzy/bdcdj/szbdc/,pnr.sz.gov.cn,F,失败/限制，机制未确认,待复查,HTTP_ERROR,412,UNKNOWN：本轮取不到有效内容,未识别；不推断必填参数,HTTP_412,仅入口及最多一篇站内样本；不代表原清单所指核验业务已可用,复核入口迁移与当前环境；不得解释为无相关记录,http://pnr.sz.gov.cn/ywzy/bdcdj/szbdc/,http://pnr.sz.gov.cn/ywzy/bdcdj/szbdc/,,未请求,2026-10-09T07:59:22.800548+00:00,,[],[],[]
dd-121,233,产权信息,不动产,广州市,https://ghzyj.gz.gov.cn/zwfw/xtzq/gzsbdcdjzlly/,ghzyj.gz.gov.cn,G,入口可读，内容未定位,P2,ACCESSIBLE_HTML,200,HTML可读；只有入口级证据,页面字段线索，必填性未验：keywords,PUBLIC_ENTRY_TEXT_EXTRACTED,仅入口及最多一篇站内样本；不代表原清单所指核验业务已可用,寻找新闻公告栏目；首页可读不等于业务数据可用,https://ghzyj.gz.gov.cn/zwfw/xtzq/gzsbdcdjzlly/,https://ghzyj.gz.gov.cn/zwfw/xtzq/gzsbdcdjzlly/,,未请求,2026-10-09T07:59:22.810558+00:00,experiments/source-accessibility/results/20261009/bodies/3e66eb254af56b69d7cc55508bd79c9d19ffef99af5e53d5217713bccb59eb15,[],[],[]
dd-122,234,产权信息,不动产,珠海市,http://bdc.zhuhai.gov.cn/,bdc.zhuhai.gov.cn,E,动态页/API/iframe待适配,P2,ACCESSIBLE_HTML,200,JS模板/iframe/API；不得把导航文本当数据,"页面字段线索，必填性未验：GET https://search.gd.gov.cn/search/local/756032/ [keywords, imageField]",PUBLIC_ENTRY_TEXT_EXTRACTED；详情=SKIP_INPUT,仅入口及最多一篇站内样本；不代表原清单所指核验业务已可用,检查业务JS与网络请求，优先公开API而非浏览器,https://bdc.zhuhai.gov.cn/,https://bdc.zhuhai.gov.cn/,https://bdc.zhuhai.gov.cn/zwgk/zcfgjd/content/post_3932631.html,未请求,2026-10-09T07:59:23.081639+00:00,experiments/source-accessibility/results/20261009/bodies/3ff18c6f1898c1c8ae6dec408fced14cf836542d5b942aea26135d729e6444ed,"[{""action"": ""https://search.gd.gov.cn/search/local/756032/"", ""method"": ""GET"", ""fields"": [{""name"": ""keywords"", ""type"": ""text"", ""hint"": ""请输入关键字""}, {""name"": ""imageField"", ""type"": ""image"", ""hint"": """"}]}]",[],"[""https://12345.zhuhai.gov.cn:8085/201801/page/external/externalAppeals_list.html?type=0&orgCode=725494810"", ""https://12345.zhuhai.gov.cn:8085/201801/page/external/externalAppeals_list.html?type=1&orgCode=725494810"", ""https://app.gd.gov.cn/xxts/pushinfo_html.php?s=14&d=1"", ""https://www.zhbdc.org.cn/zhpubquery/EstateNotice.html""]"
dd-123,235,产权信息,不动产,东莞市,https://nr.dg.gov.cn/,nr.dg.gov.cn,A,静态正文或名单样本,P1,ACCESSIBLE_HTML,200,无需主体输入的HTML/PDF内容样本,"页面字段线索，必填性未验：GET https://search.gd.gov.cn/search/local_msg/769041/ [keywords]; POST https://121.10.6.230/DGQUERYCASE/QueryCaseStatus.aspx [zb, bm, querycode, (无name)]",PUBLIC_ENTRY_TEXT_EXTRACTED；详情=ACCESSIBLE_HTML；正文容器=#zoom；自动识别的正文样本，语义准确性待逐源核对,仅入口及最多一篇站内样本；不代表原清单所指核验业务已可用,选定业务栏目，补分页/增量/正文准确性验收,https://nr.dg.gov.cn/,http://nr.dg.gov.cn/xwzx/gwhgg/content/post_4581284.html,http://nr.dg.gov.cn/xwzx/gwhgg/content/post_4581284.html,未请求,2026-10-09T07:59:23.059497+00:00,experiments/source-accessibility/results/20261009/bodies/3efb8d4156f6ebd935ef46d7624075f8927f61b2c2fe868efd4423b8569638a8,"[{""action"": ""https://search.gd.gov.cn/search/local_msg/769041/"", ""method"": ""GET"", ""fields"": [{""name"": ""keywords"", ""type"": ""input"", ""hint"": """"}]}, {""action"": ""https://121.10.6.230/DGQUERYCASE/QueryCaseStatus.aspx"", ""method"": ""POST"", ""fields"": [{""name"": ""zb"", ""type"": ""select"", ""hint"": """"}, {""name"": ""bm"", ""type"": ""input"", ""hint"": """"}, {""name"": ""querycode"", ""type"": ""input"", ""hint"": """"}, {""name"": """", ""type"": ""image"", ""hint"": """"}]}]","[""https://nr.dg.gov.cn/postmeta/g/625_1.json"", ""https://nr.dg.gov.cn/postmeta/g/624_1.json"", ""https://nr.dg.gov.cn/postmeta/g/618_1.json"", ""https://nr.dg.gov.cn/postmeta/g/655_1.json"", ""https://nr.dg.gov.cn/postmeta/g/648_1.json"", ""https://nr.dg.gov.cn/postmeta/g/620_1.json"", ""https://nr.dg.gov.cn/postmeta/g/639_1.json"", ""https://nr.dg.gov.cn/postmeta/g/640_1.json""]","[""https://nr.dg.gov.cn/news_pic.html"", ""https://zrzyywrk.dg.cn/nrm/"", ""https://zrzyywrk.dg.cn/nrm/"", ""https://zrzyywrk.dg.cn/nrm/"", ""https://zrzyywrk.dg.cn/nrm/""]"
dd-124,236,产权信息,不动产,上海市,https://ghzyj.sh.gov.cn/bdcdj/,ghzyj.sh.gov.cn,E,动态页/API/iframe待适配,P2,ACCESSIBLE_HTML,200,JS模板/iframe/API；不得把导航文本当数据,未识别；不推断必填参数,PUBLIC_ENTRY_TEXT_EXTRACTED；详情=ACCESSIBLE_HTML,仅入口及最多一篇站内样本；不代表原清单所指核验业务已可用,检查业务JS与网络请求，优先公开API而非浏览器,https://ghzyj.sh.gov.cn/bdcdj/,https://ghzyj.sh.gov.cn/bdcdj/,https://ghzyj.sh.gov.cn/zcwj/bdcgl/20260729/ab2bc3e5de9b4e059e8a8561deaa0796.html,未请求,2026-10-09T07:59:23.287755+00:00,experiments/source-accessibility/results/20261009/bodies/beb18d6f73b8b6739d4caac92ed5eba8914f4b2267a015fafdd3c2203539ec56,[],[],"[""https://hd.ghzyj.sh.gov.cn/iframe/bdcgg/""]"
dd-125,242,产权信息,知产-专利,中国专利检索及分析,https://pss-system.cponline.cnipa.gov.cn/Disclaime,pss-system.cponline.cnipa.gov.cn,F,失败/限制，机制未确认,待复查,HTTP_ERROR,412,UNKNOWN：本轮取不到有效内容,未识别；不推断必填参数,HTTP_412,仅入口及最多一篇站内样本；不代表原清单所指核验业务已可用,复核入口迁移与当前环境；不得解释为无相关记录,https://pss-system.cponline.cnipa.gov.cn/Disclaime,https://pss-system.cponline.cnipa.gov.cn/Disclaime,,未请求,2026-10-09T07:59:23.389997+00:00,,[],[],[]
dd-126,243,产权信息,知产-专利,中国及多国专利审查信息查询,https://cpquery.cponline.cnipa.gov.cn/,cpquery.cponline.cnipa.gov.cn,F,失败/限制，机制未确认,待复查,HTTP_ERROR,412,UNKNOWN：本轮取不到有效内容,未识别；不推断必填参数,HTTP_412,仅入口及最多一篇站内样本；不代表原清单所指核验业务已可用,复核入口迁移与当前环境；不得解释为无相关记录,https://cpquery.cponline.cnipa.gov.cn/,https://cpquery.cponline.cnipa.gov.cn/,,未请求,2026-10-09T07:59:23.455338+00:00,,[],[],[]
dd-127,244,产权信息,知产-专利,专利复审和无效查询,https://tysf.cponline.cnipa.gov.cn/am/#/user/login,tysf.cponline.cnipa.gov.cn,E,动态页/API/iframe待适配,P2,JS_SHELL,200,JS模板/iframe/API；不得把导航文本当数据,未识别；不推断必填参数,JS_OR_IFRAME_REQUIRED,仅入口及最多一篇站内样本；不代表原清单所指核验业务已可用,检查业务JS与网络请求，优先公开API而非浏览器,https://tysf.cponline.cnipa.gov.cn/am/,https://tysf.cponline.cnipa.gov.cn/am/,,未请求,2026-10-09T07:59:23.526374+00:00,experiments/source-accessibility/results/20261009/bodies/08b4674172cdaa2d6c85e105706e5af252d522422abc9dc7df8a6a2c0990d78a,[],[],[]
dd-128,245,产权信息,知产-专利,专利代理机构查询,http://dlgl.cnipa.gov.cn/txnqueryAgencyOrg.do,dlgl.cnipa.gov.cn,F,失败/限制，机制未确认,待复查,NETWORK_ERROR,,UNKNOWN：本轮取不到有效内容,未识别；不推断必填参数,RemoteDisconnected,仅入口及最多一篇站内样本；不代表原清单所指核验业务已可用,复核入口迁移与当前环境；不得解释为无相关记录,http://dlgl.cnipa.gov.cn/txnqueryAgencyOrg.do,http://dlgl.cnipa.gov.cn/txnqueryAgencyOrg.do,,未请求,2026-10-09T07:59:23.596042+00:00,,[],[],[]
dd-129,246,产权信息,知产-专利,专利代理师信息查询,http://dlgl.cnipa.gov.cn/txnqueryAgent.do,dlgl.cnipa.gov.cn,F,失败/限制，机制未确认,待复查,NETWORK_ERROR,,UNKNOWN：本轮取不到有效内容,未识别；不推断必填参数,RemoteDisconnected,仅入口及最多一篇站内样本；不代表原清单所指核验业务已可用,复核入口迁移与当前环境；不得解释为无相关记录,http://dlgl.cnipa.gov.cn/txnqueryAgent.do,http://dlgl.cnipa.gov.cn/txnqueryAgent.do,,未请求,2026-10-09T07:59:23.658031+00:00,,[],[],[]
dd-130,247,产权信息,知产-专利,中国香港知识产权署,http://ipsearch.ipd.gov.hk/index.html,ipsearch.ipd.gov.hk,E,动态页/API/iframe待适配,P2,JS_SHELL,200,JS模板/iframe/API；不得把导航文本当数据,未识别；不推断必填参数,JS_OR_IFRAME_REQUIRED,仅入口及最多一篇站内样本；不代表原清单所指核验业务已可用,检查业务JS与网络请求，优先公开API而非浏览器,https://esearch.ipd.gov.hk/nis-pos-view/,https://esearch.ipd.gov.hk/nis-pos-view/,,未请求,2026-10-09T07:59:24.621153+00:00,experiments/source-accessibility/results/20261009/bodies/a60cb9040c392a904bc807d68754e3d6b000eb06c2ec7dabbe846cdc7731f1f9,[],[],[]
dd-131,248,产权信息,知产-专利,中国澳门经济局,https://www.economia.gov.mo/,www.economia.gov.mo,A,静态正文或名单样本,P1,ACCESSIBLE_HTML,200,无需主体输入的HTML/PDF内容样本,未识别；不推断必填参数,PUBLIC_ENTRY_TEXT_EXTRACTED；详情=ACCESSIBLE_PDF；自动识别的正文样本，语义准确性待逐源核对,仅入口及最多一篇站内样本；不代表原清单所指核验业务已可用,选定业务栏目，补分页/增量/正文准确性验收,https://www.dsedt.gov.mo/zh_MO/pg_home,https://www.dsedt.gov.mo/public/data/nc/c/attach/d20511906374ce2b23d250acfd4a776350ae3d26/tc/News_20260526_tc.pdf?ts=1779724800000,https://www.dsedt.gov.mo/public/data/nc/c/attach/d20511906374ce2b23d250acfd4a776350ae3d26/tc/News_20260526_tc.pdf?ts=1779724800000,未请求,2026-10-09T07:59:26.408262+00:00,experiments/source-accessibility/results/20261009/bodies/3a627f65e7aec95afa6b78a6a9a37712b143b8b844aaaa828ab7e8520426007b,"[{""action"": ""https://www.dsedt.gov.mo/zh_MO/web/public/pg_home"", ""method"": ""POST"", ""fields"": []}, {""action"": ""https://www.dsedt.gov.mo/zh_MO/pg_home"", ""method"": ""POST"", ""fields"": []}]",[],[]
dd-132,249,产权信息,知产-专利,中国台湾经济部智慧财产局,https://www.tipo.gov.tw/,www.tipo.gov.tw,E,动态页/API/iframe待适配,P2,ACCESSIBLE_HTML,200,JS模板/iframe/API；不得把导航文本当数据,页面字段线索，必填性未验：q,PUBLIC_ENTRY_TEXT_EXTRACTED,仅入口及最多一篇站内样本；不代表原清单所指核验业务已可用,检查业务JS与网络请求，优先公开API而非浏览器,https://www.tipo.gov.tw/,https://www.tipo.gov.tw/,,未请求,2026-10-09T07:59:25.411373+00:00,experiments/source-accessibility/results/20261009/bodies/98bf3159296f8990175879815cf9724cdf94b030bef4b36f53d250197f588574,[],[],"[""https://www.googletagmanager.com/ns.html?id=GTM-MFPF3J2""]"
dd-133,250,产权信息,知产-专利,中国专利保护协会,http://www.ppac.org.cn/,www.ppac.org.cn,B,静态内容链接，待验详情,P2,ACCESSIBLE_HTML,200,HTML有候选链接；详情正文尚未确认,页面字段线索，必填性未验：GET http://www.ppac.org.cn/search/result.html [key],PUBLIC_ENTRY_TEXT_EXTRACTED；详情=ACCESSIBLE_HTML,仅入口及最多一篇站内样本；不代表原清单所指核验业务已可用,限定目标栏目并核对一篇真实正文/附件,http://www.ppac.org.cn/,http://www.ppac.org.cn/,http://www.ppac.org.cn/news/detail-1-667.html,未请求,2026-10-09T07:59:25.419814+00:00,experiments/source-accessibility/results/20261009/bodies/94f17d629bfdf0527070d192af1154862e3685859d6ea784cdc400b3e18a352e,"[{""action"": ""http://www.ppac.org.cn/search/result.html"", ""method"": ""GET"", ""fields"": [{""name"": ""key"", ""type"": ""text"", ""hint"": """"}]}]",[],[]
dd-134,251,产权信息,知产-专利,全国专利代理公共服务平台,http://www.pppas.net/index,www.pppas.net,G,入口可读，内容未定位,P2,ACCESSIBLE_HTML,200,HTML可读；只有入口级证据,页面字段线索，必填性未验：输入代理机构名称，比如：北京市海淀区专利代理中心；输入代理师姓名；输入诉讼代理人姓名；输入复审/无效决定相关的发明创造名称；name；name；name,PUBLIC_ENTRY_TEXT_EXTRACTED,仅入口及最多一篇站内样本；不代表原清单所指核验业务已可用,寻找新闻公告栏目；首页可读不等于业务数据可用,http://www.pppas.net/index,http://www.pppas.net/index,,未请求,2026-10-09T07:59:25.992660+00:00,experiments/source-accessibility/results/20261009/bodies/c2874a38abe09fb1d24ee4d508405ef573bd69478face9476043ffd41ac043ae,[],[],[]
dd-135,252,产权信息,知产-专利,北京知识产权公共信息服务平台,http://search.beijingip.cn/search/search/index,search.beijingip.cn,F,失败/限制，机制未确认,待复查,NETWORK_ERROR,,UNKNOWN：本轮取不到有效内容,未识别；不推断必填参数,RemoteDisconnected,仅入口及最多一篇站内样本；不代表原清单所指核验业务已可用,复核入口迁移与当前环境；不得解释为无相关记录,http://search.beijingip.cn/search/search/index,http://search.beijingip.cn/search/search/index,,未请求,2026-10-09T07:59:26.131269+00:00,,[],[],[]
dd-136,253,产权信息,知产-专利,上海市知识产权专利检索分析平台,http://xxfw.sipa.sh.gov.cn/,xxfw.sipa.sh.gov.cn,G,入口可读，内容未定位,P2,ACCESSIBLE_HTML,200,HTML可读；只有入口级证据,未识别；不推断必填参数,PUBLIC_ENTRY_TEXT_EXTRACTED,仅入口及最多一篇站内样本；不代表原清单所指核验业务已可用,寻找新闻公告栏目；首页可读不等于业务数据可用,https://xxfw.sipa.sh.gov.cn/wasWeb/qt/index/,https://xxfw.sipa.sh.gov.cn/wasWeb/qt/index/,,未请求,2026-10-09T07:59:28.016353+00:00,experiments/source-accessibility/results/20261009/bodies/c27f594171b675a0224433f36e8f4d5e0b7fec01ca62d35d483abc91d6cffce0,[],"[""https://xxfw.sipa.sh.gov.cn:443/wasWeb/js/shanghai.json""]",[]
dd-137,254,产权信息,知产-专利,中国香港专利检索,https://esearch.ipd.gov.hk/nis-pos-view/#/pt/quicksearch,esearch.ipd.gov.hk,E,动态页/API/iframe待适配,P2,JS_SHELL,200,JS模板/iframe/API；不得把导航文本当数据,未识别；不推断必填参数,JS_OR_IFRAME_REQUIRED,仅入口及最多一篇站内样本；不代表原清单所指核验业务已可用,检查业务JS与网络请求，优先公开API而非浏览器,https://esearch.ipd.gov.hk/nis-pos-view/,https://esearch.ipd.gov.hk/nis-pos-view/,,未请求,2026-10-09T07:59:26.426626+00:00,experiments/source-accessibility/results/20261009/bodies/a60cb9040c392a904bc807d68754e3d6b000eb06c2ec7dabbe846cdc7731f1f9,[],[],[]
dd-138,255,产权信息,知产-专利,专利检索及分析系统,https://pss-system.cponline.cnipa.gov.cn/conventionalSearch,pss-system.cponline.cnipa.gov.cn,F,失败/限制，机制未确认,待复查,HTTP_ERROR,412,UNKNOWN：本轮取不到有效内容,未识别；不推断必填参数,HTTP_412,仅入口及最多一篇站内样本；不代表原清单所指核验业务已可用,复核入口迁移与当前环境；不得解释为无相关记录,https://pss-system.cponline.cnipa.gov.cn/conventionalSearch,https://pss-system.cponline.cnipa.gov.cn/conventionalSearch,,未请求,2026-10-09T07:59:26.600552+00:00,,[],[],[]
dd-139,261,产权信息,知产-专利-境外,EuropeanPatentOffice,https://www.epo.org/,www.epo.org,A,静态正文或名单样本,P1,ACCESSIBLE_HTML,200,无需主体输入的HTML/PDF内容样本,"页面字段线索，必填性未验：GET https://www.epo.org/en/results [search_type, q]","PUBLIC_ENTRY_TEXT_EXTRACTED；详情=ACCESSIBLE_HTML；正文容器=article,article；自动识别的正文样本，语义准确性待逐源核对",仅入口及最多一篇站内样本；不代表原清单所指核验业务已可用,选定业务栏目，补分页/增量/正文准确性验收,https://www.epo.org/en,https://www.epo.org/en/news-events/news/opposition-matters-2026,https://www.epo.org/en/news-events/news/opposition-matters-2026,未请求,2026-10-09T07:59:27.497807+00:00,experiments/source-accessibility/results/20261009/bodies/f62fd9812a0a86f3eb61e919554a3d604fcc2d4b564fc3a6b2df4b2abd407a29,"[{""action"": ""https://www.epo.org/en/results"", ""method"": ""GET"", ""fields"": [{""name"": ""search_type"", ""type"": ""select"", ""hint"": """"}, {""name"": ""q"", ""type"": ""text"", ""hint"": ""Search...""}]}]",[],"[""https://www.epo.org/en"", ""https://www.epo.org/en"", ""https://www.epo.org/en"", ""https://www.epo.org/en""]"
dd-140,262,产权信息,知产-专利-境外,美国专利商标局（USPTO）,https://www.uspto.gov/,www.uspto.gov,G,入口可读，内容未定位,P2,ACCESSIBLE_HTML,200,首页article标签属于页面布局，未验证专利查询或新闻详情,专利业务查询参数未确认；官网新闻需定位栏目,首页article标签属于页面布局，未验证专利查询或新闻详情,仅以上明确描述的公开内容与参数；未验证全量、主体完整核验或长期稳定性,寻找新闻公告栏目；首页可读不等于业务数据可用,https://www.uspto.gov/,https://www.uspto.gov/,,未请求,2026-10-09T07:59:26.973949+00:00,experiments/source-accessibility/results/20261009/bodies/046ae35335cf8c04c60ac833ecbf4be95f3859398f6440c35f66d1f96f15de42,"[{""action"": ""https://www.uspto.gov/search"", ""method"": ""GET"", ""fields"": [{""name"": ""q"", ""type"": ""search"", ""hint"": ""Search uspto.gov""}]}, {""action"": ""https://public.govdelivery.com/accounts/USPTO/subscribers/qualify"", ""method"": ""POST"", ""fields"": [{""name"": ""email"", ""type"": ""text"", ""hint"": ""your@email.com""}]}]",[],[]
dd-141,263,产权信息,知产-专利-境外,欧盟知识产权局（EUIPO）,https://www.euipo.europa.eu/en,www.euipo.europa.eu,F,失败/限制，机制未确认,待复查,HTTP_ERROR,403,UNKNOWN：本轮取不到有效内容,未识别；不推断必填参数,HTTP_403,仅入口及最多一篇站内样本；不代表原清单所指核验业务已可用,复核入口迁移与当前环境；不得解释为无相关记录,https://www.euipo.europa.eu/en,https://www.euipo.europa.eu/en,,未请求,2026-10-09T07:59:27.089900+00:00,,[],[],[]
dd-142,264,产权信息,知产-专利-境外,韩国特许厅（KIPO）,https://www.kipo.go.kr/ko/MainApp.do,www.kipo.go.kr,A,静态正文或名单样本,P1,ACCESSIBLE_HTML,200,无需主体输入的HTML/PDF内容样本,页面字段线索，必填性未验：검색어를 입력하세요.；찾으시는 검색어를 입력하세요.,PUBLIC_ENTRY_TEXT_EXTRACTED；详情=ACCESSIBLE_HTML；正文容器=article；自动识别的正文样本，语义准确性待逐源核对,仅入口及最多一篇站内样本；不代表原清单所指核验业务已可用,选定业务栏目，补分页/增量/正文准确性验收,https://www.kipo.go.kr/ko/MainApp.do,https://www.kipo.go.kr/ko/kpoBultnDetail.do?menuCd=SCD0200618&ntatcSeq=21075&aprchId=BUT0000029&sysCd=SCD02,https://www.kipo.go.kr/ko/kpoBultnDetail.do?menuCd=SCD0200618&ntatcSeq=21075&aprchId=BUT0000029&sysCd=SCD02,未请求,2026-10-09T07:59:27.557832+00:00,,"[{""action"": ""https://www.kipo.go.kr/ko/MainApp.do"", ""method"": ""POST"", ""fields"": []}]","[""https://www.kipo.go.kr/ko/imgViewUrl.do"", ""https://www.kipo.go.kr/ko/imageKpoUrlView.do"", ""https://www.kipo.go.kr/ko/getVisualList.do"", ""https://www.kipo.go.kr/ko/getBannerList.do"", ""https://www.kipo.go.kr/ko/getSetInfoList.do"", ""https://www.kipo.go.kr/ko/getMainInfoList.do"", ""https://www.kipo.go.kr/ko/getPopupList.do"", ""https://www.kipo.go.kr/ko/getPhotoList.do"", ""https://www.kipo.go.kr/ko/getNoticeList.do"", ""https://www.kipo.go.kr/ko/getPerformList.do"", ""https://www.kipo.go.kr/ko/getVideoList.do"", ""https://www.kipo.go.kr/ko/getSnsList.do""]","[""https://www.korea.kr/etc/news_widget.do?svrId=JFJ92eUM4DGJ000""]"
dd-143,265,产权信息,知产-专利-境外,日本专利信息平台,https://www.j-platpat.inpit.go.jp/,www.j-platpat.inpit.go.jp,E,动态页/API/iframe待适配,P2,JS_SHELL,200,JS模板/iframe/API；不得把导航文本当数据,未识别；不推断必填参数,JS_OR_IFRAME_REQUIRED,仅入口及最多一篇站内样本；不代表原清单所指核验业务已可用,检查业务JS与网络请求，优先公开API而非浏览器,https://www.j-platpat.inpit.go.jp/,https://www.j-platpat.inpit.go.jp/,,未请求,2026-10-09T07:59:28.217057+00:00,experiments/source-accessibility/results/20261009/bodies/911ecac77bb2f542cd41b01c8855a004a4b61238fc839ce243f0103e7c09cbc5,[],[],[]
dd-144,266,产权信息,知产-专利-境外,DPMAregister,https://register.dpma.de/DPMAregister/Uebersicht?lang=en,register.dpma.de,G,入口可读，内容未定位,P2,ACCESSIBLE_HTML,200,HTML可读；只有入口级证据,"页面字段线索，必填性未验：GET https://register.dpma.de/DPMAregister/Uebersicht?lang=en [smartsearchQueryString, smartsearchButton]; GET https://register.dpma.de/DPMAregister/Uebersicht?lang=en [smartsearchQueryString_kl, smartsearchButton_kl]",PUBLIC_ENTRY_TEXT_EXTRACTED,仅入口及最多一篇站内样本；不代表原清单所指核验业务已可用,寻找新闻公告栏目；首页可读不等于业务数据可用,https://register.dpma.de/DPMAregister/Uebersicht?lang=en,https://register.dpma.de/DPMAregister/Uebersicht?lang=en,,未请求,2026-10-09T07:59:28.601033+00:00,experiments/source-accessibility/results/20261009/bodies/4780c396a01321554cf94dd733bdfb2084435e10cc8beb25cfa61e7cb9aaea01,"[{""action"": ""https://register.dpma.de/DPMAregister/Uebersicht?lang=en"", ""method"": ""GET"", ""fields"": [{""name"": ""smartsearchQueryString"", ""type"": ""text"", ""hint"": ""Names/numbers/search terms""}, {""name"": ""smartsearchButton"", ""type"": ""image"", ""hint"": """"}]}, {""action"": ""https://register.dpma.de/DPMAregister/Uebersicht?lang=en"", ""method"": ""GET"", ""fields"": [{""name"": ""smartsearchQueryString_kl"", ""type"": ""text"", ""hint"": ""Names/numbers/search terms""}, {""name"": ""smartsearchButton_kl"", ""type"": ""image"", ""hint"": """"}]}, {""action"": ""https://register.dpma.de/DPMAregister/uebersicht.kopf.form"", ""method"": ""POST"", ""fields"": []}]",[],[]
dd-145,267,产权信息,知产-专利-境外,全球外观设计数据库,https://www3.wipo.int/designdb/en/index.jsp,www3.wipo.int,E,动态页/API/iframe待适配,P2,ACCESSIBLE_HTML,200,JS模板/iframe/API；不得把导航文本当数据,未识别；不推断必填参数,PUBLIC_ENTRY_TEXT_EXTRACTED,仅入口及最多一篇站内样本；不代表原清单所指核验业务已可用,检查业务JS与网络请求，优先公开API而非浏览器,https://designdb.wipo.int/designdb/en/index.jsp,https://designdb.wipo.int/designdb/en/index.jsp,,未请求,2026-10-09T07:59:29.775228+00:00,experiments/source-accessibility/results/20261009/bodies/a8ee43c4a4544f9ebadd3c54ae8a47f456b0715e7548050cb2b5416a2dea2a93,[],[],"[""https://www.googletagmanager.com/ns.html?id=GTM-P7RLS2""]"
dd-146,268,产权信息,知产-专利-境外,PATENTSCOPE数据库,https://patentscope.wipo.int/search/zh/search.jsf,patentscope.wipo.int,G,入口可读，内容未定位,P2,ACCESSIBLE_HTML,200,HTML可读；只有入口级证据,"页面字段线索，必填性未验：POST https://patentscope.wipo.int/search/zh/search.jsf [settingsForm:queryLanguage:input, settingsForm:stemmingOption:input, settingsForm:singleFamilyMemberOption:input, settingsForm:includeNplOption:input, settingsForm:sortOption:input, settingsForm:lengthOption:input, settingsForm:j_idt371:input]; POST https://patentscope.wipo.int/search/zh/search.jsf [feedbackForm:feedback:input, feedbackForm:contactEmail:input]; POST https://patentscope.wipo.int/search/zh/search.jsf [gotoForm:gotoApplicationNumber:input]; POST https://patentscope.wipo.int/search/zh/search.jsf [simpleSearchForm:field:input, simpleSearchForm:fpSearch:input]",PUBLIC_ENTRY_TEXT_EXTRACTED,仅入口及最多一篇站内样本；不代表原清单所指核验业务已可用,寻找新闻公告栏目；首页可读不等于业务数据可用,https://patentscope.wipo.int/search/zh/search.jsf,https://patentscope.wipo.int/search/zh/search.jsf,,未请求,2026-10-09T07:59:29.787365+00:00,experiments/source-accessibility/results/20261009/sanitized/f435c265e51333c67a5c3dd08810b61cffa654a8f22e119f793995676c1b8a73,"[{""action"": ""https://patentscope.wipo.int/search/zh/search.jsf"", ""method"": ""POST"", ""fields"": []}, {""action"": ""https://patentscope.wipo.int/search/zh/search.jsf"", ""method"": ""POST"", ""fields"": [{""name"": ""settingsForm:queryLanguage:input"", ""type"": ""select"", ""hint"": """"}, {""name"": ""settingsForm:stemmingOption:input"", ""type"": ""checkbox"", ""hint"": """"}, {""name"": ""settingsForm:singleFamilyMemberOption:input"", ""type"": ""checkbox"", ""hint"": """"}, {""name"": ""settingsForm:includeNplOption:input"", ""type"": ""checkbox"", ""hint"": """"}, {""name"": ""settingsForm:sortOption:input"", ""type"": ""select"", ""hint"": """"}, {""name"": ""settingsForm:lengthOption:input"", ""type"": ""select"", ""hint"": """"}, {""name"": ""settingsForm:j_idt371:input"", ""type"": ""select"", ""hint"": """"}]}, {""action"": ""https://patentscope.wipo.int/search/zh/search.jsf"", ""method"": ""POST"", ""fields"": [{""name"": ""feedbackForm:feedback:input"", ""type"": ""textarea"", ""hint"": """"}, {""name"": ""feedbackForm:contactEmail:input"", ""type"": ""text"", ""hint"": """"}]}, {""action"": ""https://patentscope.wipo.int/search/zh/search.jsf"", ""method"": ""POST"", ""fields"": [{""name"": ""gotoForm:gotoApplicationNumber:input"", ""type"": ""text"", ""hint"": """"}]}, {""action"": ""https://patentscope.wipo.int/search/zh/search.jsf"", ""method"": ""POST"", ""fields"": []}, {""action"": ""https://patentscope.wipo.int/search/zh/search.jsf"", ""method"": ""POST"", ""fields"": []}, {""action"": ""https://patentscope.wipo.int/search/zh/search.jsf"", ""method"": ""POST"", ""fields"": [{""name"": ""simpleSearchForm:field:input"", ""type"": ""select"", ""hint"": """"}, {""name"": ""simpleSearchForm:fpSearch:input"", ""type"": ""text"", ""hint"": """"}]}]",[],[]
dd-147,274,产权信息,知产-商标,中国商标网,http://wcjs.sbj.cnipa.gov.cn/,wcjs.sbj.cnipa.gov.cn,F,失败/限制，机制未确认,待复查,HTTP_ERROR,403,UNKNOWN：本轮取不到有效内容,未识别；不推断必填参数,HTTP_403,仅入口及最多一篇站内样本；不代表原清单所指核验业务已可用,复核入口迁移与当前环境；不得解释为无相关记录,http://wcjs.sbj.cnipa.gov.cn/,http://wcjs.sbj.cnipa.gov.cn/,,未请求,2026-10-09T07:59:30.043316+00:00,,[],[],[]
dd-148,275,产权信息,知产-商标,中国香港商标检索,https://esearch.ipd.gov.hk/nis-pos-view/#/tm/quicksearch?lang=en,esearch.ipd.gov.hk,E,动态页/API/iframe待适配,P2,JS_SHELL,200,JS模板/iframe/API；不得把导航文本当数据,未识别；不推断必填参数,JS_OR_IFRAME_REQUIRED,仅入口及最多一篇站内样本；不代表原清单所指核验业务已可用,检查业务JS与网络请求，优先公开API而非浏览器,https://esearch.ipd.gov.hk/nis-pos-view/,https://esearch.ipd.gov.hk/nis-pos-view/,,未请求,2026-10-09T07:59:26.426626+00:00,experiments/source-accessibility/results/20261009/bodies/a60cb9040c392a904bc807d68754e3d6b000eb06c2ec7dabbe846cdc7731f1f9,[],[],[]
dd-149,276,产权信息,知产-商标,WIPOIPPORTAL,https://ipportal.wipo.int/,ipportal.wipo.int,E,动态页/API/iframe待适配,P2,JS_SHELL,200,JS模板/iframe/API；不得把导航文本当数据,未识别；不推断必填参数,JS_OR_IFRAME_REQUIRED,仅入口及最多一篇站内样本；不代表原清单所指核验业务已可用,检查业务JS与网络请求，优先公开API而非浏览器,https://ipportal.wipo.int/,https://ipportal.wipo.int/,,未请求,2026-10-09T07:59:30.082557+00:00,experiments/source-accessibility/results/20261009/bodies/8502d65b652233ed14e4f4d953c19af7287c5126f1077b53b3c0e44ac6d6e26d,[],[],[]
dd-150,277,产权信息,知产-商标,欧盟商标查询系统,https://eutms.gippc.com.cn/,eutms.gippc.com.cn,G,入口可读，内容未定位,P2,ACCESSIBLE_HTML,200,HTML可读；只有入口级证据,未识别；不推断必填参数,PUBLIC_ENTRY_TEXT_EXTRACTED,仅入口及最多一篇站内样本；不代表原清单所指核验业务已可用,寻找新闻公告栏目；首页可读不等于业务数据可用,https://eutms.gippc.com.cn/,https://eutms.gippc.com.cn/,,未请求,2026-10-09T07:59:30.694802+00:00,,[],[],[]
dd-151,278,产权信息,知产-商标,TheIntellectualPropertyOffice,https://www.gov.uk/government/organisations/intellectual-property-office,www.gov.uk,B,静态内容链接，待验详情,P2,ACCESSIBLE_HTML,200,HTML有候选链接；详情正文尚未确认,"页面字段线索，必填性未验：GET https://www.gov.uk/search/all [keywords]; POST https://www.gov.uk/contact/govuk/problem_reports [giraffe, what_doing, what_wrong]",PUBLIC_ENTRY_TEXT_EXTRACTED；详情=ACCESSIBLE_HTML,仅入口及最多一篇站内样本；不代表原清单所指核验业务已可用,限定目标栏目并核对一篇真实正文/附件,https://www.gov.uk/government/organisations/intellectual-property-office,https://www.gov.uk/government/organisations/intellectual-property-office,https://www.gov.uk/government/news/intellectual-property-office-publishes-corporate-plan-2026-to-2027,未请求,2026-10-09T07:59:31.108301+00:00,experiments/source-accessibility/results/20261009/bodies/29860750f2e32e895ac24b15eebf4704251b1dda3428b3d1f253f177b483b2d6,"[{""action"": ""https://www.gov.uk/search/all"", ""method"": ""GET"", ""fields"": [{""name"": ""keywords"", ""type"": ""search"", ""hint"": """"}]}, {""action"": ""https://www.gov.uk/contact/govuk/problem_reports"", ""method"": ""POST"", ""fields"": [{""name"": ""giraffe"", ""type"": ""text"", ""hint"": """"}, {""name"": ""what_doing"", ""type"": ""textarea"", ""hint"": """"}, {""name"": ""what_wrong"", ""type"": ""textarea"", ""hint"": """"}]}]",[],[]
dd-152,284,产权信息,域名信息查询,工信部ICP/IP地址/域名信息备案管理系统,https://beian.miit.gov.cn/,beian.miit.gov.cn,F,失败/限制，机制未确认,待复查,HTTP_ERROR,521,UNKNOWN：本轮取不到有效内容,未识别；不推断必填参数,HTTP_521,仅入口及最多一篇站内样本；不代表原清单所指核验业务已可用,复核入口迁移与当前环境；不得解释为无相关记录,https://beian.miit.gov.cn/,https://beian.miit.gov.cn/,,未请求,2026-10-09T07:59:31.128641+00:00,,[],[],[]
dd-153,285,产权信息,域名信息查询,中国互联网信息中心,http://www.cnnic.cn/,www.cnnic.cn,A,静态正文或名单样本,P1,ACCESSIBLE_HTML,200,无需主体输入的HTML/PDF内容样本,"页面字段线索，必填性未验：GET https://www.cnnic.cn/ [domain, vcinput]",PUBLIC_ENTRY_TEXT_EXTRACTED；详情=ACCESSIBLE_HTML；正文容器=.content-text；源码含验证码线索（不等于所有公开栏目受限）；自动识别的正文样本，语义准确性待逐源核对,仅入口及最多一篇站内样本；不代表原清单所指核验业务已可用,选定业务栏目，补分页/增量/正文准确性验收,https://www.cnnic.cn/,https://www.cnnic.cn/n4/2026/0917/c39-11677.html,https://www.cnnic.cn/n4/2026/0917/c39-11677.html,未请求,2026-10-09T07:59:31.208848+00:00,experiments/source-accessibility/results/20261009/bodies/e991343e903dbbebc31c09c2fdaa2746f9920fc800cfd951a82f5134872dbb02,"[{""action"": ""https://www.cnnic.cn/"", ""method"": ""GET"", ""fields"": [{""name"": ""domain"", ""type"": ""text"", ""hint"": ""请输入要查询的内容""}, {""name"": ""vcinput"", ""type"": ""text"", ""hint"": ""请输入验证码""}]}]","[""http://ipwhois.cnnic.cn/bns/query/Query/ipwhoisQuery.do?queryOption=ipv4&txtquery="", ""https://ipwhois.cnnic.cn/bns/query/Query/ipwhoisQuery.do?txtquery=""]",[]
dd-154,293,资本市场,官方网站,证监会,http://www.csrc.gov.cn/,www.csrc.gov.cn,G,入口可读，内容未定位,P2,ACCESSIBLE_HTML,200,HTML可读；只有入口级证据,页面字段线索，必填性未验：POST https://www.csrc.gov.cn/guestweb4/s [searchWord],PUBLIC_ENTRY_TEXT_EXTRACTED,仅入口及最多一篇站内样本；不代表原清单所指核验业务已可用,寻找新闻公告栏目；首页可读不等于业务数据可用,https://www.csrc.gov.cn/,https://www.csrc.gov.cn/,,未请求,2026-10-09T07:59:31.339904+00:00,experiments/source-accessibility/results/20261009/bodies/9c535f2e4be82bfdc2f60124df61278f8b97d4e4676d06d1f1a9371485540951,"[{""action"": ""https://www.csrc.gov.cn/guestweb4/s"", ""method"": ""POST"", ""fields"": [{""name"": ""searchWord"", ""type"": ""text"", ""hint"": ""请输入关键字""}]}]",[],[]
dd-155,294,资本市场,官方网站,证监会统计信息,http://www.csrc.gov.cn/csrc/tjsj/index.shtml,www.csrc.gov.cn,G,入口可读，内容未定位,P2,ACCESSIBLE_HTML,200,HTML可读；只有入口级证据,页面字段线索，必填性未验：POST https://www.csrc.gov.cn/guestweb4/s [searchWord],PUBLIC_ENTRY_TEXT_EXTRACTED,仅入口及最多一篇站内样本；不代表原清单所指核验业务已可用,寻找新闻公告栏目；首页可读不等于业务数据可用,https://www.csrc.gov.cn/csrc/tjsj/index.shtml,https://www.csrc.gov.cn/csrc/tjsj/index.shtml,,未请求,2026-10-09T07:59:34.784772+00:00,experiments/source-accessibility/results/20261009/bodies/b8c6d7d41b9a1cf5a04c527a328bd8660f58ddd97ca3993b802ff1ac1db48d24,"[{""action"": ""https://www.csrc.gov.cn/guestweb4/s"", ""method"": ""POST"", ""fields"": [{""name"": ""searchWord"", ""type"": ""text"", ""hint"": ""请输入关键字""}]}]",[],[]
dd-156,295,资本市场,官方网站,证监会业务办理指南,https://neris.csrc.gov.cn/alappl/home/guideH,neris.csrc.gov.cn,E,动态页/API/iframe待适配,P2,JS_SHELL,200,JS模板/iframe/API；不得把导航文本当数据,未识别；不推断必填参数,JS_OR_IFRAME_REQUIRED,仅入口及最多一篇站内样本；不代表原清单所指核验业务已可用,检查业务JS与网络请求，优先公开API而非浏览器,https://neris.csrc.gov.cn/alappr-delare-front/home/itemList,https://neris.csrc.gov.cn/alappr-delare-front/home/itemList,,未请求,2026-10-09T07:59:31.792385+00:00,experiments/source-accessibility/results/20261009/bodies/6814e81ee98e7863782faa553a6bb19992ad6046cf4b8a30a699558ba5b7e5b1,[],[],[]
dd-157,301,资本市场,上市-交易所,巨潮网,http://www.cninfo.com.cn/new/index,www.cninfo.com.cn,E,动态页/API/iframe待适配,P2,ACCESSIBLE_HTML,200,JS模板/iframe/API；不得把导航文本当数据,未识别；不推断必填参数,PUBLIC_ENTRY_TEXT_EXTRACTED；详情=NETWORK_ERROR,仅入口及最多一篇站内样本；不代表原清单所指核验业务已可用,检查业务JS与网络请求，优先公开API而非浏览器,http://www.cninfo.com.cn/new/index,http://www.cninfo.com.cn/new/index,http://www.cninfo.com.cn/new/disclosure/detail?stockCode=688326&orgId=9900048779&announcementId=1225598430&announcementTime=2026-10-10,未请求,2026-10-09T07:59:33.290071+00:00,experiments/source-accessibility/results/20261009/bodies/f9fe16728df83f681a3cdeca60ce5ea98de82d66a2b238f9347c7ccdf68607bb,[],[],[]
dd-158,302,资本市场,上市-交易所,深交所,http://www.szse.cn/disclosure/index.html,www.szse.cn,F,失败/限制，机制未确认,待复查,NETWORK_ERROR,,UNKNOWN：本轮取不到有效内容,未识别；不推断必填参数,RemoteDisconnected,仅入口及最多一篇站内样本；不代表原清单所指核验业务已可用,复核入口迁移与当前环境；不得解释为无相关记录,http://www.szse.cn/disclosure/index.html,http://www.szse.cn/disclosure/index.html,,未请求,2026-10-09T07:59:33.380305+00:00,,[],[],[]
dd-159,303,资本市场,上市-交易所,上交所,https://www.sse.com.cn/?c=index,www.sse.com.cn,A,静态正文或名单样本,P1,ACCESSIBLE_HTML,200,无需主体输入的HTML/PDF内容样本,页面字段线索，必填性未验：代码 / 简称 / 关键词；输入关键字/代码/名称；输入关键字/代码/名称；输入关键字/代码/名称,PUBLIC_ENTRY_TEXT_EXTRACTED；详情=ACCESSIBLE_PDF；自动识别的正文样本，语义准确性待逐源核对,仅入口及最多一篇站内样本；不代表原清单所指核验业务已可用,选定业务栏目，补分页/增量/正文准确性验收,https://www.sse.com.cn/?c=index,https://www.sse.com.cn/aboutus/mediacenter/conference/c/10833854/files/17dbc3d62e684e35b8e9ee04260be8fc.pdf,https://www.sse.com.cn/aboutus/mediacenter/conference/c/10833854/files/17dbc3d62e684e35b8e9ee04260be8fc.pdf,未请求,2026-10-09T07:59:33.429670+00:00,experiments/source-accessibility/results/20261009/bodies/331bac9d108052a540569e9c8f4e2470abbc2de49bf55686fe9bba62ac1cd82c,[],[],[]
dd-160,304,资本市场,上市-交易所,上交所科创板,http://star.sse.com.cn/,star.sse.com.cn,B,静态内容链接，待验详情,P2,ACCESSIBLE_HTML,200,HTML有候选链接；详情正文尚未确认,页面字段线索，必填性未验：证券代码或简称,PUBLIC_ENTRY_TEXT_EXTRACTED；详情=ACCESSIBLE_HTML,仅入口及最多一篇站内样本；不代表原清单所指核验业务已可用,限定目标栏目并核对一篇真实正文/附件,http://star.sse.com.cn/,http://star.sse.com.cn/,http://star.sse.com.cn/star/media/news/c/c_20250711_10786935.shtml,未请求,2026-10-09T07:59:34.020955+00:00,experiments/source-accessibility/results/20261009/bodies/eca62ec0c56680d44f2ac99a3d549f86e433b51efc9ae0789b12fabee46112f5,[],[],[]
dd-161,305,资本市场,上市-交易所,披露易,https://www.hkexnews.hk/index_c.htm,www.hkexnews.hk,E,动态页/API/iframe待适配,P2,JS_SHELL,200,JS模板/iframe/API；不得把导航文本当数据,未识别；不推断必填参数,JS_OR_IFRAME_REQUIRED,仅入口及最多一篇站内样本；不代表原清单所指核验业务已可用,检查业务JS与网络请求，优先公开API而非浏览器,https://www.hkexnews.hk/index_c.htm,https://www.hkexnews.hk/index_c.htm,,未请求,2026-10-09T07:59:34.455059+00:00,experiments/source-accessibility/results/20261009/bodies/9d14b91641c01227c29b15d625e228fc90f96f546a14334607c00ac2fc5524ee,[],[],[]
dd-162,306,资本市场,上市-交易所,中国台湾证券交易所,https://www.twse.com.tw/zh/,www.twse.com.tw,G,入口可读，内容未定位,P2,ACCESSIBLE_HTML,200,HTML可读；只有入口级证据,"页面字段线索，必填性未验：GET https://www.twse.com.tw/zh/listed/profile/company.html [stockNo]; GET https://www.twse.com.tw/zh/stocks/inquiry.html [stkNo]; GET https://www.twse.com.tw/zh/ETFortune/etfInfo [id]; GET https://www.twse.com.tw/zh/listed/selection-criteria.html [select_item, select_subitem]",PUBLIC_ENTRY_TEXT_EXTRACTED,仅入口及最多一篇站内样本；不代表原清单所指核验业务已可用,寻找新闻公告栏目；首页可读不等于业务数据可用,https://www.twse.com.tw/zh/,https://www.twse.com.tw/zh/,,未请求,2026-10-09T07:59:34.590893+00:00,experiments/source-accessibility/results/20261009/bodies/060c460a106ef2ddb28c5daa2d89c7842700e445886d74ea8d75634f64b9d974,"[{""action"": ""https://www.twse.com.tw/zh/listed/profile/company.html"", ""method"": ""GET"", ""fields"": [{""name"": ""stockNo"", ""type"": ""text"", ""hint"": ""代碼或名稱""}]}, {""action"": ""https://www.twse.com.tw/zh/stocks/inquiry.html"", ""method"": ""GET"", ""fields"": [{""name"": ""stkNo"", ""type"": ""text"", ""hint"": ""代碼或名稱""}]}, {""action"": ""https://www.twse.com.tw/zh/ETFortune/etfInfo"", ""method"": ""GET"", ""fields"": [{""name"": ""id"", ""type"": ""text"", ""hint"": ""代碼或名稱""}]}, {""action"": ""https://www.twse.com.tw/zh/listed/selection-criteria.html"", ""method"": ""GET"", ""fields"": [{""name"": ""select_item"", ""type"": ""select"", ""hint"": """"}, {""name"": ""select_subitem"", ""type"": ""select"", ""hint"": """"}]}]",[],[]
dd-163,307,资本市场,上市-交易所,北交所,http://www.bse.cn/disclosure/announcement.html,www.bse.cn,E,动态页/API/iframe待适配,P2,ACCESSIBLE_HTML,200,JS模板/iframe/API；不得把导航文本当数据,页面字段线索，必填性未验：公司简称/拼音/代码；keyword；date,PUBLIC_ENTRY_TEXT_EXTRACTED,仅入口及最多一篇站内样本；不代表原清单所指核验业务已可用,检查业务JS与网络请求，优先公开API而非浏览器,https://www.bse.cn/disclosure/announcement.html,https://www.bse.cn/disclosure/announcement.html,,未请求,2026-10-09T07:59:34.947234+00:00,experiments/source-accessibility/results/20261009/bodies/2969d731a7f2cdb792c935cd54cab857e2358b33afabcdcda946102ccb5964a4,[],[],"[""https://www.bse.cn/myhead.html"", ""https://www.bse.cn/myfoot.html""]"
dd-164,308,资本市场,上市-交易所,EDGAR,https://www.sec.gov/edgar/searchedgar/companysearch.html,www.sec.gov,F,失败/限制，机制未确认,待复查,HTTP_ERROR,403,UNKNOWN：本轮取不到有效内容,未识别；不推断必填参数,HTTP_403,仅入口及最多一篇站内样本；不代表原清单所指核验业务已可用,复核入口迁移与当前环境；不得解释为无相关记录,https://www.sec.gov/edgar/searchedgar/companysearch.html,https://www.sec.gov/edgar/searchedgar/companysearch.html,,未请求,2026-10-09T07:59:35.547717+00:00,,[],[],[]
dd-165,309,资本市场,上市-交易所,CompanyFilings,https://www.sec.gov/edgar/searchedgar/companysearch.html,www.sec.gov,F,失败/限制，机制未确认,待复查,HTTP_ERROR,403,UNKNOWN：本轮取不到有效内容,未识别；不推断必填参数,HTTP_403,仅入口及最多一篇站内样本；不代表原清单所指核验业务已可用,复核入口迁移与当前环境；不得解释为无相关记录,https://www.sec.gov/edgar/searchedgar/companysearch.html,https://www.sec.gov/edgar/searchedgar/companysearch.html,,未请求,2026-10-09T07:59:35.547717+00:00,,[],[],[]
dd-166,310,资本市场,上市-交易所,新加坡交易所上市公司公告,https://www.sgx.com/zh-hans/securities/company-announcements,www.sgx.com,E,动态页/API/iframe待适配,P2,ACCESSIBLE_HTML,200,JS模板/iframe/API；不得把导航文本当数据,未识别；不推断必填参数,PUBLIC_ENTRY_TEXT_EXTRACTED,仅入口及最多一篇站内样本；不代表原清单所指核验业务已可用,检查业务JS与网络请求，优先公开API而非浏览器,https://www.sgx.com/zh-hans/securities/company-announcements,https://www.sgx.com/zh-hans/securities/company-announcements,,未请求,2026-10-09T07:59:35.755141+00:00,,[],[],"[""https://www.googletagmanager.com/ns.html?id=GTM-58ZVDGF""]"
dd-167,311,资本市场,上市-交易所,TheLondonStockExchange,https://www.londonstockexchange.com/,www.londonstockexchange.com,E,动态页/API/iframe待适配,P2,JS_SHELL,200,JS模板/iframe/API；不得把导航文本当数据,未识别；不推断必填参数,JS_OR_IFRAME_REQUIRED,仅入口及最多一篇站内样本；不代表原清单所指核验业务已可用,检查业务JS与网络请求，优先公开API而非浏览器,https://www.londonstockexchange.com/,https://www.londonstockexchange.com/,,未请求,2026-10-09T07:59:35.867325+00:00,experiments/source-accessibility/results/20261009/bodies/c082660492d1bfb06ac164700d1187ed1d47dc1e940d356ff9f622546ef03d25,[],[],[]
dd-168,317,资本市场,新三板,挂牌公司公告,http://www.neeq.com.cn/disclosure/overview_information.html,www.neeq.com.cn,E,动态页/API/iframe待适配,P2,ACCESSIBLE_HTML,200,JS模板/iframe/API；不得把导航文本当数据,未识别；不推断必填参数,PUBLIC_ENTRY_TEXT_EXTRACTED,仅入口及最多一篇站内样本；不代表原清单所指核验业务已可用,检查业务JS与网络请求，优先公开API而非浏览器,https://www.neeq.com.cn/disclosure/overview_information.html,https://www.neeq.com.cn/disclosure/overview_information.html,,未请求,2026-10-09T07:59:35.991087+00:00,experiments/source-accessibility/results/20261009/bodies/06d2b237715d1503731137aa4bf3cbe9b27561eae18fcfd87103ee757cf5dc33,[],[],"[""https://www.neeq.com.cn/myhead.html"", ""https://www.neeq.com.cn/myfoot.html""]"
dd-169,318,资本市场,新三板,两网及退市公司公告,http://www.neeq.com.cn/disclosure/snadc_announcement.html,www.neeq.com.cn,E,动态页/API/iframe待适配,P2,ACCESSIBLE_HTML,200,JS模板/iframe/API；不得把导航文本当数据,页面字段线索，必填性未验：公司简称/拼音/代码；keyword；date,PUBLIC_ENTRY_TEXT_EXTRACTED,仅入口及最多一篇站内样本；不代表原清单所指核验业务已可用,检查业务JS与网络请求，优先公开API而非浏览器,https://www.neeq.com.cn/disclosure/snadc_announcement.html,https://www.neeq.com.cn/disclosure/snadc_announcement.html,,未请求,2026-10-09T07:59:39.388029+00:00,experiments/source-accessibility/results/20261009/bodies/689a973ecb39b9d0e6018592d3cb6058ef9033fb86d8dac8cef58c770f0348a6,[],[],"[""https://www.neeq.com.cn/myhead.html"", ""https://www.neeq.com.cn/myfoot.html""]"
dd-170,319,资本市场,新三板,新三板规则,http://www.neeq.com.cn/rule/list.html,www.neeq.com.cn,E,动态页/API/iframe待适配,P2,ACCESSIBLE_HTML,200,JS模板/iframe/API；不得把导航文本当数据,页面字段线索，必填性未验：关键字；date；关键字；date2,PUBLIC_ENTRY_TEXT_EXTRACTED,仅入口及最多一篇站内样本；不代表原清单所指核验业务已可用,检查业务JS与网络请求，优先公开API而非浏览器,https://www.neeq.com.cn/rule/list.html,https://www.neeq.com.cn/rule/list.html,,未请求,2026-10-09T07:59:41.017621+00:00,experiments/source-accessibility/results/20261009/bodies/f6b34f59654852193762238c96988e58cb58080f0eddaf522e000e9020b27167,[],[],"[""https://www.neeq.com.cn/myhead.html"", ""https://www.neeq.com.cn/myfoot.html""]"
dd-171,320,资本市场,新三板,挂牌审查,http://www.neeq.com.cn/disclosure/listing_review.html,www.neeq.com.cn,E,动态页/API/iframe待适配,P2,ACCESSIBLE_HTML,200,JS模板/iframe/API；不得把导航文本当数据,页面字段线索，必填性未验：keyword；date,PUBLIC_ENTRY_TEXT_EXTRACTED,仅入口及最多一篇站内样本；不代表原清单所指核验业务已可用,检查业务JS与网络请求，优先公开API而非浏览器,https://www.neeq.com.cn/disclosure/listing_review.html,https://www.neeq.com.cn/disclosure/listing_review.html,,未请求,2026-10-09T07:59:42.668350+00:00,experiments/source-accessibility/results/20261009/bodies/db134c867606ca40300e2e4c4d0323f3d91583973e3251ddd4a7fdbd2ab3e296,[],[],"[""https://www.neeq.com.cn/myhead.html"", ""https://www.neeq.com.cn/myfoot.html""]"
dd-172,321,资本市场,新三板,定向发行审查,http://www.neeq.com.cn/disclosure/review_open_information/stock_issue_review.html,www.neeq.com.cn,E,动态页/API/iframe待适配,P2,ACCESSIBLE_HTML,200,JS模板/iframe/API；不得把导航文本当数据,页面字段线索，必填性未验：公司简称/拼音/代码；keyword,PUBLIC_ENTRY_TEXT_EXTRACTED,仅入口及最多一篇站内样本；不代表原清单所指核验业务已可用,检查业务JS与网络请求，优先公开API而非浏览器,https://www.neeq.com.cn/disclosure/review_open_information/stock_issue_review.html,https://www.neeq.com.cn/disclosure/review_open_information/stock_issue_review.html,,未请求,2026-10-09T07:59:44.303100+00:00,experiments/source-accessibility/results/20261009/bodies/40a10d99f2a7560a0b0ed0bbe411647007844beea07b15ae647122a343677c2e,[],[],"[""https://www.neeq.com.cn/myhead.html"", ""https://www.neeq.com.cn/myfoot.html""]"
dd-173,322,资本市场,新三板,重大资产重组审查,http://www.neeq.com.cn/disclosure/major_asset_restructuring.html,www.neeq.com.cn,E,动态页/API/iframe待适配,P2,ACCESSIBLE_HTML,200,JS模板/iframe/API；不得把导航文本当数据,页面字段线索，必填性未验：公司简称/拼音/代码；关键字,PUBLIC_ENTRY_TEXT_EXTRACTED,仅入口及最多一篇站内样本；不代表原清单所指核验业务已可用,检查业务JS与网络请求，优先公开API而非浏览器,https://www.neeq.com.cn/disclosure/major_asset_restructuring.html,https://www.neeq.com.cn/disclosure/major_asset_restructuring.html,,未请求,2026-10-09T07:59:45.952945+00:00,experiments/source-accessibility/results/20261009/bodies/7d81cf7cb98c8a9f7977cb43ae0455ae9dc7df52205f4616b1f6c2147c0d34cf,[],[],"[""https://www.neeq.com.cn/myhead.html"", ""https://www.neeq.com.cn/myfoot.html""]"
dd-174,323,资本市场,新三板,全国股转系统监管公告,http://www.neeq.com.cn/disclosure/supervise.html,www.neeq.com.cn,E,动态页/API/iframe待适配,P2,ACCESSIBLE_HTML,200,JS模板/iframe/API；不得把导航文本当数据,页面字段线索，必填性未验：公司简称/拼音/代码；关键字/监管类型/涉及对象；date,PUBLIC_ENTRY_TEXT_EXTRACTED,仅入口及最多一篇站内样本；不代表原清单所指核验业务已可用,检查业务JS与网络请求，优先公开API而非浏览器,https://www.neeq.com.cn/disclosure/supervise.html,https://www.neeq.com.cn/disclosure/supervise.html,,未请求,2026-10-09T07:59:47.585996+00:00,experiments/source-accessibility/results/20261009/bodies/a7ce6cb3859d6fc21757f798f89e38917bf2869aec94aa679d9aa90713fcd252,"[{""action"": ""https://www.neeq.com.cn/disclosure/supervise.html"", ""method"": ""POST"", ""fields"": []}]",[],"[""https://www.neeq.com.cn/myhead.html"", ""https://www.neeq.com.cn/myfoot.html""]"
dd-175,324,资本市场,新三板,[证监会]非上市公众公司行政许可,http://www.csrc.gov.cn/csrc/c101830/c1021140/content.shtml,www.csrc.gov.cn,G,入口可读，内容未定位,P2,ACCESSIBLE_HTML,200,HTML可读；只有入口级证据,页面字段线索，必填性未验：POST https://www.csrc.gov.cn/guestweb4/s [searchWord],PUBLIC_ENTRY_TEXT_EXTRACTED,仅入口及最多一篇站内样本；不代表原清单所指核验业务已可用,寻找新闻公告栏目；首页可读不等于业务数据可用,https://www.csrc.gov.cn/,https://www.csrc.gov.cn/,,未请求,2026-10-09T07:59:41.107113+00:00,experiments/source-accessibility/results/20261009/bodies/9c535f2e4be82bfdc2f60124df61278f8b97d4e4676d06d1f1a9371485540951,"[{""action"": ""https://www.csrc.gov.cn/guestweb4/s"", ""method"": ""POST"", ""fields"": [{""name"": ""searchWord"", ""type"": ""text"", ""hint"": ""请输入关键字""}]}]",[],[]
dd-176,325,资本市场,新三板,[证监会]公众公司定向发行批复,http://www.csrc.gov.cn/csrc/c100095/common_list.shtml,www.csrc.gov.cn,G,入口可读，内容未定位,P2,ACCESSIBLE_HTML,200,HTML可读；只有入口级证据,页面字段线索，必填性未验：POST https://www.csrc.gov.cn/guestweb4/s [searchWord],PUBLIC_ENTRY_TEXT_EXTRACTED,仅入口及最多一篇站内样本；不代表原清单所指核验业务已可用,寻找新闻公告栏目；首页可读不等于业务数据可用,https://www.csrc.gov.cn/csrc/c100095/common_list.shtml,https://www.csrc.gov.cn/csrc/c100095/common_list.shtml,,未请求,2026-10-09T07:59:44.379847+00:00,experiments/source-accessibility/results/20261009/bodies/65a8b7eff8124f89518d0105eee1d1da3159666b65be32d4c1bf4fbb938c2782,"[{""action"": ""https://www.csrc.gov.cn/guestweb4/s"", ""method"": ""POST"", ""fields"": [{""name"": ""searchWord"", ""type"": ""text"", ""hint"": ""请输入关键字""}]}]",[],[]
dd-177,331,资本市场,债券,中国债券信息网,http://www.chinabond.com.cn/,www.chinabond.com.cn,E,动态页/API/iframe待适配,P2,ACCESSIBLE_HTML,200,JS模板/iframe/API；不得把导航文本当数据,"页面字段线索，必填性未验：GET https://www.chinabond.com.cn/xxwsy/gtyw/gtyw_cxgz/cxgz_zqxx/ [zqdm, zqjc, zqxz, eYear2]",PUBLIC_ENTRY_TEXT_EXTRACTED；详情=ACCESSIBLE_HTML,仅入口及最多一篇站内样本；不代表原清单所指核验业务已可用,检查业务JS与网络请求，优先公开API而非浏览器,https://www.chinabond.com.cn/,https://www.chinabond.com.cn/,https://www.chinabond.com.cn/xxwsy/sy_zdgz_ath/202610/t20261008_855439619.html,未请求,2026-10-09T07:59:46.031616+00:00,experiments/source-accessibility/results/20261009/bodies/937e5e8f021f07ed97c1a380c3a0c92e99f8e79eef472277b6bb2db3a68d322c,"[{""action"": ""https://www.chinabond.com.cn/xxwsy/gtyw/gtyw_cxgz/cxgz_zqxx/"", ""method"": ""GET"", ""fields"": [{""name"": ""zqdm"", ""type"": ""text"", ""hint"": ""请输入""}, {""name"": ""zqjc"", ""type"": ""text"", ""hint"": ""请输入""}, {""name"": ""zqxz"", ""type"": ""select"", ""hint"": """"}, {""name"": ""eYear2"", ""type"": ""select"", ""hint"": """"}]}]","[""https://www.chinabond.com.cn/ccdcdata/QueryZSGLForIndex_CN.json"", ""https://www.chinabond.com.cn/ccdcdata/QueryIndexPageZSGLDataByMonth_CN.json"", ""https://www.chinabond.com.cn/ccdcdata/getIndexZybjInfo.json"", ""https://www.chinabond.com.cn/ccdcdata/getRealtimeShtjfromtbl_CN.json"", ""https://www.chinabond.com.cn/ccdcdata/queryIndexPageCounterData2_CN.json""]","[""https://yield.chinabond.com.cn/cbweb-mn/yhj_chart""]"
dd-178,332,资本市场,债券,中国银行间市场交易商协会,http://nafmii.org.cn/,nafmii.org.cn,F,失败/限制，机制未确认,待复查,HTTP_ERROR,403,UNKNOWN：本轮取不到有效内容,未识别；不推断必填参数,HTTP_403,仅入口及最多一篇站内样本；不代表原清单所指核验业务已可用,复核入口迁移与当前环境；不得解释为无相关记录,https://www.nafmii.org.cn/,https://www.nafmii.org.cn/,,未请求,2026-10-09T07:59:48.976083+00:00,,[],[],[]
dd-179,333,资本市场,债券,全国银行间同业拆借中心,http://www.chinamoney.com.cn/chinese/zqfx/,www.chinamoney.com.cn,G,入口可读，内容未定位,P2,ACCESSIBLE_HTML,200,HTML可读；只有入口级证据,未识别；不推断必填参数,PUBLIC_ENTRY_TEXT_EXTRACTED,仅入口及最多一篇站内样本；不代表原清单所指核验业务已可用,寻找新闻公告栏目；首页可读不等于业务数据可用,https://www.chinamoney.com.cn/chinese/zqfx/,https://www.chinamoney.com.cn/chinese/zqfx/,,未请求,2026-10-09T07:59:49.179663+00:00,experiments/source-accessibility/results/20261009/bodies/f1fec678142f9a361cee3381b91ca6ae1e6a5a3d695c453b5dc69d89ad413e2c,[],[],[]
dd-180,334,资本市场,债券,上交所债券,http://www.sse.com.cn/disclosure/bond/announcement/bookentry/,www.sse.com.cn,G,入口可读，内容未定位,P2,ACCESSIBLE_HTML,200,HTML可读；只有入口级证据,未识别；不推断必填参数,PUBLIC_ENTRY_TEXT_EXTRACTED,仅入口及最多一篇站内样本；不代表原清单所指核验业务已可用,寻找新闻公告栏目；首页可读不等于业务数据可用,http://www.sse.com.cn/disclosure/bond/announcement/bookentry/,http://www.sse.com.cn/disclosure/bond/announcement/bookentry/,,未请求,2026-10-09T07:59:49.353815+00:00,experiments/source-accessibility/results/20261009/bodies/e48342b95c9aa54729efc4089324e5cba6d9916dea566a76213994c488327fc2,[],[],[]
dd-181,335,资本市场,债券,深交所债券,http://www.szse.cn/disclosure/bond/notice/index.html,www.szse.cn,F,失败/限制，机制未确认,待复查,NETWORK_ERROR,,UNKNOWN：本轮取不到有效内容,未识别；不推断必填参数,RemoteDisconnected,仅入口及最多一篇站内样本；不代表原清单所指核验业务已可用,复核入口迁移与当前环境；不得解释为无相关记录,http://www.szse.cn/disclosure/bond/notice/index.html,http://www.szse.cn/disclosure/bond/notice/index.html,,未请求,2026-10-09T07:59:49.738120+00:00,,[],[],[]
dd-182,336,资本市场,债券,巨潮债券,http://www.cninfo.com.cn/new/commonUrl?url=disclosure%2Flist%2Fnotice#bond,www.cninfo.com.cn,F,失败/限制，机制未确认,待复查,NETWORK_ERROR,200,UNKNOWN：本轮取不到有效内容,未识别；不推断必填参数,TimeoutError,仅入口及最多一篇站内样本；不代表原清单所指核验业务已可用,复核入口迁移与当前环境；不得解释为无相关记录,http://www.cninfo.com.cn/new/commonUrl?url=disclosure%2Flist%2Fnotice,http://www.cninfo.com.cn/new/commonUrl?url=disclosure%2Flist%2Fnotice,,未请求,2026-10-09T07:59:50.824101+00:00,,[],[],[]
dd-183,337,资本市场,债券,地方债管理,http://yss.mof.gov.cn/zhuantilanmu/dfzgl/,yss.mof.gov.cn,A,静态正文或名单样本,P1,ACCESSIBLE_HTML,200,无需主体输入的HTML/PDF内容样本,未识别；不推断必填参数,"PUBLIC_ENTRY_TEXT_EXTRACTED；详情=ACCESSIBLE_HTML；正文容器=.TRS_Editor,.TRS_Editor；自动识别的正文样本，语义准确性待逐源核对",仅入口及最多一篇站内样本；不代表原清单所指核验业务已可用,选定业务栏目，补分页/增量/正文准确性验收,http://yss.mof.gov.cn/zhuantilanmu/dfzgl/,http://yss.mof.gov.cn/zhuantilanmu/dfzgl/zcfg/202111/t20211110_3764807.htm,http://yss.mof.gov.cn/zhuantilanmu/dfzgl/zcfg/202111/t20211110_3764807.htm,未请求,2026-10-09T07:59:51.022670+00:00,experiments/source-accessibility/results/20261009/bodies/1d1de45ec06418646d92dc40ca80d758fc9467baa29edceed328628343be82fc,[],[],[]
dd-184,338,资本市场,债券,中国地方政府债券信息公开平台,http://www.celma.org.cn/,www.celma.org.cn,E,动态页/API/iframe待适配,P2,JS_SHELL,200,JS模板/iframe/API；不得把导航文本当数据,未识别；不推断必填参数,JS_OR_IFRAME_REQUIRED,仅入口及最多一篇站内样本；不代表原清单所指核验业务已可用,检查业务JS与网络请求，优先公开API而非浏览器,https://www.celma.org.cn/,https://www.celma.org.cn/,,未请求,2026-10-09T07:59:51.096137+00:00,experiments/source-accessibility/results/20261009/bodies/ca4a3d8df8cda2f5b692f30d19096186542a522fa0e8acbd150622bef2fe9319,"[{""action"": ""https://www.celma.org.cn/search.jspx"", ""method"": ""GET"", ""fields"": []}]",[],[]
dd-185,339,资本市场,债券,债券监管司公开发行公司债券反馈意见,http://www.csrc.gov.cn/csrc/c106307/c1045428/content.shtml,www.csrc.gov.cn,G,入口可读，内容未定位,P2,ACCESSIBLE_HTML,200,HTML可读；只有入口级证据,页面字段线索，必填性未验：POST https://www.csrc.gov.cn/guestweb4/s [searchWord],PUBLIC_ENTRY_TEXT_EXTRACTED,仅入口及最多一篇站内样本；不代表原清单所指核验业务已可用,寻找新闻公告栏目；首页可读不等于业务数据可用,https://www.csrc.gov.cn/csrc/c106307/c1045428/content.shtml,https://www.csrc.gov.cn/csrc/c106307/c1045428/content.shtml,,未请求,2026-10-09T07:59:51.509499+00:00,experiments/source-accessibility/results/20261009/bodies/8515c3a5b62defe2338fadb921f5bcc0d9737cb6ae8a77ad546edb84290157f9,"[{""action"": ""https://www.csrc.gov.cn/guestweb4/s"", ""method"": ""POST"", ""fields"": [{""name"": ""searchWord"", ""type"": ""text"", ""hint"": ""请输入关键字""}]}]",[],[]
dd-186,345,资本市场,区域性股权市场,[证监会]区域性股权市场,http://www.csrc.gov.cn/pub/newsite/djffzqqhhdj/qyxgqzrsc/,www.csrc.gov.cn,G,入口可读，内容未定位,P2,ACCESSIBLE_HTML,200,HTML可读；只有入口级证据,页面字段线索，必填性未验：POST https://www.csrc.gov.cn/guestweb4/s [searchWord],PUBLIC_ENTRY_TEXT_EXTRACTED,仅入口及最多一篇站内样本；不代表原清单所指核验业务已可用,寻找新闻公告栏目；首页可读不等于业务数据可用,https://www.csrc.gov.cn/,https://www.csrc.gov.cn/,,未请求,2026-10-09T07:59:57.864027+00:00,experiments/source-accessibility/results/20261009/bodies/9c535f2e4be82bfdc2f60124df61278f8b97d4e4676d06d1f1a9371485540951,"[{""action"": ""https://www.csrc.gov.cn/guestweb4/s"", ""method"": ""POST"", ""fields"": [{""name"": ""searchWord"", ""type"": ""text"", ""hint"": ""请输入关键字""}]}]",[],[]
dd-187,346,资本市场,区域性股权市场,北京区域性股权市场,https://www.bjotc.cn/,www.bjotc.cn,F,失败/限制，机制未确认,待复查,EMPTY,200,UNKNOWN：本轮取不到有效内容,未识别；不推断必填参数,INSUFFICIENT_VISIBLE_CONTENT,仅入口及最多一篇站内样本；不代表原清单所指核验业务已可用,复核入口迁移与当前环境；不得解释为无相关记录,https://www.bjotc.cn/,https://www.bjotc.cn/,,未请求,2026-10-09T07:59:52.834631+00:00,,[],[],[]
dd-188,347,资本市场,区域性股权市场,上海股权托管交易中心,https://www.china-see.com/index.do,www.china-see.com,B,静态内容链接，待验详情,P2,ACCESSIBLE_HTML,200,HTML有候选链接；详情正文尚未确认,页面字段线索，必填性未验：(无name),PUBLIC_ENTRY_TEXT_EXTRACTED；详情=ACCESSIBLE_HTML,仅入口及最多一篇站内样本；不代表原清单所指核验业务已可用,限定目标栏目并核对一篇真实正文/附件,https://www.china-see.com/index.do,https://www.china-see.com/index.do,https://www.china-see.com:443/disclosure.do?articleType=increase,未请求,2026-10-09T07:59:52.896673+00:00,experiments/source-accessibility/results/20261009/bodies/b98f310b96208791dfec373a605fafaaeb81fe7debbaf7604a36426453717730,[],"[""https://www.china-see.com/loadIndexByPage.do"", ""https://www.china-see.com/getRiskShowStatus.do"", ""https://www.china-see.com/getIndexNum.do"", ""https://www.china-see.com/f10.do?stockCode="", ""https://www.china-see.com/countStudyDetail.do?articleId="", ""https://www.china-see.com/disclosureDetail.do?articleId="", ""https://www.china-see.com/searchDetail.do?articleId=""]",[]
dd-189,348,资本市场,区域性股权市场,中原股权交易中心,https://www.ccotc.cn/,www.ccotc.cn,G,入口可读，内容未定位,P2,ACCESSIBLE_HTML,200,HTML可读；只有入口级证据,页面字段线索，必填性未验：搜索关键字，搜栏目，挂牌企业，公告...,PUBLIC_ENTRY_TEXT_EXTRACTED,仅入口及最多一篇站内样本；不代表原清单所指核验业务已可用,寻找新闻公告栏目；首页可读不等于业务数据可用,https://www.ccotc.cn/,https://www.ccotc.cn/,,未请求,2026-10-09T07:59:53.164803+00:00,experiments/source-accessibility/results/20261009/bodies/2e4148a9673581ffef1a0f04c7d9104d30289dbf722ec1dae9152ec6b288229f,[],[],[]
dd-190,349,资本市场,区域性股权市场,辽宁股权交易中心,http://service.lneec.com/,service.lneec.com,F,失败/限制，机制未确认,待复查,NETWORK_ERROR,,UNKNOWN：本轮取不到有效内容,未识别；不推断必填参数,URLError,仅入口及最多一篇站内样本；不代表原清单所指核验业务已可用,复核入口迁移与当前环境；不得解释为无相关记录,https://www.lneec.com/,https://www.lneec.com/,,未请求,2026-10-09T07:59:53.416022+00:00,,[],[],[]
dd-191,350,资本市场,区域性股权市场,山西股权交易中心,https://www.sxgq.net/m/index.html,www.sxgq.net,G,入口可读，内容未定位,P2,ACCESSIBLE_HTML,200,HTML可读；只有入口级证据,未识别；不推断必填参数,PUBLIC_ENTRY_TEXT_EXTRACTED,仅入口及最多一篇站内样本；不代表原清单所指核验业务已可用,寻找新闻公告栏目；首页可读不等于业务数据可用,https://www.sxgq.net/m/index.html,https://www.sxgq.net/m/index.html,,未请求,2026-10-09T07:59:53.487473+00:00,experiments/source-accessibility/results/20261009/bodies/832d9b98cb060a758ef347630ab81d5967fd990804fd8784bf45be2e0bcc007e,[],[],[]
dd-192,351,资本市场,区域性股权市场,陕西股权交易中心,http://www.sxeec.com/,www.sxeec.com,G,入口可读，内容未定位,P2,SKIP_INPUT,200,当前只识别到站内搜索/链接控件，未确认目标业务数据,站内关键字；不能推断业务必填项,当前只识别到站内搜索/链接控件，未确认目标业务数据,仅以上明确描述的公开内容与参数；未验证全量、主体完整核验或长期稳定性,寻找新闻公告栏目；首页可读不等于业务数据可用,http://www.sxeec.com/,http://www.sxeec.com/,,未请求,2026-10-09T07:59:53.564677+00:00,experiments/source-accessibility/results/20261009/bodies/3de72044c7c80bb752a6574ed79a12e5ab9ae751c2eefcee7ade1a314f18f4e4,[],[],[]
dd-193,352,资本市场,区域性股权市场,青海股权交易中心,http://www.qheec.com/,www.qheec.com,F,失败/限制，机制未确认,待复查,NETWORK_ERROR,,UNKNOWN：本轮取不到有效内容,未识别；不推断必填参数,RemoteDisconnected,仅入口及最多一篇站内样本；不代表原清单所指核验业务已可用,复核入口迁移与当前环境；不得解释为无相关记录,http://www.qheec.com/,http://www.qheec.com/,,未请求,2026-10-09T07:59:53.688258+00:00,,[],[],[]
dd-194,353,资本市场,区域性股权市场,甘肃股权交易中心,http://www.gsotc.com.cn/,www.gsotc.com.cn,F,失败/限制，机制未确认,待复查,NETWORK_ERROR,,UNKNOWN：本轮取不到有效内容,未识别；不推断必填参数,URLError,仅入口及最多一篇站内样本；不代表原清单所指核验业务已可用,复核入口迁移与当前环境；不得解释为无相关记录,https://www.gsotc.com.cn/,https://www.gsotc.com.cn/,,未请求,2026-10-09T07:59:53.918171+00:00,,[],[],[]
dd-195,354,资本市场,区域性股权市场,新疆股权交易中心,http://www.casdaq.com.cn/,www.casdaq.com.cn,E,动态页/API/iframe待适配,P2,ACCESSIBLE_HTML,200,JS模板/iframe/API；不得把导航文本当数据,页面字段线索，必填性未验：搜索关键字，搜栏目，挂牌企业，公告...,PUBLIC_ENTRY_TEXT_EXTRACTED,仅入口及最多一篇站内样本；不代表原清单所指核验业务已可用,检查业务JS与网络请求，优先公开API而非浏览器,https://www.casdaq.com.cn/,https://www.casdaq.com.cn/,,未请求,2026-10-09T07:59:54.860417+00:00,experiments/source-accessibility/results/20261009/bodies/2c82cdf33d5685952414d18a0dccba2328f26129bde6a224f1bb82790fae551c,[],[],"[""https://www.casdaq.com.cn/ai/index.html""]"
dd-196,355,资本市场,区域性股权市场,江苏股权交易中心,http://www.jseec.cn/,www.jseec.cn,F,失败/限制，机制未确认,待复查,NETWORK_ERROR,,UNKNOWN：本轮取不到有效内容,未识别；不推断必填参数,URLError,仅入口及最多一篇站内样本；不代表原清单所指核验业务已可用,复核入口迁移与当前环境；不得解释为无相关记录,https://www.jseec.cn/,https://www.jseec.cn/,,未请求,2026-10-09T07:59:55.609459+00:00,,[],[],[]
dd-197,361,资本市场,国有产权交易所,全国产权行业信息化综合服务平台,https://www.cspea.com.cn/,www.cspea.com.cn,B,静态内容链接，待验详情,P2,ACCESSIBLE_HTML,200,HTML有候选链接；详情正文尚未确认,页面字段线索，必填性未验：全站搜索，多关键词用空格分隔,PUBLIC_ENTRY_TEXT_EXTRACTED；详情=ACCESSIBLE_HTML,仅入口及最多一篇站内样本；不代表原清单所指核验业务已可用,限定目标栏目并核对一篇真实正文/附件,https://www.cspea.com.cn/,https://www.cspea.com.cn/,https://www.cspea.com.cn/infodetail/20250526327fe46,未请求,2026-10-09T07:59:56.272786+00:00,experiments/source-accessibility/results/20261009/bodies/6b6669441b13186dda531f01a15e4559da37b51aa21168bf2f9bcc84b898fd18,[],[],[]
dd-198,362,资本市场,国有产权交易所,中国企业国有产权交易机构协会,http://www.cspea.org.cn/,www.cspea.org.cn,A,静态正文或名单样本,P1,ACCESSIBLE_HTML,200,无需主体输入的HTML/PDF内容样本,页面字段线索，必填性未验：GET http://www.cspea.org.cn/result/search.html [keyword],PUBLIC_ENTRY_TEXT_EXTRACTED；详情=ACCESSIBLE_HTML；正文容器=#zoom；自动识别的正文样本，语义准确性待逐源核对,仅入口及最多一篇站内样本；不代表原清单所指核验业务已可用,选定业务栏目，补分页/增量/正文准确性验收,http://www.cspea.org.cn/,http://www.cspea.org.cn/article/hydt/bwxx/202607/20260700011917.shtml,http://www.cspea.org.cn/article/hydt/bwxx/202607/20260700011917.shtml,未请求,2026-10-09T07:59:56.311239+00:00,experiments/source-accessibility/results/20261009/bodies/b1b5f8aa4ef88a53f78746a2f37873f28f15e1afb7456c2a4d6929fcb13348c4,"[{""action"": ""http://www.cspea.org.cn/result/search.html"", ""method"": ""GET"", ""fields"": [{""name"": ""keyword"", ""type"": ""text"", ""hint"": ""搜索""}]}]",[],[]
dd-199,363,资本市场,国有产权交易所,北京产权交易所,https://www.cbex.com.cn/,www.cbex.com.cn,F,失败/限制，机制未确认,待复查,HTTP_ERROR,521,UNKNOWN：本轮取不到有效内容,未识别；不推断必填参数,HTTP_521,仅入口及最多一篇站内样本；不代表原清单所指核验业务已可用,复核入口迁移与当前环境；不得解释为无相关记录,https://www.cbex.com.cn/,https://www.cbex.com.cn/,,未请求,2026-10-09T07:59:57.066783+00:00,,[],[],[]
dd-200,364,资本市场,国有产权交易所,北京金融资产交易所,https://www.cfae.cn/index/index.html,www.cfae.cn,F,失败/限制，机制未确认,待复查,HTTP_ERROR,403,UNKNOWN：本轮取不到有效内容,未识别；不推断必填参数,HTTP_403,仅入口及最多一篇站内样本；不代表原清单所指核验业务已可用,复核入口迁移与当前环境；不得解释为无相关记录,https://www.cfae.cn/index/index.html,https://www.cfae.cn/index/index.html,,未请求,2026-10-09T07:59:57.133336+00:00,,[],[],[]
dd-201,365,资本市场,国有产权交易所,天津产权交易中心,https://www.tpre.cn/,www.tpre.cn,B,静态内容链接，待验详情,P2,ACCESSIBLE_HTML,200,HTML有候选链接；详情正文尚未确认,页面字段线索，必填性未验：GET https://www.tpre.cn/ [firstname],PUBLIC_ENTRY_TEXT_EXTRACTED；详情=ACCESSIBLE_HTML,仅入口及最多一篇站内样本；不代表原清单所指核验业务已可用,限定目标栏目并核对一篇真实正文/附件,https://www.tpre.cn/,https://www.tpre.cn/,https://www.tpre.cn/content/2026/16629.html,未请求,2026-10-09T07:59:57.146899+00:00,experiments/source-accessibility/results/20261009/bodies/83084e074a4ce251692043e93c23bdff2040b406d8f1a8fc8fc520c838321644,"[{""action"": ""https://www.tpre.cn/"", ""method"": ""GET"", ""fields"": [{""name"": ""firstname"", ""type"": ""text"", ""hint"": ""请输入关键词或项目编号""}]}]",[],[]
dd-202,366,资本市场,国有产权交易所,天津农村产权交易所,http://www.tjnjs.com/#/home/home,www.tjnjs.com,E,动态页/API/iframe待适配,P2,JS_SHELL,200,JS模板/iframe/API；不得把导航文本当数据,未识别；不推断必填参数,JS_OR_IFRAME_REQUIRED,仅入口及最多一篇站内样本；不代表原清单所指核验业务已可用,检查业务JS与网络请求，优先公开API而非浏览器,https://www.tjnjs.com/,https://www.tjnjs.com/,,未请求,2026-10-09T07:59:57.335002+00:00,experiments/source-accessibility/results/20261009/bodies/69e437b7a56cf8ad20fc2f7d8cae6f5c30c5531aef416f1add0e5f8b66a65c1f,[],[],[]
dd-203,367,资本市场,国有产权交易所,河北产权市场,http://www.hebaee.cn/,www.hebaee.cn,E,动态页/API/iframe待适配,P2,JS_SHELL,200,JS模板/iframe/API；不得把导航文本当数据,未识别；不推断必填参数,JS_OR_IFRAME_REQUIRED,仅入口及最多一篇站内样本；不代表原清单所指核验业务已可用,检查业务JS与网络请求，优先公开API而非浏览器,https://www.hebaee.cn:443/,https://www.hebaee.cn:443/,,未请求,2026-10-09T07:59:57.340576+00:00,experiments/source-accessibility/results/20261009/bodies/18c1765ac7fe3a5155aba8f85347a84b68d492e2e31694661eb4b17c5a924856,[],[],[]
dd-204,368,资本市场,国有产权交易所,上海联合产权交易所,https://www.suaee.com/,www.suaee.com,E,动态页/API/iframe待适配,P2,JS_SHELL,200,JS模板/iframe/API；不得把导航文本当数据,未识别；不推断必填参数,JS_OR_IFRAME_REQUIRED,仅入口及最多一篇站内样本；不代表原清单所指核验业务已可用,检查业务JS与网络请求，优先公开API而非浏览器,https://www.suaee.com/,https://www.suaee.com/,,未请求,2026-10-09T07:59:58.021714+00:00,experiments/source-accessibility/results/20261009/bodies/98e7fc9adb006dbe23fdef91e53493991d3d0c9366762cb7bc2c63633fcd1efe,[],[],[]
dd-205,369,资本市场,国有产权交易所,杭州产权交易所,http://www.hzaee.com/,www.hzaee.com,E,动态页/API/iframe待适配,P2,JS_SHELL,200,JS模板/iframe/API；不得把导航文本当数据,未识别；不推断必填参数,JS_OR_IFRAME_REQUIRED,仅入口及最多一篇站内样本；不代表原清单所指核验业务已可用,检查业务JS与网络请求，优先公开API而非浏览器,https://www.hzaee.com/,https://www.hzaee.com/,,未请求,2026-10-09T07:59:58.110956+00:00,experiments/source-accessibility/results/20261009/bodies/f8ab1842b3b76cd30306f4388906d5140335616779ddd974885f24f43901bf9b,[],[],[]
dd-206,370,资本市场,国有产权交易所,宁波产权交易中心,http://www.nbcqjy.org/,www.nbcqjy.org,B,静态内容链接，待验详情,P2,ACCESSIBLE_HTML,200,HTML有候选链接；详情正文尚未确认,"页面字段线索，必填性未验：GET https://www.nbcqjy.org:443/nb/index [searchType, key]",PUBLIC_ENTRY_TEXT_EXTRACTED；详情=ACCESSIBLE_HTML,仅入口及最多一篇站内样本；不代表原清单所指核验业务已可用,限定目标栏目并核对一篇真实正文/附件,https://www.nbcqjy.org:443/nb/index,https://www.nbcqjy.org:443/nb/index,https://www.nbcqjy.org:443/nb/c/news/zxdt,未请求,2026-10-09T08:00:01.981172+00:00,experiments/source-accessibility/results/20261009/bodies/536f046119e6229f3484aa6831b087abd253c50095b2becd855f65605cb4d051,"[{""action"": ""https://www.nbcqjy.org:443/nb/index"", ""method"": ""GET"", ""fields"": []}, {""action"": ""https://www.nbcqjy.org:443/nb/index"", ""method"": ""GET"", ""fields"": [{""name"": ""searchType"", ""type"": ""select"", ""hint"": """"}, {""name"": ""key"", ""type"": ""text"", ""hint"": ""请输入关键词进行搜索""}]}]",[],[]
dd-207,371,资本市场,国有产权交易所,南方联合产权交易中心,https://www.csuaee.com.cn/,www.csuaee.com.cn,E,动态页/API/iframe待适配,P2,JS_SHELL,200,JS模板/iframe/API；不得把导航文本当数据,未识别；不推断必填参数,JS_OR_IFRAME_REQUIRED,仅入口及最多一篇站内样本；不代表原清单所指核验业务已可用,检查业务JS与网络请求，优先公开API而非浏览器,https://www.csuaee.com.cn/,https://www.csuaee.com.cn/,,未请求,2026-10-09T07:59:58.238568+00:00,experiments/source-accessibility/results/20261009/bodies/f523f4f831b78b4a676a80826e189411d129e6a3f763830d9dd339b9d75428fa,[],[],[]
dd-208,372,资本市场,国有产权交易所,广东联合产权交易中心,https://www.gduaee.com/,www.gduaee.com,B,静态内容链接，待验详情,P2,ACCESSIBLE_HTML,200,HTML有候选链接；详情正文尚未确认,"页面字段线索，必填性未验：GET https://www.gduaee.com/portal/pro/search.jsp [proName1s, proPrice, sysEname, createOrgId]",PUBLIC_ENTRY_TEXT_EXTRACTED；详情=ACCESSIBLE_HTML,仅入口及最多一篇站内样本；不代表原清单所指核验业务已可用,限定目标栏目并核对一篇真实正文/附件,https://www.gduaee.com/,https://www.gduaee.com/,https://www.gduaee.com/www/article/xmdt/swzczcb/,未请求,2026-10-09T07:59:58.673632+00:00,experiments/source-accessibility/results/20261009/bodies/d08f33b25962ade3eee344e259126d1e2496077e95b39c298b1fcde852cf20d4,"[{""action"": ""https://www.gduaee.com/portal/pro/search.jsp"", ""method"": ""GET"", ""fields"": [{""name"": ""proName1s"", ""type"": ""text"", ""hint"": """"}, {""name"": ""proPrice"", ""type"": ""select"", ""hint"": """"}, {""name"": ""sysEname"", ""type"": ""select"", ""hint"": """"}, {""name"": ""createOrgId"", ""type"": ""select"", ""hint"": """"}]}]",[],[]
dd-209,373,资本市场,国有产权交易所,广州产权交易所,http://gz.gemas.com.cn/,gz.gemas.com.cn,A,静态正文或名单样本,P1,ACCESSIBLE_HTML,200,无需主体输入的HTML/PDF内容样本,页面字段线索，必填性未验：key,PUBLIC_ENTRY_TEXT_EXTRACTED；详情=ACCESSIBLE_HTML；正文容器=#zoom；自动识别的正文样本，语义准确性待逐源核对,仅入口及最多一篇站内样本；不代表原清单所指核验业务已可用,选定业务栏目，补分页/增量/正文准确性验收,http://gz.gemas.com.cn/,http://gz.gemas.com.cn/article/zdtj/bstj/202309/20230900055374.shtml,http://gz.gemas.com.cn/article/zdtj/bstj/202309/20230900055374.shtml,未请求,2026-10-09T07:59:58.926357+00:00,experiments/source-accessibility/results/20261009/bodies/3e9a00356a86e80be7390e109d3f6520c11e136733e29cc5e81e9b7977eba669,[],"[""http://gz.gemas.com.cn/page.action?to="", ""http://gz.gemas.com.cn/portal/article/gpxm/zhaoshangyinzi/rss.json""]","[""http://gzfc.gemas.com.cn/portal/comp/listProFangAllOnlyFang.jsp?sysEname=UTRF&template=UTRFIFRAME&ifPage=F&pageSize=10"", ""http://excg.gemas.com.cn/cqjymh.jhtml"", ""http://gz.gemas.com.cn/sys/jszscq.shtml""]"
dd-210,374,资本市场,国有产权交易所,深圳联合产权交易所,http://www.sotcbb.com/index.html,www.sotcbb.com,G,入口可读，内容未定位,P2,ACCESSIBLE_HTML,200,HTML可读；只有入口级证据,页面字段线索，必填性未验：输入关键词，搜项目、公告、规则...；(无name)；(无name)；(无name)；(无name)；(无name)；(无name),PUBLIC_ENTRY_TEXT_EXTRACTED,仅入口及最多一篇站内样本；不代表原清单所指核验业务已可用,寻找新闻公告栏目；首页可读不等于业务数据可用,https://www.sotcbb.com/index.html,https://www.sotcbb.com/index.html,,未请求,2026-10-09T07:59:59.099593+00:00,experiments/source-accessibility/results/20261009/bodies/8f1fd4285345a7a5bfbe5c609947f0a07d534f7d159700bcaa2f1980234644fd,[],[],[]
dd-211,375,资本市场,国有产权交易所,珠海产权交易中心,http://www.zhaeec.com/,www.zhaeec.com,B,静态内容链接，待验详情,P2,ACCESSIBLE_HTML,200,HTML有候选链接；详情正文尚未确认,页面字段线索，必填性未验：请输入关键字,PUBLIC_ENTRY_TEXT_EXTRACTED；详情=ACCESSIBLE_HTML,仅入口及最多一篇站内样本；不代表原清单所指核验业务已可用,限定目标栏目并核对一篇真实正文/附件,https://www.zhaeec.com/,https://www.zhaeec.com/,https://www.zhaeec.com/prjs/lease/detail/17231.html,未请求,2026-10-09T07:59:59.061460+00:00,,[],[],[]
dd-212,376,资本市场,国有产权交易所,佛山南方产权交易所,https://www.fsaee.com/,www.fsaee.com,G,入口可读，内容未定位,P2,ACCESSIBLE_HTML,200,HTML可读；只有入口级证据,页面字段线索，必填性未验：POST https://www.fsaee.com/ [k],PUBLIC_ENTRY_TEXT_EXTRACTED,仅入口及最多一篇站内样本；不代表原清单所指核验业务已可用,寻找新闻公告栏目；首页可读不等于业务数据可用,https://www.fsaee.com/,https://www.fsaee.com/,,未请求,2026-10-09T07:59:59.644417+00:00,experiments/source-accessibility/results/20261009/bodies/65bc7ce0a6097d92e10db9ddf8013b33a68b45fbf94d8be429d81a820b93ccd3,"[{""action"": ""https://www.fsaee.com/"", ""method"": ""POST"", ""fields"": [{""name"": ""k"", ""type"": ""text"", ""hint"": ""输入搜索内容""}]}]",[],[]
dd-213,377,资本市场,国有产权交易所,广西联合产权交易所,http://www.gxcq.com.cn/,www.gxcq.com.cn,F,失败/限制，机制未确认,待复查,HTTP_ERROR,404,UNKNOWN：本轮取不到有效内容,未识别；不推断必填参数,HTTP_404,仅入口及最多一篇站内样本；不代表原清单所指核验业务已可用,复核入口迁移与当前环境；不得解释为无相关记录,http://www.gxcq.com.cn/,http://www.gxcq.com.cn/,,未请求,2026-10-09T07:59:59.773257+00:00,,[],[],[]
dd-214,378,资本市场,国有产权交易所,广西北部湾产权交易所,http://www.bbwcq.com/,www.bbwcq.com,G,入口可读，内容未定位,P2,ACCESSIBLE_HTML,200,HTML可读；只有入口级证据,页面字段线索，必填性未验：请输入关键词搜索项目,PUBLIC_ENTRY_TEXT_EXTRACTED,仅入口及最多一篇站内样本；不代表原清单所指核验业务已可用,寻找新闻公告栏目；首页可读不等于业务数据可用,https://www.bbwcq.com:443/,https://www.bbwcq.com:443/,,未请求,2026-10-09T08:00:00.000213+00:00,experiments/source-accessibility/results/20261009/bodies/cb6de2d4cba67c3fd44831b9ac19e34f91a2e9382ec1a0bd8ca3e2ef91498250,[],"[""http://www.qhcqjy.com.cn/.do""]",[]
dd-215,379,资本市场,国有产权交易所,福建省产权交易所,https://www.fjcqjy.com/,www.fjcqjy.com,B,静态内容链接，待验详情,P2,ACCESSIBLE_HTML,200,HTML有候选链接；详情正文尚未确认,页面字段线索，必填性未验：wd,PUBLIC_ENTRY_TEXT_EXTRACTED；详情=ACCESSIBLE_HTML,仅入口及最多一篇站内样本；不代表原清单所指核验业务已可用,限定目标栏目并核对一篇真实正文/附件,https://www.fjcqjy.com/,https://www.fjcqjy.com/,https://www.fjcqjy.com/html/tzgg/27115569492420923500.shtml,未请求,2026-10-09T08:00:00.278573+00:00,experiments/source-accessibility/results/20261009/bodies/c1d3264ef6695d7aa9cde56d523b4c2071a730ccd87738946c5a59e38cd22c07,[],[],[]
dd-216,380,资本市场,国有产权交易所,厦门产权交易中心,http://www.xemas.com.cn/index.html,www.xemas.com.cn,F,失败/限制，机制未确认,待复查,NETWORK_ERROR,,UNKNOWN：本轮取不到有效内容,未识别；不推断必填参数,URLError,仅入口及最多一篇站内样本；不代表原清单所指核验业务已可用,复核入口迁移与当前环境；不得解释为无相关记录,https://www.xemas.com.cn/index.html,https://www.xemas.com.cn/index.html,,未请求,2026-10-09T08:00:01.026016+00:00,,[],[],[]
dd-217,381,资本市场,国有产权交易所,泉州市产权交易中心,http://www.qzcq0595.com/,www.qzcq0595.com,F,失败/限制，机制未确认,待复查,NETWORK_ERROR,,UNKNOWN：本轮取不到有效内容,未识别；不推断必填参数,URLError,仅入口及最多一篇站内样本；不代表原清单所指核验业务已可用,复核入口迁移与当前环境；不得解释为无相关记录,https://www.qzcq0595.com/,https://www.qzcq0595.com/,,未请求,2026-10-09T08:00:01.138288+00:00,,[],[],[]
dd-218,382,资本市场,国有产权交易所,江苏产权交易所,http://www.jscq.com.cn/,www.jscq.com.cn,F,失败/限制，机制未确认,待复查,HTTP_ERROR,412,UNKNOWN：本轮取不到有效内容,未识别；不推断必填参数,HTTP_412,仅入口及最多一篇站内样本；不代表原清单所指核验业务已可用,复核入口迁移与当前环境；不得解释为无相关记录,http://www.jscq.com.cn/,http://www.jscq.com.cn/,,未请求,2026-10-09T08:00:01.477579+00:00,,[],[],[]
dd-219,383,资本市场,国有产权交易所,无锡产权交易所,https://www.wxcq.com.cn/wuxicq/,www.wxcq.com.cn,E,动态页/API/iframe待适配,P2,ACCESSIBLE_HTML,200,JS模板/iframe/API；不得把导航文本当数据,页面字段线索，必填性未验：请输入关键字,PUBLIC_ENTRY_TEXT_EXTRACTED；详情=ACCESSIBLE_HTML,仅入口及最多一篇站内样本；不代表原清单所指核验业务已可用,检查业务JS与网络请求，优先公开API而非浏览器,https://www.wxcq.com.cn/wuxicq/,https://www.wxcq.com.cn/wuxicq/,https://www.wxcq.com.cn/wuxicq/ygcg/021001/021001002/021001002001/20260929/77811e0e-9fcc-4f55-8568-3f18c0b85ea7.html,未请求,2026-10-09T08:00:01.570773+00:00,experiments/source-accessibility/results/20261009/bodies/01914e6df7145786f2aee1442aa0c5bee00b68a143d9d0b8ed9caf4d57c2065a,[],[],"[""https://www.wxcq.com.cn/JingJiaMidBoot/wxhtml/BidJingJiaCQHome.html""]"
dd-220,384,资本市场,国有产权交易所,常州产权交易所,http://www.czcq.com.cn/,www.czcq.com.cn,B,静态内容链接，待验详情,P2,ACCESSIBLE_HTML,200,HTML有候选链接；详情正文尚未确认,页面字段线索，必填性未验：nope；姓名；手机号；标题；请输入验证码,PUBLIC_ENTRY_TEXT_EXTRACTED；详情=ACCESSIBLE_HTML；源码含验证码线索（不等于所有公开栏目受限）,仅入口及最多一篇站内样本；不代表原清单所指核验业务已可用,限定目标栏目并核对一篇真实正文/附件,http://www.czcq.com.cn/,http://www.czcq.com.cn/,http://www.czcq.com.cn/czcq/news/info?id=3797&column=18,未请求,2026-10-09T08:00:02.262497+00:00,experiments/source-accessibility/results/20261009/bodies/3932402a56daaffe477b30301ee4580780ef470252d9cf7528a526797f16809b,[],[],[]
dd-221,385,资本市场,国有产权交易所,西南联合产权交易所,https://www.swuee.com/,www.swuee.com,E,动态页/API/iframe待适配,P2,JS_SHELL,200,JS模板/iframe/API；不得把导航文本当数据,未识别；不推断必填参数,JS_OR_IFRAME_REQUIRED,仅入口及最多一篇站内样本；不代表原清单所指核验业务已可用,检查业务JS与网络请求，优先公开API而非浏览器,https://www.swuee.com/,https://www.swuee.com/,,未请求,2026-10-09T08:00:02.452764+00:00,experiments/source-accessibility/results/20261009/bodies/da8d894b4c48bf73442564951e44893e6f96b97439056ee7cbc1fcd920f8a00d,[],[],[]
dd-222,386,资本市场,国有产权交易所,云南产权交易所,http://www.cynee.net/,www.cynee.net,E,动态页/API/iframe待适配,P2,ACCESSIBLE_HTML,200,JS模板/iframe/API；不得把导航文本当数据,页面字段线索，必填性未验：nope,PUBLIC_ENTRY_TEXT_EXTRACTED,仅入口及最多一篇站内样本；不代表原清单所指核验业务已可用,检查业务JS与网络请求，优先公开API而非浏览器,http://www.cynee.net/,http://www.cynee.net/,,未请求,2026-10-09T08:00:02.619609+00:00,experiments/source-accessibility/results/20261009/bodies/7c5de27861d8a30e8bc0aa82d77b8f622f91cb25beae447c0fd72ce45c27661c,[],[],"[""https://api.ejy365.com/e-jy/portal/jjdt/list?orgId=101023&pages=1&pageSize=10&t=2"", ""https://bid.ejy365.com/board/boardListStaticYN?businessSource=CG""]"
dd-223,387,资本市场,国有产权交易所,贵州阳光产权交易所,http://www.prechina.net/,www.prechina.net,E,动态页/API/iframe待适配,P2,ACCESSIBLE_HTML,200,JS模板/iframe/API；不得把导航文本当数据,页面字段线索，必填性未验：GET https://www.prechina.net/project/index.php?lang=cn [content],PUBLIC_ENTRY_TEXT_EXTRACTED,仅入口及最多一篇站内样本；不代表原清单所指核验业务已可用,检查业务JS与网络请求，优先公开API而非浏览器,https://www.prechina.net/,https://www.prechina.net/,,未请求,2026-10-09T08:00:02.898594+00:00,experiments/source-accessibility/results/20261009/bodies/b8dc603c93cc1aecace6c057965dc24728191f489214addace9be632b960ca49,"[{""action"": ""https://www.prechina.net/project/index.php?lang=cn"", ""method"": ""GET"", ""fields"": [{""name"": ""content"", ""type"": ""text"", ""hint"": ""请输入搜索关键词！""}]}]",[],"[""https://www.unibid.cn/portal/pro/dtbjOrg.jsp?size=6&ifPage=F&org=GZ1""]"
dd-224,388,资本市场,国有产权交易所,甘肃省产权交易所,http://www.gscq.com.cn/,www.gscq.com.cn,F,失败/限制，机制未确认,待复查,HTTP_ERROR,403,UNKNOWN：本轮取不到有效内容,未识别；不推断必填参数,HTTP_403,仅入口及最多一篇站内样本；不代表原清单所指核验业务已可用,复核入口迁移与当前环境；不得解释为无相关记录,https://www.gscq.com.cn/,https://www.gscq.com.cn/,,未请求,2026-10-09T08:00:03.279508+00:00,,[],[],[]
dd-225,389,资本市场,国有产权交易所,江西省产权交易所,https://jxcq.jxggzyjy.cn/,jxcq.jxggzyjy.cn,B,静态内容链接，待验详情,P2,ACCESSIBLE_HTML,200,HTML有候选链接；详情正文尚未确认,页面字段线索，必填性未验：请输入关键字搜索,PUBLIC_ENTRY_TEXT_EXTRACTED；详情=JS_SHELL,仅入口及最多一篇站内样本；不代表原清单所指核验业务已可用,限定目标栏目并核对一篇真实正文/附件,https://jxcq.jxggzyjy.cn/,https://jxcq.jxggzyjy.cn/,https://jxcq.jxggzyjy.cn/cqjy/004/004021/004021001/20260911/65ddb826-9163-40bd-868a-de03c0a57324.html,未请求,2026-10-09T08:00:03.564074+00:00,experiments/source-accessibility/results/20261009/bodies/dbe2dc246e9a9392aa487a554f4ea9b9de680c4f10837257f298815480455aa3,[],[],[]
dd-226,390,资本市场,国有产权交易所,湖南联合产权交易所,http://www.hnaee.com/hnaee/index.htm,www.hnaee.com,E,动态页/API/iframe待适配,P2,SKIP_INPUT,200,JS模板/iframe/API；不得把导航文本当数据,"页面字段线索，必填性未验：POST https://www.hnaee.com/hnaee/index.htm [username, password]",LOGIN_REQUIRED,仅入口及最多一篇站内样本；不代表原清单所指核验业务已可用,检查业务JS与网络请求，优先公开API而非浏览器,https://www.hnaee.com/hnaee/index.htm,https://www.hnaee.com/hnaee/index.htm,,未请求,2026-10-09T08:00:04.557138+00:00,experiments/source-accessibility/results/20261009/bodies/b707540b63af9e3cc585e58eeea78ac955d14a769019fb543d46edaf513fbfac,"[{""action"": ""https://www.hnaee.com/hnaee/xmzx.jsp"", ""method"": ""POST"", ""fields"": []}, {""action"": ""https://www.hnaee.com/hnaee/index.htm"", ""method"": ""POST"", ""fields"": [{""name"": ""username"", ""type"": ""text"", ""hint"": """"}, {""name"": ""password"", ""type"": ""password"", ""hint"": """"}]}]",[],"[""https://api.ejy365.com/e-jy/portal/jjdt/list?orgId=101024&pages=1&pageSize=8&t=2"", ""https://api.ejy365.com/e-jy/portal/jjdt/list_mobile?pages=1&pageSize=10&orgId=101024"", ""https://www.hnaee.com/creatorCMS/appManage/xmgg/findFontXmwcggList.page?rows=7&page=1&xmtype=1""]"
dd-227,391,资本市场,国有产权交易所,长沙联合产权交易所,https://www.cscqjy.com.cn/,www.cscqjy.com.cn,B,静态内容链接，待验详情,P2,ACCESSIBLE_HTML,200,HTML有候选链接；详情正文尚未确认,页面字段线索，必填性未验：GET https://www.cscqjy.com.cn/e/sch/index.php [keyboard],PUBLIC_ENTRY_TEXT_EXTRACTED；详情=ACCESSIBLE_HTML,仅入口及最多一篇站内样本；不代表原清单所指核验业务已可用,限定目标栏目并核对一篇真实正文/附件,https://www.cscqjy.com.cn/,https://www.cscqjy.com.cn/,https://www.cscqjy.com.cn/zhongyaogonggao/guapaigonggao/2026-09-21/3580.html,未请求,2026-10-09T08:00:04.794975+00:00,experiments/source-accessibility/results/20261009/bodies/2ca574bc53c08c5a2bada9b6113fada245739da3874213b5d5c99463bce3d129,"[{""action"": ""https://www.cscqjy.com.cn/e/sch/index.php"", ""method"": ""GET"", ""fields"": [{""name"": ""keyboard"", ""type"": ""text"", ""hint"": ""输入关键字、公告、项目...""}]}]",[],[]
dd-228,392,资本市场,国有产权交易所,重庆产权交易网,https://cquae.cqggzy.com/,cquae.cqggzy.com,F,失败/限制，机制未确认,待复查,HTTP_ERROR,521,UNKNOWN：本轮取不到有效内容,未识别；不推断必填参数,HTTP_521,仅入口及最多一篇站内样本；不代表原清单所指核验业务已可用,复核入口迁移与当前环境；不得解释为无相关记录,https://cquae.cqggzy.com/,https://cquae.cqggzy.com/,,未请求,2026-10-09T08:00:04.966365+00:00,,[],[],[]
dd-229,393,资本市场,国有产权交易所,黑龙江联合产权交易所,http://www.hljcqjy.com/,www.hljcqjy.com,B,静态内容链接，待验详情,P2,ACCESSIBLE_HTML,200,HTML有候选链接；详情正文尚未确认,页面字段线索，必填性未验：请输入搜索内容,PUBLIC_ENTRY_TEXT_EXTRACTED；详情=SKIP_INPUT,仅入口及最多一篇站内样本；不代表原清单所指核验业务已可用,限定目标栏目并核对一篇真实正文/附件,https://www.hljcqjy.com/,https://www.hljcqjy.com/,https://www.hljcqjy.com/detail.php?cid=7&id=2350&pid=2,未请求,2026-10-09T08:00:05.225194+00:00,experiments/source-accessibility/results/20261009/bodies/cf532d9e47b570ffd9db5bad2a2e2ed88558e2e28889d1a155cf8cefc59c3605,[],[],[]
dd-230,394,资本市场,国有产权交易所,河南中原产权交易有限公司,http://www.zycqjy.com/,www.zycqjy.com,G,入口可读，内容未定位,P2,ACCESSIBLE_HTML,200,HTML可读；只有入口级证据,"页面字段线索，必填性未验：GET http://www.zycqjy.com/hn/index [searchType, key]; GET http://www.zycqjy.com/hn/index [contactName, phone, assetType, (无name), (无name), (无name), (无name), (无name), areaText, remark]; GET http://www.zycqjy.com/hn/index [contactName, phone, assetType, investAmount, remark]",PUBLIC_ENTRY_TEXT_EXTRACTED,仅入口及最多一篇站内样本；不代表原清单所指核验业务已可用,寻找新闻公告栏目；首页可读不等于业务数据可用,http://www.zycqjy.com/hn/index,http://www.zycqjy.com/hn/index,,未请求,2026-10-09T08:00:05.341883+00:00,experiments/source-accessibility/results/20261009/bodies/a582345f05438321a055f085bb81df835af95d1563781872b4b746373120ca68,"[{""action"": ""http://www.zycqjy.com/hn/index"", ""method"": ""GET"", ""fields"": []}, {""action"": ""http://www.zycqjy.com/hn/index"", ""method"": ""GET"", ""fields"": [{""name"": ""searchType"", ""type"": ""select"", ""hint"": """"}, {""name"": ""key"", ""type"": ""text"", ""hint"": ""请输入关键词进行搜索""}]}, {""action"": ""http://www.zycqjy.com/hn/index"", ""method"": ""GET"", ""fields"": [{""name"": ""contactName"", ""type"": ""text"", ""hint"": ""请输入公司名称或个人姓名""}, {""name"": ""phone"", ""type"": ""text"", ""hint"": ""请输入联系电话""}, {""name"": ""assetType"", ""type"": ""text"", ""hint"": ""请输入转让资产类型，如：土地、房产、股权等""}, {""name"": """", ""type"": ""checkbox"", ""hint"": """"}, {""name"": """", ""type"": ""checkbox"", ""hint"": """"}, {""name"": """", ""type"": ""checkbox"", ""hint"": """"}, {""name"": """", ""type"": ""checkbox"", ""hint"": """"}, {""name"": """", ""type"": ""checkbox"", ""hint"": """"}, {""name"": ""areaText"", ""type"": ""text"", ""hint"": ""请输入标的所在地，如：郑州市金水区""}, {""name"": ""remark"", ""type"": ""textarea"", ""hint"": ""请补充资产详细说明（选填）""}]}, {""action"": ""http://www.zycqjy.com/hn/index"", ""method"": ""GET"", ""fields"": [{""name"": ""contactName"", ""type"": ""text"", ""hint"": ""请输入公司名称或个人姓名""}, {""name"": ""phone"", ""type"": ""text"", ""hint"": ""请输入联系电话""}, {""name"": ""assetType"", ""type"": ""text"", ""hint"": ""请输入意向购买类型，如：土地、房产、债权等""}, {""name"": ""investAmount"", ""type"": ""number"", ""hint"": ""请输入意向投资金额，单位：万元""}, {""name"": ""remark"", ""type"": ""textarea"", ""hint"": ""请补充投资需求（选填）""}]}]",[],[]
dd-231,395,资本市场,国有产权交易所,郑州市公共资源交易中心,https://zzggzy.zhengzhou.gov.cn/,zzggzy.zhengzhou.gov.cn,B,静态内容链接，待验详情,P2,ACCESSIBLE_HTML,200,HTML有候选链接；详情正文尚未确认,页面字段线索，必填性未验：请输入关键字,PUBLIC_ENTRY_TEXT_EXTRACTED；详情=ACCESSIBLE_HTML,仅入口及最多一篇站内样本；不代表原清单所指核验业务已可用,限定目标栏目并核对一篇真实正文/附件,https://zzggzy.zhengzhou.gov.cn/,https://zzggzy.zhengzhou.gov.cn/,https://zzggzy.zhengzhou.gov.cn/jsgc/004002/20261009/9ed31de0-8b2f-4ac0-bf1e-d9d6f401c763.html,未请求,2026-10-09T08:00:05.603389+00:00,experiments/source-accessibility/results/20261009/bodies/3561b6dd84f6fd7baeaca5790f6a4590a5c86d227c5d03711f9b2670cfa90c60,[],[],[]
dd-232,396,资本市场,国有产权交易所,安徽产权交易中心,http://www.aaee.com.cn/,www.aaee.com.cn,E,动态页/API/iframe待适配,P2,JS_SHELL,200,JS模板/iframe/API；不得把导航文本当数据,未识别；不推断必填参数,JS_OR_IFRAME_REQUIRED,仅入口及最多一篇站内样本；不代表原清单所指核验业务已可用,检查业务JS与网络请求，优先公开API而非浏览器,https://www.aaee.com.cn/,https://www.aaee.com.cn/,,未请求,2026-10-09T08:00:05.841112+00:00,experiments/source-accessibility/results/20261009/bodies/a6c9e60af40df079d71b7afd752979945bcd469a13c517eae59590cb44a3fd68,[],[],[]
dd-233,397,资本市场,国有产权交易所,安徽省农村综合产权交易网,http://www.ahaee.com/,www.ahaee.com,E,动态页/API/iframe待适配,P2,ACCESSIBLE_HTML,200,JS模板/iframe/API；不得把导航文本当数据,页面字段线索，必填性未验：请输入关键字；(无name)；(无name),PUBLIC_ENTRY_TEXT_EXTRACTED；详情=ACCESSIBLE_HTML,仅入口及最多一篇站内样本；不代表原清单所指核验业务已可用,检查业务JS与网络请求，优先公开API而非浏览器,https://www.ahaee.com/,https://www.ahaee.com/,https://www.ahaee.com/jyxx/009001/009001002/20260622/ca22c6ca-4efb-47ed-9477-aec164ba86dd.html,未请求,2026-10-09T08:00:05.937827+00:00,experiments/source-accessibility/results/20261009/bodies/c07f039e411d541bb97b2223c64f752111897d1a1d822251a52ba834bb69c826,[],[],[]
dd-234,398,资本市场,国有产权交易所,安徽长江产权交易所,http://www.ccjex.com/,www.ccjex.com,F,失败/限制，机制未确认,待复查,NETWORK_ERROR,,UNKNOWN：本轮取不到有效内容,未识别；不推断必填参数,RemoteDisconnected,仅入口及最多一篇站内样本；不代表原清单所指核验业务已可用,复核入口迁移与当前环境；不得解释为无相关记录,http://www.ccjex.com/,http://www.ccjex.com/,,未请求,2026-10-09T08:00:06.337727+00:00,,[],[],[]
dd-235,399,资本市场,国有产权交易所,山东产权交易中心,http://www.sdcqjy.com/,www.sdcqjy.com,G,入口可读，内容未定位,P2,ACCESSIBLE_HTML,200,HTML可读；只有入口级证据,页面字段线索，必填性未验：请输入关键字,PUBLIC_ENTRY_TEXT_EXTRACTED,仅入口及最多一篇站内样本；不代表原清单所指核验业务已可用,寻找新闻公告栏目；首页可读不等于业务数据可用,http://www.sdcqjy.com/,http://www.sdcqjy.com/,,未请求,2026-10-09T08:00:06.829400+00:00,experiments/source-accessibility/results/20261009/bodies/6e25863a22fe118acb74f42670a6eacfbfefe44b9f81a95dc01de536cba912ed,[],[],[]
dd-236,400,资本市场,国有产权交易所,青岛产权交易所,http://www.qdcq.net/,www.qdcq.net,E,动态页/API/iframe待适配,P2,ACCESSIBLE_HTML,200,JS模板/iframe/API；不得把导航文本当数据,"页面字段线索，必填性未验：GET https://www.qdcq.net:443/qd/index [searchType, key]",PUBLIC_ENTRY_TEXT_EXTRACTED,仅入口及最多一篇站内样本；不代表原清单所指核验业务已可用,检查业务JS与网络请求，优先公开API而非浏览器,https://www.qdcq.net:443/qd/index,https://www.qdcq.net:443/qd/index,,未请求,2026-10-09T08:00:10.359975+00:00,experiments/source-accessibility/results/20261009/bodies/e18ea1f8506e02a3d0b4f01ab13890b877a657b2a8880f2d5e6bc6eda640cf2c,"[{""action"": ""https://www.qdcq.net:443/qd/index"", ""method"": ""GET"", ""fields"": []}, {""action"": ""https://www.qdcq.net:443/qd/index"", ""method"": ""GET"", ""fields"": [{""name"": ""searchType"", ""type"": ""select"", ""hint"": """"}, {""name"": ""key"", ""type"": ""text"", ""hint"": ""请输入关键词进行搜索""}]}]",[],"[""https://www.qdcq.net:443/qd/p/item/kanban"", ""https://cqjy.qdcq.net/portal/pro/dtbj.jsp?size=8""]"
dd-237,401,资本市场,国有产权交易所,烟台联合产权交易中心,http://www.ytcq.com/,www.ytcq.com,B,静态内容链接，待验详情,P2,ACCESSIBLE_HTML,200,HTML有候选链接；详情正文尚未确认,页面字段线索，必填性未验：(无name),PUBLIC_ENTRY_TEXT_EXTRACTED；详情=ACCESSIBLE_HTML,仅入口及最多一篇站内样本；不代表原清单所指核验业务已可用,限定目标栏目并核对一篇真实正文/附件,http://www.ytcq.com/,http://www.ytcq.com/,http://www.ytcq.com/xwzx/001001/20240904/dfeec866-2f5e-4a40-b423-05168c0898c7.html,未请求,2026-10-09T08:00:07.546842+00:00,experiments/source-accessibility/results/20261009/bodies/6273bda0e27d0e00977a8df161ae18b73ae8abe1eeca3e921fe901f825f89ca9,[],[],[]
dd-238,402,资本市场,国有产权交易所,潍坊产权交易中心,http://www.wfcqjy.com/,www.wfcqjy.com,B,静态内容链接，待验详情,P2,ACCESSIBLE_HTML,200,HTML有候选链接；详情正文尚未确认,"页面字段线索，必填性未验：GET http://www.wfcqjy.com/index.php [c, word]",PUBLIC_ENTRY_TEXT_EXTRACTED；详情=ACCESSIBLE_HTML,仅入口及最多一篇站内样本；不代表原清单所指核验业务已可用,限定目标栏目并核对一篇真实正文/附件,http://www.wfcqjy.com/,http://www.wfcqjy.com/,http://www.wfcqjy.com/index.php?c=article&id=4817,未请求,2026-10-09T08:00:07.853643+00:00,experiments/source-accessibility/results/20261009/bodies/02199e9b820b43482dac8fb1ba93520b526200e2212abdf103ec47affd788ffa,"[{""action"": ""http://www.wfcqjy.com/index.php"", ""method"": ""GET"", ""fields"": [{""name"": ""c"", ""type"": ""select"", ""hint"": """"}, {""name"": ""word"", ""type"": ""text"", ""hint"": """"}]}]",[],[]
dd-239,403,资本市场,国有产权交易所,山西省产权交易市场,https://www.sxcqjy.cn/,www.sxcqjy.cn,E,动态页/API/iframe待适配,P2,JS_SHELL,200,JS模板/iframe/API；不得把导航文本当数据,未识别；不推断必填参数,JS_OR_IFRAME_REQUIRED,仅入口及最多一篇站内样本；不代表原清单所指核验业务已可用,检查业务JS与网络请求，优先公开API而非浏览器,https://www.sxcqjy.cn/,https://www.sxcqjy.cn/,,未请求,2026-10-09T08:00:08.021950+00:00,experiments/source-accessibility/results/20261009/bodies/3c1ede8a69df810589c58cfa1967ab7590bc207ca4b216efed847834eff0012c,[],[],[]
dd-240,404,资本市场,国有产权交易所,长治产权交易市场,http://www.czscq.com/,www.czscq.com,F,失败/限制，机制未确认,待复查,EMPTY,200,UNKNOWN：本轮取不到有效内容,未识别；不推断必填参数,INSUFFICIENT_VISIBLE_CONTENT,仅入口及最多一篇站内样本；不代表原清单所指核验业务已可用,复核入口迁移与当前环境；不得解释为无相关记录,http://www.czscq.com/,http://www.czscq.com/,,未请求,2026-10-09T08:00:08.214129+00:00,,[],[],[]
dd-241,405,资本市场,国有产权交易所,哈尔滨产权交易中心,https://hrbggzy.harbin.gov.cn/,hrbggzy.harbin.gov.cn,E,动态页/API/iframe待适配,P2,ACCESSIBLE_HTML,200,JS模板/iframe/API；不得把导航文本当数据,页面字段线索，必填性未验：(无name),PUBLIC_ENTRY_TEXT_EXTRACTED；详情=ACCESSIBLE_HTML,仅入口及最多一篇站内样本；不代表原清单所指核验业务已可用,检查业务JS与网络请求，优先公开API而非浏览器,https://hrbggzy.harbin.gov.cn/,https://hrbggzy.harbin.gov.cn/,https://hrbggzy.harbin.gov.cn/xxgk/005004/20240516/a9ffc3ea-2855-4036-8f3c-02350403b921.html,未请求,2026-10-09T08:00:08.331502+00:00,experiments/source-accessibility/results/20261009/bodies/3a983212bf1171d7651d17fa5103041799eefe888605ea352a8d5ac20c210b81,[],[],"[""https://i.tianqi.com/index.php?c=code&id=10&color=%23535353&icon=1&py=haerbin&site=15""]"
dd-242,406,资本市场,国有产权交易所,宁夏科技资源与产权交易所,https://www.ntree.com.cn/,www.ntree.com.cn,E,动态页/API/iframe待适配,P2,ACCESSIBLE_HTML,200,JS模板/iframe/API；不得把导航文本当数据,页面字段线索，必填性未验：GET https://www.ntree.com.cn/article/searchInfo.shtml [title],PUBLIC_ENTRY_TEXT_EXTRACTED；详情=ACCESSIBLE_HTML,仅入口及最多一篇站内样本；不代表原清单所指核验业务已可用,检查业务JS与网络请求，优先公开API而非浏览器,https://www.ntree.com.cn/,https://www.ntree.com.cn/,https://www.ntree.com.cn/article/banner/202301/20230100000024.shtml,未请求,2026-10-09T08:00:08.958894+00:00,experiments/source-accessibility/results/20261009/bodies/b073763ebec3b9b0a3571aa5b4313f11bae13e3f0739ed9e1dd6b02274174460,"[{""action"": ""https://www.ntree.com.cn/article/searchInfo.shtml"", ""method"": ""GET"", ""fields"": [{""name"": ""title"", ""type"": ""text"", ""hint"": ""请输入搜索的内容""}]}]",[],"[""https://www.unibid.cn/portal/pro/dtbjOrg.jsp?size=6&ifPage=F&org=NX1"", ""https://www.ntree.com.cn/"", ""https://www.ntree.com.cn/""]"
dd-243,407,资本市场,国有产权交易所,新疆产权交易市场,http://www.xjcq.net.cn/,www.xjcq.net.cn,F,失败/限制，机制未确认,待复查,EMPTY,200,UNKNOWN：本轮取不到有效内容,未识别；不推断必填参数,INSUFFICIENT_VISIBLE_CONTENT,仅入口及最多一篇站内样本；不代表原清单所指核验业务已可用,复核入口迁移与当前环境；不得解释为无相关记录,http://www.xjcq.net.cn/,http://www.xjcq.net.cn/,,未请求,2026-10-09T08:00:09.570251+00:00,,[],[],[]
dd-244,408,资本市场,国有产权交易所,海南产权交易所,http://www.hncq.cn/,www.hncq.cn,E,动态页/API/iframe待适配,P2,ACCESSIBLE_HTML,200,JS模板/iframe/API；不得把导航文本当数据,未识别；不推断必填参数,PUBLIC_ENTRY_TEXT_EXTRACTED,仅入口及最多一篇站内样本；不代表原清单所指核验业务已可用,检查业务JS与网络请求，优先公开API而非浏览器,https://www.hncq.cn/,https://www.hncq.cn/,,未请求,2026-10-09T08:00:09.821940+00:00,experiments/source-accessibility/results/20261009/bodies/c3ccfad3d0bc5f00292f1949472d412986938e22e5714c5554763982a8f18f54,[],[],"[""https://api.ejy365.com/e-jy/portal/jjdt/list?t=2&pageSize=10&orgId=101031&tdsourcetag=s_pctim_aiomsg""]"
dd-245,414,资本市场,基金,证券投资基金业协会信息公示系统,http://gs.amac.org.cn/,gs.amac.org.cn,G,入口可读，内容未定位,P2,ACCESSIBLE_HTML,200,HTML可读；只有入口级证据,未识别；不推断必填参数,PUBLIC_ENTRY_TEXT_EXTRACTED,仅入口及最多一篇站内样本；不代表原清单所指核验业务已可用,寻找新闻公告栏目；首页可读不等于业务数据可用,https://gs.amac.org.cn/,https://gs.amac.org.cn/,,未请求,2026-10-09T08:00:09.972580+00:00,experiments/source-accessibility/results/20261009/bodies/f50c3d0b9a9c72528e008128f4c71996b4a41238ebb283b7b2fe33f122f936d7,[],[],[]
dd-246,415,资本市场,基金,中国证券投资基金业协会,https://www.amac.org.cn/,www.amac.org.cn,A,静态正文或名单样本,P1,ACCESSIBLE_HTML,200,无需主体输入的HTML/PDF内容样本,页面字段线索，必填性未验：请输入关键字；输入搜索内容,PUBLIC_ENTRY_TEXT_EXTRACTED；详情=ACCESSIBLE_HTML；正文容器=.TRS_Editor；自动识别的正文样本，语义准确性待逐源核对,仅入口及最多一篇站内样本；不代表原清单所指核验业务已可用,选定业务栏目，补分页/增量/正文准确性验收,https://www.amac.org.cn/,https://www.amac.org.cn/hydj/xxgcddesdjs/202506/t20250610_26744.html,https://www.amac.org.cn/hydj/xxgcddesdjs/202506/t20250610_26744.html,未请求,2026-10-09T08:00:10.099256+00:00,experiments/source-accessibility/results/20261009/bodies/f942dd400be328debcfe71cda9b5c056b597b3a27e107caea84ed5eb492760ae,[],[],[]
dd-247,416,资本市场,基金,公募基金管理人,https://www.amac.org.cn/fwdt/wyc/jgcprycx/jgcx/gmjjglrml/,www.amac.org.cn,C,公开参数查询/API已取样,P1,ACCESSIBLE_HTML,200,公募基金管理人GET JSON第一页10条，第二页10条，页面源码与响应一致,"pageNo,pageSize,houseName,registerAddr,officeAddr；后三项可空",公募基金管理人GET JSON第一页10条，第二页10条，页面源码与响应一致,仅以上明确描述的公开内容与参数；未验证全量、主体完整核验或长期稳定性,固定参数与分页合同，接入JSON/HTML Recipe,https://www.amac.org.cn/fwdt/wyc/jgcprycx/jgcx/gmjjglrml/,https://www.amac.org.cn/portal/front/mutualFund/findMutualFundHousePage?pageNo=1&pageSize=10&houseName=&registerAddr=&officeAddr=,https://www.amac.org.cn/hydj/xxgcddesdjs/202506/t20250610_26744.html,未请求,2026-10-09T08:00:10.185653+00:00,experiments/source-accessibility/results/20261009-extra/bodies/249511bb0e884e9a8eb8c8a82f99fc0658352da8d05d8c0664933c9e0380668a,[],[],[]
dd-248,417,资本市场,基金,公募基金销售机构,https://www.amac.org.cn/fwdt/wyc/jgcprycx/jgcx/gmjjxsjggs/,www.amac.org.cn,C,公开参数查询/API已取样,P1,ACCESSIBLE_HTML,200,公募基金销售机构GET JSON第一页10条；全量分页未验,"pageNo,pageSize,orgName,regAddr,orgType,startTime,endTime；筛选可空",公募基金销售机构GET JSON第一页10条；全量分页未验,仅以上明确描述的公开内容与参数；未验证全量、主体完整核验或长期稳定性,固定参数与分页合同，接入JSON/HTML Recipe,https://www.amac.org.cn/fwdt/wyc/jgcprycx/jgcx/gmjjxsjggs/,https://www.amac.org.cn/portal/front/infopublic/fsAgencyAnno/findFsAgencyAnnos?pageNo=1&pageSize=10&orgName=&regAddr=&orgType=&startTime=&endTime=,https://www.amac.org.cn/hydj/xxgcddesdjs/202506/t20250610_26744.html,未请求,2026-10-09T08:00:10.619949+00:00,experiments/source-accessibility/results/20261009-extra/bodies/695e173646eca6fa52c0fe22db0353b543ca6ffc6731155b85b29ab3d20c01e9,[],[],[]
dd-249,418,资本市场,基金,私募基金管理人,http://gs.amac.org.cn/amac-infodisc/res/pof/manager/index.html,gs.amac.org.cn,F,失败/限制，机制未确认,待复查,ROBOTS_DENIED,,UNKNOWN：本轮取不到有效内容,未识别；不推断必填参数,ROBOTS_DENIED,仅入口及最多一篇站内样本；不代表原清单所指核验业务已可用,复核入口迁移与当前环境；不得解释为无相关记录,http://gs.amac.org.cn/amac-infodisc/res/pof/manager/index.html,http://gs.amac.org.cn/amac-infodisc/res/pof/manager/index.html,,未请求,,,[],[],[]
dd-250,419,资本市场,基金,基金托管机构,https://www.amac.org.cn/fwdt/wyc/jgcprycx/jgcx/jjtgrjjgs/,www.amac.org.cn,C,公开参数查询/API已取样,P1,ACCESSIBLE_HTML,200,基金托管机构GET JSON第一页10条；全量分页未验,"pageNo,pageSize",基金托管机构GET JSON第一页10条；全量分页未验,仅以上明确描述的公开内容与参数；未验证全量、主体完整核验或长期稳定性,固定参数与分页合同，接入JSON/HTML Recipe,https://www.amac.org.cn/fwdt/wyc/jgcprycx/jgcx/jjtgrjjgs/,https://www.amac.org.cn/portal/front/financial/fundTrustee/findFundTrusteesPage?pageNo=1&pageSize=10,https://www.amac.org.cn/hydj/xxgcddesdjs/202506/t20250610_26744.html,未请求,2026-10-09T08:00:11.000052+00:00,experiments/source-accessibility/results/20261009-extra/bodies/f900a79c74d515e14a7eb1a2f7b76d367bbfdb41e0da37d04105c5a9a6eea879,[],[],[]
dd-251,420,资本市场,基金,私募基金,http://gs.amac.org.cn/amac-infodisc/res/pof/fund/index.html,gs.amac.org.cn,F,失败/限制，机制未确认,待复查,ROBOTS_DENIED,,UNKNOWN：本轮取不到有效内容,未识别；不推断必填参数,ROBOTS_DENIED,仅入口及最多一篇站内样本；不代表原清单所指核验业务已可用,复核入口迁移与当前环境；不得解释为无相关记录,http://gs.amac.org.cn/amac-infodisc/res/pof/fund/index.html,http://gs.amac.org.cn/amac-infodisc/res/pof/fund/index.html,,未请求,,,[],[],[]
dd-252,421,资本市场,基金,证券公司直投基金,http://gs.amac.org.cn/amac-infodisc/res/aoin/product/index.html,gs.amac.org.cn,F,失败/限制，机制未确认,待复查,ROBOTS_DENIED,,UNKNOWN：本轮取不到有效内容,未识别；不推断必填参数,ROBOTS_DENIED,仅入口及最多一篇站内样本；不代表原清单所指核验业务已可用,复核入口迁移与当前环境；不得解释为无相关记录,http://gs.amac.org.cn/amac-infodisc/res/aoin/product/index.html,http://gs.amac.org.cn/amac-infodisc/res/aoin/product/index.html,,未请求,,,[],[],[]
dd-253,422,资本市场,基金,证券公司私募投资基金,http://gs.amac.org.cn/amac-infodisc/res/pof/subfund/index.html,gs.amac.org.cn,F,失败/限制，机制未确认,待复查,ROBOTS_DENIED,,UNKNOWN：本轮取不到有效内容,未识别；不推断必填参数,ROBOTS_DENIED,仅入口及最多一篇站内样本；不代表原清单所指核验业务已可用,复核入口迁移与当前环境；不得解释为无相关记录,http://gs.amac.org.cn/amac-infodisc/res/pof/subfund/index.html,http://gs.amac.org.cn/amac-infodisc/res/pof/subfund/index.html,,未请求,,,[],[],[]
dd-254,423,资本市场,基金,基金公司及子公司集合资管,http://gs.amac.org.cn/amac-infodisc/res/fund/account/index.html,gs.amac.org.cn,F,失败/限制，机制未确认,待复查,ROBOTS_DENIED,,UNKNOWN：本轮取不到有效内容,未识别；不推断必填参数,ROBOTS_DENIED,仅入口及最多一篇站内样本；不代表原清单所指核验业务已可用,复核入口迁移与当前环境；不得解释为无相关记录,http://gs.amac.org.cn/amac-infodisc/res/fund/account/index.html,http://gs.amac.org.cn/amac-infodisc/res/fund/account/index.html,,未请求,,,[],[],[]
dd-255,424,资本市场,基金,基金从业人员,https://gs.amac.org.cn/amac-infodisc/res/pof/person/personOrgList.html,gs.amac.org.cn,F,失败/限制，机制未确认,待复查,ROBOTS_DENIED,,UNKNOWN：本轮取不到有效内容,未识别；不推断必填参数,ROBOTS_DENIED,仅入口及最多一篇站内样本；不代表原清单所指核验业务已可用,复核入口迁移与当前环境；不得解释为无相关记录,https://gs.amac.org.cn/amac-infodisc/res/pof/person/personOrgList.html,https://gs.amac.org.cn/amac-infodisc/res/pof/person/personOrgList.html,,未请求,,,[],[],[]
dd-256,432,税务事项,主体及信用查询,纳税人信息查询,https://12366.chinatax.gov.cn/sscx/taxpayer/main,12366.chinatax.gov.cn,G,入口可读，内容未定位,P2,ACCESSIBLE_HTML,200,HTML可读；只有入口级证据,未识别；不推断必填参数,PUBLIC_ENTRY_TEXT_EXTRACTED,仅入口及最多一篇站内样本；不代表原清单所指核验业务已可用,寻找新闻公告栏目；首页可读不等于业务数据可用,https://12366.chinatax.gov.cn/sscx/taxpayer/main,https://12366.chinatax.gov.cn/sscx/taxpayer/main,,未请求,2026-10-09T08:00:11.352655+00:00,experiments/source-accessibility/results/20261009/bodies/a07a3215984d57d04831c0e28613e729b517bcd553d8f677093f4ce054fc8ac2,"[{""action"": ""http://116.62.19.87:10000/web/zh/oauth2/logout"", ""method"": ""GET"", ""fields"": []}]",[],[]
dd-257,433,税务事项,主体及信用查询,纳税信用查询,https://www.chinatax.gov.cn/chinatax/n810346/c102299/index.html,www.chinatax.gov.cn,G,入口可读，内容未定位,P2,ACCESSIBLE_HTML,200,HTML可读；只有入口级证据,页面字段线索，必填性未验：请输入您要搜索的内容,PUBLIC_ENTRY_TEXT_EXTRACTED,仅入口及最多一篇站内样本；不代表原清单所指核验业务已可用,寻找新闻公告栏目；首页可读不等于业务数据可用,https://www.chinatax.gov.cn/chinatax/n810346/c102299/index.html,https://www.chinatax.gov.cn/chinatax/n810346/c102299/index.html,,未请求,2026-10-09T08:00:11.546645+00:00,experiments/source-accessibility/results/20261009/bodies/2741afddb84c140fc171606e3810f380b085b1f6ec28a530daaae66a325e86c6,[],[],[]
dd-258,434,税务事项,主体及信用查询,纳税信用A级纳税人名单公布栏,https://www.chinatax.gov.cn/chinatax/n810346/c102299/index.html,www.chinatax.gov.cn,G,入口可读，内容未定位,P2,ACCESSIBLE_HTML,200,HTML可读；只有入口级证据,页面字段线索，必填性未验：请输入您要搜索的内容,PUBLIC_ENTRY_TEXT_EXTRACTED,仅入口及最多一篇站内样本；不代表原清单所指核验业务已可用,寻找新闻公告栏目；首页可读不等于业务数据可用,https://www.chinatax.gov.cn/chinatax/n810346/c102299/index.html,https://www.chinatax.gov.cn/chinatax/n810346/c102299/index.html,,未请求,2026-10-09T08:00:11.546645+00:00,experiments/source-accessibility/results/20261009/bodies/2741afddb84c140fc171606e3810f380b085b1f6ec28a530daaae66a325e86c6,[],[],[]
dd-259,435,税务事项,主体及信用查询,重大税收违法失信案件信息公布栏,http://www.chinatax.gov.cn/chinatax/c101249/n2020011502/index.html,www.chinatax.gov.cn,G,入口可读，内容未定位,P2,ACCESSIBLE_HTML,200,HTML可读；只有入口级证据,页面字段线索，必填性未验：请输入您要搜索的内容,PUBLIC_ENTRY_TEXT_EXTRACTED,仅入口及最多一篇站内样本；不代表原清单所指核验业务已可用,寻找新闻公告栏目；首页可读不等于业务数据可用,https://www.chinatax.gov.cn/chinatax/c101249/n2020011502/index.html,https://www.chinatax.gov.cn/chinatax/c101249/n2020011502/index.html,,未请求,2026-10-09T08:00:13.269203+00:00,experiments/source-accessibility/results/20261009/bodies/104e293ea8c18c1afc7ae524f3403021397f59e2ca0293d78c1a51ee6f62b583,[],[],[]
dd-260,441,税务事项,发票查询验证,全国增值税发票查验平台,https://inv-veri.chinatax.gov.cn/index.html,inv-veri.chinatax.gov.cn,D,输入/登录型入口,暂缓,SKIP_INPUT,200,表单或登录；业务结果未提交验证,页面字段线索，必填性未验：(无name)；(无name)；(无name)；(无name)；(无name),QUERY_PARAMETERS_REQUIRED；源码含验证码线索（不等于所有公开栏目受限）,仅入口及最多一篇站内样本；不代表原清单所指核验业务已可用,先明确查询主体与必填项；账号/验证码保留人工入口,https://inv-veri.chinatax.gov.cn/index.html,https://inv-veri.chinatax.gov.cn/index.html,,未请求,2026-10-09T08:00:11.697122+00:00,experiments/source-accessibility/results/20261009/bodies/1b8cd5c8b66ce1ba2fedf380d09810ba7738b68f46089d4f8aa34ac17cbf61e5,[],[],[]
dd-261,442,税务事项,发票查询验证,信天游,http://www.travelsky.com/,www.travelsky.com,F,失败/限制，机制未确认,待复查,NETWORK_ERROR,,UNKNOWN：本轮取不到有效内容,未识别；不推断必填参数,URLError,仅入口及最多一篇站内样本；不代表原清单所指核验业务已可用,复核入口迁移与当前环境；不得解释为无相关记录,https://www.travelsky.com:443/,https://www.travelsky.com:443/,,未请求,2026-10-09T08:00:11.837267+00:00,,[],[],[]
dd-262,443,税务事项,发票查询验证,开票信息查询,https://www.qcc.com/,www.qcc.com,B,静态内容链接，待验详情,P2,ACCESSIBLE_HTML,200,HTML有候选链接；详情正文尚未确认,页面字段线索，必填性未验：请输入企业名、老板名、品牌、地址、经营范围等关键词,PUBLIC_ENTRY_TEXT_EXTRACTED；详情=ACCESSIBLE_HTML,仅入口及最多一篇站内样本；不代表原清单所指核验业务已可用,限定目标栏目并核对一篇真实正文/附件,https://www.qcc.com/,https://www.qcc.com/,https://www.qcc.com/post/719452258.html,未请求,2026-10-09T08:00:12.412984+00:00,experiments/source-accessibility/results/20261009/bodies/236df8a630dfee05d6c0621846f83db4c160c48eab900b5469058baad8957cb7,[],[],[]
dd-263,449,税务事项,涉税专业服务机构,12366查询,https://12366.chinatax.gov.cn/sszyfw/bulletinBoard/main,12366.chinatax.gov.cn,D,输入/登录型入口,暂缓,SKIP_INPUT,200,表单或登录；业务结果未提交验证,页面字段线索，必填性未验：(无name)；(无name)；(无name)；(无name),QUERY_PARAMETERS_REQUIRED；源码含验证码线索（不等于所有公开栏目受限）,仅入口及最多一篇站内样本；不代表原清单所指核验业务已可用,先明确查询主体与必填项；账号/验证码保留人工入口,https://12366.chinatax.gov.cn/sszyfw/bulletinBoard/main,https://12366.chinatax.gov.cn/sszyfw/bulletinBoard/main,,未请求,2026-10-09T08:00:13.223338+00:00,experiments/source-accessibility/results/20261009/bodies/0f583379e72a42712aa11eedc680ad62c953b8f7e8fdc99e2112301ff69ce568,"[{""action"": ""http://116.62.19.87:10000/web/zh/oauth2/logout"", ""method"": ""GET"", ""fields"": []}]","[""https://12366.chinatax.gov.cn/core-plugins/12366/js/provinces.json""]",[]
dd-264,450,税务事项,涉税专业服务机构,查询入口2,http://app.gjzwfw.gov.cn/jmopen/webapp/html5/jgcx/index.html,app.gjzwfw.gov.cn,D,输入/登录型入口,暂缓,SKIP_INPUT,200,表单或登录；业务结果未提交验证,页面字段线索，必填性未验：info；请输入验证码,QUERY_PARAMETERS_REQUIRED；源码含验证码线索（不等于所有公开栏目受限）,仅入口及最多一篇站内样本；不代表原清单所指核验业务已可用,先明确查询主体与必填项；账号/验证码保留人工入口,http://app.gjzwfw.gov.cn/jmopen/webapp/html5/jgcx/index.html,http://app.gjzwfw.gov.cn/jmopen/webapp/html5/jgcx/index.html,,未请求,2026-10-09T08:00:13.387453+00:00,experiments/source-accessibility/results/20261009/bodies/07707fe6f5174029580b6e8878d321d0dc086f72e523a1028d1de9f90a0f61d0,[],[],[]
dd-265,451,税务事项,涉税专业服务机构,中国注册税务师协会,http://www.cctaa.cn/,www.cctaa.cn,A,静态正文或名单样本,P1,ACCESSIBLE_HTML,200,无需主体输入的HTML/PDF内容样本,页面字段线索，必填性未验：POST http://www.cctaa.cn/ [(无name)]; POST http://www.cctaa.cn/ [(无name)]; POST http://www.cctaa.cn/ [(无name)],"PUBLIC_ENTRY_TEXT_EXTRACTED；详情=ACCESSIBLE_HTML；正文容器=.TRS_Editor,#fontzoom,.article-content；自动识别的正文样本，语义准确性待逐源核对",仅入口及最多一篇站内样本；不代表原清单所指核验业务已可用,选定业务栏目，补分页/增量/正文准确性验收,http://www.cctaa.cn/,http://www.cctaa.cn/zxtz/202609/t20260928_1159780.html,http://www.cctaa.cn/zxtz/202609/t20260928_1159780.html,未请求,2026-10-09T08:00:13.509968+00:00,experiments/source-accessibility/results/20261009/bodies/44b7a0603e97c006212482ab445850ca8ad2d7863476246f2af19d782cb55bab,"[{""action"": ""http://www.cctaa.cn/"", ""method"": ""POST"", ""fields"": [{""name"": """", ""type"": ""select"", ""hint"": """"}]}, {""action"": ""http://www.cctaa.cn/"", ""method"": ""POST"", ""fields"": [{""name"": """", ""type"": ""select"", ""hint"": """"}]}, {""action"": ""http://www.cctaa.cn/"", ""method"": ""POST"", ""fields"": [{""name"": """", ""type"": ""select"", ""hint"": """"}]}]",[],[]
dd-266,452,税务事项,涉税专业服务机构,税务师事务所查询,http://hy.cctaaedu.cn/hygl/work/hygl/gzcx/swsswsxxcx/index.jsp,hy.cctaaedu.cn,E,动态页/API/iframe待适配,P2,ACCESSIBLE_HTML,200,JS模板/iframe/API；不得把导航文本当数据,"页面字段线索，必填性未验：POST http://hy.cctaaedu.cn/hygl/work/hygl/gzcx/swsswsxxcx/index.jsp [TTHYZCH, SWSMC, DJ_DM, SXJG_JGBM]",PUBLIC_ENTRY_TEXT_EXTRACTED,仅入口及最多一篇站内样本；不代表原清单所指核验业务已可用,检查业务JS与网络请求，优先公开API而非浏览器,http://hy.cctaaedu.cn/hygl/work/hygl/gzcx/swsswsxxcx/index.jsp,http://hy.cctaaedu.cn/hygl/work/hygl/gzcx/swsswsxxcx/index.jsp,,未请求,2026-10-09T08:00:13.528663+00:00,experiments/source-accessibility/results/20261009/bodies/ebeb4573cb1fda4a6ec2b24562cb88f530d795bae69f9d7e5a79c323014fc3a9,"[{""action"": ""http://hy.cctaaedu.cn/hygl/work/hygl/gzcx/swsswsxxcx/index.jsp"", ""method"": ""POST"", ""fields"": [{""name"": ""TTHYZCH"", ""type"": ""input"", ""hint"": """"}, {""name"": ""SWSMC"", ""type"": ""input"", ""hint"": """"}, {""name"": ""DJ_DM"", ""type"": ""select"", ""hint"": """"}, {""name"": ""SXJG_JGBM"", ""type"": ""select"", ""hint"": """"}]}]",[],"[""http://hy.cctaaedu.cn/hygl/work/hygl/gzcx/swsswsxxcx/index.jsp"", ""http://hy.cctaaedu.cn/hygl/work/hygl/gzcx/swsswsxxcx/index.jsp"", ""http://hy.cctaaedu.cn/hygl/work/hygl/gzcx/swsswsxxcx/index.jsp"", ""http://hy.cctaaedu.cn/hygl/work/hygl/gzcx/swsswsxxcx/index.jsp"", ""http://hy.cctaaedu.cn/hygl/work/hygl/gzcx/swsswsxxcx/index.jsp"", ""http://hy.cctaaedu.cn/hygl/work/hygl/gzcx/swsswsxxcx/index.jsp"", ""http://hy.cctaaedu.cn/hygl/work/hygl/gzcx/swsswsxxcx/index.jsp"", ""http://hy.cctaaedu.cn/hygl/work/hygl/gzcx/swsswsxxcx/index.jsp""]"
dd-267,453,税务事项,涉税专业服务机构,注册税务师查询,http://hy.cctaaedu.cn/hygl/work/hygl/gzcx/zcswsxxcx/index.jsp,hy.cctaaedu.cn,E,动态页/API/iframe待适配,P2,ACCESSIBLE_HTML,200,JS模板/iframe/API；不得把导航文本当数据,"页面字段线索，必填性未验：POST http://hy.cctaaedu.cn/hygl/work/hygl/gzcx/zcswsxxcx/index.jsp [XM, GRHYZCH, SXJG_JGBM]",PUBLIC_ENTRY_TEXT_EXTRACTED,仅入口及最多一篇站内样本；不代表原清单所指核验业务已可用,检查业务JS与网络请求，优先公开API而非浏览器,http://hy.cctaaedu.cn/hygl/work/hygl/gzcx/zcswsxxcx/index.jsp,http://hy.cctaaedu.cn/hygl/work/hygl/gzcx/zcswsxxcx/index.jsp,,未请求,2026-10-09T08:00:13.591603+00:00,experiments/source-accessibility/results/20261009/bodies/71e7b0c925b148d13b11b5c7eab404d02de8f37881cc783e32bf4ae2f7908f08,"[{""action"": ""http://hy.cctaaedu.cn/hygl/work/hygl/gzcx/zcswsxxcx/index.jsp"", ""method"": ""POST"", ""fields"": [{""name"": ""XM"", ""type"": ""input"", ""hint"": """"}, {""name"": ""GRHYZCH"", ""type"": ""input"", ""hint"": """"}, {""name"": ""SXJG_JGBM"", ""type"": ""select"", ""hint"": """"}]}]",[],"[""http://hy.cctaaedu.cn/hygl/work/hygl/gzcx/zcswsxxcx/index.jsp"", ""http://hy.cctaaedu.cn/hygl/work/hygl/gzcx/zcswsxxcx/index.jsp"", ""http://hy.cctaaedu.cn/hygl/work/hygl/gzcx/zcswsxxcx/index.jsp"", ""http://hy.cctaaedu.cn/hygl/work/hygl/gzcx/zcswsxxcx/index.jsp"", ""http://hy.cctaaedu.cn/hygl/work/hygl/gzcx/zcswsxxcx/index.jsp"", ""http://hy.cctaaedu.cn/hygl/work/hygl/gzcx/zcswsxxcx/index.jsp"", ""http://hy.cctaaedu.cn/hygl/work/hygl/gzcx/zcswsxxcx/index.jsp"", ""http://hy.cctaaedu.cn/hygl/work/hygl/gzcx/zcswsxxcx/index.jsp""]"
dd-268,459,税务事项,涉税行政处罚信息公示平台,北京,http://beijing.chinatax.gov.cn/bjsat/xzzf/xzzf_sj/,beijing.chinatax.gov.cn,F,失败/限制，机制未确认,待复查,HTTP_ERROR,412,UNKNOWN：本轮取不到有效内容,未识别；不推断必填参数,HTTP_412,仅入口及最多一篇站内样本；不代表原清单所指核验业务已可用,复核入口迁移与当前环境；不得解释为无相关记录,http://beijing.chinatax.gov.cn/bjsat/xzzf/xzzf_sj/,http://beijing.chinatax.gov.cn/bjsat/xzzf/xzzf_sj/,,未请求,2026-10-09T08:00:14.262422+00:00,,[],[],[]
dd-269,460,税务事项,涉税行政处罚信息公示平台,上海,http://shanghai.chinatax.gov.cn/newxbwz/wzcx/QYDA_qyda03_xzcfajxxcx.jsp?swjgDm=13100000000,shanghai.chinatax.gov.cn,G,入口可读，内容未定位,P2,ACCESSIBLE_HTML,200,HTML可读；只有入口级证据,页面字段线索，必填性未验：请输入关键字；(无name)；(无name)；(无name)；(无name)；(无name)；(无name)；(无name)；(无name)；(无name)；pageNum,PUBLIC_ENTRY_TEXT_EXTRACTED；源码含验证码线索（不等于所有公开栏目受限）,仅入口及最多一篇站内样本；不代表原清单所指核验业务已可用,寻找新闻公告栏目；首页可读不等于业务数据可用,http://shanghai.chinatax.gov.cn/newxbwz/wzcx/QYDA_qyda03_xzcfajxxcx.jsp?swjgDm=13100000000,http://shanghai.chinatax.gov.cn/newxbwz/wzcx/QYDA_qyda03_xzcfajxxcx.jsp?swjgDm=13100000000,,未请求,2026-10-09T08:00:14.338571+00:00,experiments/source-accessibility/results/20261009/bodies/20e8be80ebeb5f8e6f2e1b582523425c783fa4165e703e822acea252d737a255,"[{""action"": ""http://shanghai.chinatax.gov.cn/was5/web/search"", ""method"": ""POST"", ""fields"": []}, {""action"": ""http://shanghai.chinatax.gov.cn/newxbwz/qyda/qyda03/QYDAcfcxCtrl-initNewView.pfv"", ""method"": ""POST"", ""fields"": []}]",[],[]
dd-270,461,税务事项,涉税行政处罚信息公示平台,浙江,http://zhejiang.chinatax.gov.cn:8080/sword?ctrl=XzzfgsptHomeCtrl_index&yjcd=xzcf&ejcd=xzcf_01,zhejiang.chinatax.gov.cn,F,失败/限制，机制未确认,待复查,NETWORK_ERROR,,UNKNOWN：本轮取不到有效内容,未识别；不推断必填参数,RemoteDisconnected,仅入口及最多一篇站内样本；不代表原清单所指核验业务已可用,复核入口迁移与当前环境；不得解释为无相关记录,http://zhejiang.chinatax.gov.cn:8080/sword?ctrl=XzzfgsptHomeCtrl_index&yjcd=xzcf&ejcd=xzcf_01,http://zhejiang.chinatax.gov.cn:8080/sword?ctrl=XzzfgsptHomeCtrl_index&yjcd=xzcf&ejcd=xzcf_01,,未请求,2026-10-09T08:00:14.569861+00:00,,[],[],[]
dd-271,462,税务事项,涉税行政处罚信息公示平台,江苏,https://jiangsu.chinatax.gov.cn/fggspt/main.html,jiangsu.chinatax.gov.cn,G,入口可读，内容未定位,P2,ACCESSIBLE_HTML,200,HTML可读；只有入口级证据,未识别；不推断必填参数,PUBLIC_ENTRY_TEXT_EXTRACTED,仅入口及最多一篇站内样本；不代表原清单所指核验业务已可用,寻找新闻公告栏目；首页可读不等于业务数据可用,https://jiangsu.chinatax.gov.cn/fggspt/main.html,https://jiangsu.chinatax.gov.cn/fggspt/main.html,,未请求,2026-10-09T08:00:15.035330+00:00,experiments/source-accessibility/results/20261009/bodies/82ad1b10a8cae78822205f74443101c13c2a4a00e3e83bd1de36708c7ba1e51a,[],[],[]
dd-272,463,税务事项,涉税行政处罚信息公示平台,江苏2,https://jiangsu.chinatax.gov.cn/col/col8407/index.html,jiangsu.chinatax.gov.cn,E,动态页/API/iframe待适配,P2,ACCESSIBLE_HTML,200,JS模板/iframe/API；不得把导航文本当数据,未识别；不推断必填参数,PUBLIC_ENTRY_TEXT_EXTRACTED,仅入口及最多一篇站内样本；不代表原清单所指核验业务已可用,检查业务JS与网络请求，优先公开API而非浏览器,https://jiangsu.chinatax.gov.cn/col/col8407/index.html,https://jiangsu.chinatax.gov.cn/col/col8407/index.html,,未请求,2026-10-09T08:00:15.080996+00:00,experiments/source-accessibility/results/20261009/bodies/2bb6d716ca3dfc5df0c10560d43da214175ec963b0816a7ed79408a71e7d7f19,[],[],"[""https://jiangsu.chinatax.gov.cn/module/visitcount/visit.jsp?type=2&i_webid=18&i_columnid=8407""]"
dd-273,464,税务事项,涉税行政处罚信息公示平台,山东,http://shandong.chinatax.gov.cn/zfgspt/extranet/index#1,shandong.chinatax.gov.cn,F,失败/限制，机制未确认,待复查,HTTP_ERROR,412,UNKNOWN：本轮取不到有效内容,未识别；不推断必填参数,HTTP_412,仅入口及最多一篇站内样本；不代表原清单所指核验业务已可用,复核入口迁移与当前环境；不得解释为无相关记录,http://shandong.chinatax.gov.cn/zfgspt/extranet/index,http://shandong.chinatax.gov.cn/zfgspt/extranet/index,,未请求,2026-10-09T08:00:15.155306+00:00,,[],[],[]
dd-274,465,税务事项,涉税行政处罚信息公示平台,河南,https://henan.chinatax.gov.cn/xxgspt/,henan.chinatax.gov.cn,E,动态页/API/iframe待适配,P2,ACCESSIBLE_HTML,200,JS模板/iframe/API；不得把导航文本当数据,未识别；不推断必填参数,PUBLIC_ENTRY_TEXT_EXTRACTED,仅入口及最多一篇站内样本；不代表原清单所指核验业务已可用,检查业务JS与网络请求，优先公开API而非浏览器,https://henan.chinatax.gov.cn/xxgspt/,https://henan.chinatax.gov.cn/xxgspt/,,未请求,2026-10-09T08:00:15.228166+00:00,experiments/source-accessibility/results/20261009/bodies/42b6f34319fa697b474744a177e1f894e7211b1780e77dac64762d5d3a90e1d1,[],[],"[""https://henan.chinatax.gov.cn/xxgspt/pages/welcome.html""]"
dd-275,466,税务事项,涉税行政处罚信息公示平台,湖北,http://hubei.chinatax.gov.cn/gspt/jingmen/dbq/index.html,hubei.chinatax.gov.cn,F,失败/限制，机制未确认,待复查,ROBOTS_DENIED,,UNKNOWN：本轮取不到有效内容,未识别；不推断必填参数,ROBOTS_DENIED,仅入口及最多一篇站内样本；不代表原清单所指核验业务已可用,复核入口迁移与当前环境；不得解释为无相关记录,http://hubei.chinatax.gov.cn/gspt/jingmen/dbq/index.html,http://hubei.chinatax.gov.cn/gspt/jingmen/dbq/index.html,,未请求,,,[],[],[]
dd-276,467,税务事项,涉税行政处罚信息公示平台,湖南,http://hunan.chinatax.gov.cn/category/20200325400506,hunan.chinatax.gov.cn,F,失败/限制，机制未确认,待复查,HTTP_ERROR,412,UNKNOWN：本轮取不到有效内容,未识别；不推断必填参数,HTTP_412,仅入口及最多一篇站内样本；不代表原清单所指核验业务已可用,复核入口迁移与当前环境；不得解释为无相关记录,https://hunan.chinatax.gov.cn/category/20200325400506,https://hunan.chinatax.gov.cn/category/20200325400506,,未请求,2026-10-09T08:00:15.401054+00:00,,[],[],[]
dd-277,468,税务事项,涉税行政处罚信息公示平台,广东,http://guangdong.chinatax.gov.cn/gdzfgs/zfpt_index.shtml,guangdong.chinatax.gov.cn,G,入口可读，内容未定位,P2,ACCESSIBLE_HTML,200,HTML可读；只有入口级证据,未识别；不推断必填参数,PUBLIC_ENTRY_TEXT_EXTRACTED,仅入口及最多一篇站内样本；不代表原清单所指核验业务已可用,寻找新闻公告栏目；首页可读不等于业务数据可用,https://guangdong.chinatax.gov.cn/gdzfgs/zfpt_index.shtml,https://guangdong.chinatax.gov.cn/gdzfgs/zfpt_index.shtml,,未请求,2026-10-09T08:00:15.769830+00:00,experiments/source-accessibility/results/20261009/bodies/6081f55e635ab8efe6282a9ef993a6febcb7ee00571b1f185113b60b5385de07,[],[],[]
dd-278,469,税务事项,涉税行政处罚信息公示平台,广西,http://113.12.192.120:8208/zfgspt/extranet/xzzs,113.12.192.120,F,失败/限制，机制未确认,待复查,NETWORK_ERROR,,UNKNOWN：本轮取不到有效内容,未识别；不推断必填参数,RemoteDisconnected,仅入口及最多一篇站内样本；不代表原清单所指核验业务已可用,复核入口迁移与当前环境；不得解释为无相关记录,http://113.12.192.120:8208/zfgspt/extranet/xzzs,http://113.12.192.120:8208/zfgspt/extranet/xzzs,,未请求,2026-10-09T08:00:15.715097+00:00,,[],[],[]
dd-279,470,税务事项,涉税行政处罚信息公示平台,四川,https://etax.sichuan.chinatax.gov.cn/zfgspt/extranet/index#1,etax.sichuan.chinatax.gov.cn,E,动态页/API/iframe待适配,P2,SKIP_INPUT,200,JS模板/iframe/API；不得把导航文本当数据,页面字段线索，必填性未验：(无name),QUERY_PARAMETERS_REQUIRED,仅入口及最多一篇站内样本；不代表原清单所指核验业务已可用,检查业务JS与网络请求，优先公开API而非浏览器,https://etax.sichuan.chinatax.gov.cn/zfgspt/extranet/index,https://etax.sichuan.chinatax.gov.cn/zfgspt/extranet/index,,未请求,2026-10-09T08:00:17.120346+00:00,experiments/source-accessibility/results/20261009/bodies/4b8b44084d7dd618b54f7b3488a050b82173dec652325904c58dcb57571e710a,[],"[""https://etax.sichuan.chinatax.gov.cn/zfgspt/zfgspt/privilege/nav.json""]","[""https://etax.sichuan.chinatax.gov.cn/zfgspt/zfgspt/pages/index_show.html""]"
dd-280,471,税务事项,涉税行政处罚信息公示平台,贵州,http://guizhou.chinatax.gov.cn/xzzfxxgspts/gzsswj/,guizhou.chinatax.gov.cn,G,入口可读，内容未定位,P2,ACCESSIBLE_HTML,200,HTML可读；只有入口级证据,未识别；不推断必填参数,PUBLIC_ENTRY_TEXT_EXTRACTED,仅入口及最多一篇站内样本；不代表原清单所指核验业务已可用,寻找新闻公告栏目；首页可读不等于业务数据可用,https://guizhou.chinatax.gov.cn/xzzfxxgspts/gzsswj/,https://guizhou.chinatax.gov.cn/xzzfxxgspts/gzsswj/,,未请求,2026-10-09T08:00:17.266719+00:00,experiments/source-accessibility/results/20261009/bodies/c44d340b77f49575479662842e89c9546021497666ec286026720ba89dc35813,[],[],[]
dd-281,472,税务事项,涉税行政处罚信息公示平台,陕西,http://zfgs.shaanxi.chinatax.gov.cn:88/,zfgs.shaanxi.chinatax.gov.cn,F,失败/限制，机制未确认,待复查,HTTP_ERROR,412,UNKNOWN：本轮取不到有效内容,未识别；不推断必填参数,HTTP_412,仅入口及最多一篇站内样本；不代表原清单所指核验业务已可用,复核入口迁移与当前环境；不得解释为无相关记录,http://zfgs.shaanxi.chinatax.gov.cn:88/,http://zfgs.shaanxi.chinatax.gov.cn:88/,,未请求,2026-10-09T08:00:17.650778+00:00,,[],[],[]
dd-282,473,税务事项,涉税行政处罚信息公示平台,甘肃,http://gansu.chinatax.gov.cn/col/col49/index.html,gansu.chinatax.gov.cn,F,失败/限制，机制未确认,待复查,HTTP_ERROR,412,UNKNOWN：本轮取不到有效内容,未识别；不推断必填参数,HTTP_412,仅入口及最多一篇站内样本；不代表原清单所指核验业务已可用,复核入口迁移与当前环境；不得解释为无相关记录,http://gansu.chinatax.gov.cn/col/col49/index.html,http://gansu.chinatax.gov.cn/col/col49/index.html,,未请求,2026-10-09T08:00:17.680403+00:00,,[],[],[]
dd-283,474,税务事项,涉税行政处罚信息公示平台,青海,http://etax.qinghai.chinatax.gov.cn:7201/sword?ctrl=XzzfgsptHomeCtrl_index,etax.qinghai.chinatax.gov.cn,G,入口可读，内容未定位,P2,ACCESSIBLE_HTML,200,HTML可读；只有入口级证据,未识别；不推断必填参数,PUBLIC_ENTRY_TEXT_EXTRACTED,仅入口及最多一篇站内样本；不代表原清单所指核验业务已可用,寻找新闻公告栏目；首页可读不等于业务数据可用,http://etax.qinghai.chinatax.gov.cn:7201/sword?ctrl=XzzfgsptHomeCtrl_index,http://etax.qinghai.chinatax.gov.cn:7201/sword?ctrl=XzzfgsptHomeCtrl_index,,未请求,2026-10-09T08:00:17.741961+00:00,experiments/source-accessibility/results/20261009/bodies/99722b52ff5d97bdf1516e2c15a5e69a1678f0a4e8599515a8767c04f0538bdf,[],[],[]
dd-284,475,税务事项,涉税行政处罚信息公示平台,宁夏,https://zfgs.ningxia.chinatax.gov.cn:9443/sword?ctrl=XzzfgsptHomeCtrl_index,zfgs.ningxia.chinatax.gov.cn,F,失败/限制，机制未确认,待复查,HTTP_ERROR,412,UNKNOWN：本轮取不到有效内容,未识别；不推断必填参数,HTTP_412,仅入口及最多一篇站内样本；不代表原清单所指核验业务已可用,复核入口迁移与当前环境；不得解释为无相关记录,https://zfgs.ningxia.chinatax.gov.cn:9443/sword?ctrl=XzzfgsptHomeCtrl_index,https://zfgs.ningxia.chinatax.gov.cn:9443/sword?ctrl=XzzfgsptHomeCtrl_index,,未请求,2026-10-09T08:00:17.866717+00:00,,[],[],[]
dd-285,476,税务事项,涉税行政处罚信息公示平台,内蒙古,https://zfxxgs.neimenggu.chinatax.gov.cn/sword?ctrl=XzzfgsptHomeCtrl_index,zfxxgs.neimenggu.chinatax.gov.cn,G,入口可读，内容未定位,P2,ACCESSIBLE_HTML,200,HTML可读；只有入口级证据,未识别；不推断必填参数,PUBLIC_ENTRY_TEXT_EXTRACTED,仅入口及最多一篇站内样本；不代表原清单所指核验业务已可用,寻找新闻公告栏目；首页可读不等于业务数据可用,https://zfxxgs.neimenggu.chinatax.gov.cn/sword?ctrl=XzzfgsptHomeCtrl_index,https://zfxxgs.neimenggu.chinatax.gov.cn/sword?ctrl=XzzfgsptHomeCtrl_index,,未请求,2026-10-09T08:00:17.910982+00:00,experiments/source-accessibility/results/20261009/bodies/95bd4c5237800c8937735b40cadce8b84b1b09dbd5a2a2b169945bbb83fc06c5,[],[],[]
dd-286,477,税务事项,涉税行政处罚信息公示平台,山西,http://shanxi.chinatax.gov.cn/xzzfgsptWeb/web,shanxi.chinatax.gov.cn,G,入口可读，内容未定位,P2,ACCESSIBLE_HTML,200,HTML可读；只有入口级证据,未识别；不推断必填参数,PUBLIC_ENTRY_TEXT_EXTRACTED,仅入口及最多一篇站内样本；不代表原清单所指核验业务已可用,寻找新闻公告栏目；首页可读不等于业务数据可用,http://shanxi.chinatax.gov.cn/xzzfgsptWeb/web,http://shanxi.chinatax.gov.cn/xzzfgsptWeb/web,,未请求,2026-10-09T08:00:18.122517+00:00,experiments/source-accessibility/results/20261009/bodies/e1cfe25c7f34c58a4d197a7eb888698580bfe1887ce538d04d8fddb73954f071,[],[],[]
dd-287,478,税务事项,涉税行政处罚信息公示平台,河北,http://wzyy.hebei.chinatax.gov.cn/LawPublicity/,wzyy.hebei.chinatax.gov.cn,F,失败/限制，机制未确认,待复查,HTTP_ERROR,412,UNKNOWN：本轮取不到有效内容,未识别；不推断必填参数,HTTP_412,仅入口及最多一篇站内样本；不代表原清单所指核验业务已可用,复核入口迁移与当前环境；不得解释为无相关记录,http://wzyy.hebei.chinatax.gov.cn/LawPublicity/,http://wzyy.hebei.chinatax.gov.cn/LawPublicity/,,未请求,2026-10-09T08:00:18.165273+00:00,,[],[],[]
dd-288,479,税务事项,涉税行政处罚信息公示平台,天津,http://tianjin.chinatax.gov.cn/xzzfgspt/init_xzzfmain.action,tianjin.chinatax.gov.cn,G,入口可读，内容未定位,P2,ACCESSIBLE_HTML,200,HTML可读；只有入口级证据,未识别；不推断必填参数,PUBLIC_ENTRY_TEXT_EXTRACTED,仅入口及最多一篇站内样本；不代表原清单所指核验业务已可用,寻找新闻公告栏目；首页可读不等于业务数据可用,https://tianjin.chinatax.gov.cn/xzzfgspt/init_xzzfmain.action,https://tianjin.chinatax.gov.cn/xzzfgspt/init_xzzfmain.action,,未请求,2026-10-09T08:00:18.306425+00:00,experiments/source-accessibility/results/20261009/bodies/952d333cd8ae1e9aefc3a8b66c3be700a0c7a4f67c9f27a613891ec1dabf95c5,[],[],[]
dd-289,480,税务事项,涉税行政处罚信息公示平台,西藏,https://xizang.chinatax.gov.cn/col/col7790/index.html,xizang.chinatax.gov.cn,G,入口可读，内容未定位,P2,ACCESSIBLE_HTML,200,HTML可读；只有入口级证据,未识别；不推断必填参数,PUBLIC_ENTRY_TEXT_EXTRACTED,仅入口及最多一篇站内样本；不代表原清单所指核验业务已可用,寻找新闻公告栏目；首页可读不等于业务数据可用,https://xizang.chinatax.gov.cn/col/col7790/index.html,https://xizang.chinatax.gov.cn/col/col7790/index.html,,未请求,2026-10-09T08:00:18.331891+00:00,experiments/source-accessibility/results/20261009/bodies/7e470675e74bdd8242684fa40a8926888aa9848ab4b0ee71c14da2b35d5dc1f0,[],[],[]
dd-290,481,税务事项,涉税行政处罚信息公示平台,新疆,https://etax.xinjiang.chinatax.gov.cn:16001/zfgspt/extranet/jcxx,etax.xinjiang.chinatax.gov.cn,F,失败/限制，机制未确认,待复查,NETWORK_ERROR,,UNKNOWN：本轮取不到有效内容,未识别；不推断必填参数,URLError,仅入口及最多一篇站内样本；不代表原清单所指核验业务已可用,复核入口迁移与当前环境；不得解释为无相关记录,https://etax.xinjiang.chinatax.gov.cn:16001/zfgspt/extranet/jcxx,https://etax.xinjiang.chinatax.gov.cn:16001/zfgspt/extranet/jcxx,,未请求,2026-10-09T08:00:18.579090+00:00,,[],[],[]
dd-291,487,税务事项,其他查询,国家税务总局12366纳税服务平台,https://12366.chinatax.gov.cn/,12366.chinatax.gov.cn,G,入口可读，内容未定位,P2,ACCESSIBLE_HTML,200,HTML可读；只有入口级证据,页面字段线索，必填性未验：searchContent；请输入要咨询的内容；请输入要查询的内容；请输入要咨询的内容,PUBLIC_ENTRY_TEXT_EXTRACTED,仅入口及最多一篇站内样本；不代表原清单所指核验业务已可用,寻找新闻公告栏目；首页可读不等于业务数据可用,https://12366.chinatax.gov.cn/,https://12366.chinatax.gov.cn/,,未请求,2026-10-09T08:00:19.026312+00:00,experiments/source-accessibility/results/20261009/bodies/54252306afb9ef40f2c93b0fb229245cac0de8187bef40e890c2f13c5666447d,"[{""action"": ""https://12366.chinatax.gov.cn/"", ""method"": ""GET"", ""fields"": []}]","[""https://12366.chinatax.gov.cn/js/sysconfig.json""]",[]
dd-292,488,税务事项,其他查询,税收政策库,http://www.chinatax.gov.cn/chinatax/n810341/n810825/index.html?title=,www.chinatax.gov.cn,G,入口可读，内容未定位,P2,ACCESSIBLE_HTML,200,HTML可读；只有入口级证据,页面字段线索，必填性未验：GET https://www.chinatax.gov.cn/chinatax/n810341/n810825/index.html?title= [searchWord],PUBLIC_ENTRY_TEXT_EXTRACTED,仅入口及最多一篇站内样本；不代表原清单所指核验业务已可用,寻找新闻公告栏目；首页可读不等于业务数据可用,https://www.chinatax.gov.cn/chinatax/n810341/n810825/index.html?title=,https://www.chinatax.gov.cn/chinatax/n810341/n810825/index.html?title=,,未请求,2026-10-09T08:00:19.376366+00:00,experiments/source-accessibility/results/20261009/bodies/189da0976291763ba5e6de7744be696e03b675b5026c6361d1493ba5a99fe73c,"[{""action"": ""https://www.chinatax.gov.cn/chinatax/n810341/n810825/index.html?title="", ""method"": ""GET"", ""fields"": [{""name"": ""searchWord"", ""type"": ""text"", ""hint"": ""请输入关键字""}]}]",[],[]
dd-293,489,税务事项,其他查询,进出口商品税率查询,http://202.127.48.116:18001/static/pages/taxRateQuery.html,202.127.48.116,D,输入/登录型入口,暂缓,SKIP_INPUT,200,表单或登录；业务结果未提交验证,页面字段线索，必填性未验：(无name)；(无name),QUERY_PARAMETERS_REQUIRED,仅入口及最多一篇站内样本；不代表原清单所指核验业务已可用,先明确查询主体与必填项；账号/验证码保留人工入口,http://202.127.48.116:18001/static/pages/taxRateQuery.html,http://202.127.48.116:18001/static/pages/taxRateQuery.html,,未请求,2026-10-09T08:00:19.581034+00:00,experiments/source-accessibility/results/20261009/bodies/facd46302954b2797d483cba8a7b9e379b16ea53ab82af16e79c0e8388cb1d46,[],[],[]
dd-294,490,税务事项,其他查询,出口退税率查询,https://hd.chinatax.gov.cn/nszx2023/cktslcx2023.html,hd.chinatax.gov.cn,D,输入/登录型入口,暂缓,SKIP_INPUT,200,表单或登录；业务结果未提交验证,页面字段线索，必填性未验：(无name)；(无name),QUERY_PARAMETERS_REQUIRED,仅入口及最多一篇站内样本；不代表原清单所指核验业务已可用,先明确查询主体与必填项；账号/验证码保留人工入口,https://hd.chinatax.gov.cn/nszx2023/cktslcx2023.html,https://hd.chinatax.gov.cn/nszx2023/cktslcx2023.html,,未请求,2026-10-09T08:00:19.659097+00:00,experiments/source-accessibility/results/20261009/bodies/12bed5d13c75ee369b4ec68b9e42e28746e5ff79846a5cdec2897750daae93e5,[],[],[]
dd-295,491,税务事项,其他查询,商品和服务税收分类编码表,http://www.chinatax.gov.cn/n810341/n810755/c2978671/content.html,www.chinatax.gov.cn,F,失败/限制，机制未确认,待复查,HTTP_ERROR,404,UNKNOWN：本轮取不到有效内容,未识别；不推断必填参数,HTTP_404,仅入口及最多一篇站内样本；不代表原清单所指核验业务已可用,复核入口迁移与当前环境；不得解释为无相关记录,https://www.chinatax.gov.cn/n810341/n810755/c2978671/content.html,https://www.chinatax.gov.cn/n810341/n810755/c2978671/content.html,,未请求,2026-10-09T08:00:22.715503+00:00,,[],[],[]
dd-296,492,税务事项,其他查询,进出口税目税号查询,http://www.customs.gov.cn/customs/302427/302442/jckszcx/index.html,www.customs.gov.cn,F,失败/限制，机制未确认,待复查,HTTP_ERROR,412,UNKNOWN：本轮取不到有效内容,未识别；不推断必填参数,HTTP_412,仅入口及最多一篇站内样本；不代表原清单所指核验业务已可用,复核入口迁移与当前环境；不得解释为无相关记录,http://www.customs.gov.cn/customs/302427/302442/jckszcx/index.html,http://www.customs.gov.cn/customs/302427/302442/jckszcx/index.html,,未请求,2026-10-09T08:00:19.979426+00:00,,[],[],[]
dd-297,500,资源与环保,自然资源管理,自然资源部数据服务,http://www.mnr.gov.cn/sj/sjfw/,www.mnr.gov.cn,F,失败/限制，机制未确认,待复查,NETWORK_ERROR,,UNKNOWN：本轮取不到有效内容,未识别；不推断必填参数,RemoteDisconnected,仅入口及最多一篇站内样本；不代表原清单所指核验业务已可用,复核入口迁移与当前环境；不得解释为无相关记录,http://www.mnr.gov.cn/sj/sjfw/,http://www.mnr.gov.cn/sj/sjfw/,,未请求,2026-10-09T08:00:20.723195+00:00,,[],[],[]
dd-298,501,资源与环保,自然资源管理,自然资源部行政审批信息公开,https://www.mnr.gov.cn/zt/zh/xzzfgs/,www.mnr.gov.cn,F,失败/限制，机制未确认,待复查,NETWORK_ERROR,,UNKNOWN：本轮取不到有效内容,未识别；不推断必填参数,URLError,仅入口及最多一篇站内样本；不代表原清单所指核验业务已可用,复核入口迁移与当前环境；不得解释为无相关记录,https://www.mnr.gov.cn/zt/zh/xzzfgs/,https://www.mnr.gov.cn/zt/zh/xzzfgs/,,未请求,2026-10-09T08:00:21.057934+00:00,,[],[],[]
dd-299,502,资源与环保,自然资源管理,自然资源确权登记网,https://www.rerc.com.cn/,www.rerc.com.cn,B,静态内容链接，待验详情,P2,ACCESSIBLE_HTML,200,HTML有候选链接；详情正文尚未确认,页面字段线索，必填性未验：GET https://www.rerc.com.cn/search/index.html [word]; GET https://www.rerc.com.cn/search/index.html [word],PUBLIC_ENTRY_TEXT_EXTRACTED；详情=HTTP_ERROR,仅入口及最多一篇站内样本；不代表原清单所指核验业务已可用,限定目标栏目并核对一篇真实正文/附件,https://www.rerc.com.cn/,https://www.rerc.com.cn/,https://www.rerc.com.cn/news/notice/20260707/961.html,未请求,2026-10-09T08:00:21.163120+00:00,experiments/source-accessibility/results/20261009/bodies/15382755505b148747c818f981098ed3d22ca1be601f259f686538552fae10bd,"[{""action"": ""https://www.rerc.com.cn/search/index.html"", ""method"": ""GET"", ""fields"": [{""name"": ""word"", ""type"": ""text"", ""hint"": ""请输入关键字查询""}]}, {""action"": ""https://www.rerc.com.cn/search/index.html"", ""method"": ""GET"", ""fields"": [{""name"": ""word"", ""type"": ""text"", ""hint"": ""请输入关键词""}]}]",[],[]
dd-300,508,资源与环保,土地,中国土地市场网,https://www.landchina.com/#/,www.landchina.com,E,动态页/API/iframe待适配,P2,JS_SHELL,200,JS模板/iframe/API；不得把导航文本当数据,未识别；不推断必填参数,JS_OR_IFRAME_REQUIRED,仅入口及最多一篇站内样本；不代表原清单所指核验业务已可用,检查业务JS与网络请求，优先公开API而非浏览器,https://www.landchina.com/,https://www.landchina.com/,,未请求,2026-10-09T08:00:21.167272+00:00,experiments/source-accessibility/results/20261009/bodies/943f54e1d1d1f12bc9c8e033d54b8b759ebebc8f318d8800ebf49f8f897c7a73,[],[],[]
dd-301,509,资源与环保,土地,全国征地信息共享平台,http://z.mnr.gov.cn/,z.mnr.gov.cn,F,失败/限制，机制未确认,待复查,NETWORK_ERROR,,UNKNOWN：本轮取不到有效内容,未识别；不推断必填参数,RemoteDisconnected,仅入口及最多一篇站内样本；不代表原清单所指核验业务已可用,复核入口迁移与当前环境；不得解释为无相关记录,http://z.mnr.gov.cn/,http://z.mnr.gov.cn/,,未请求,2026-10-09T08:00:21.235667+00:00,,[],[],[]
dd-302,510,资源与环保,土地,全国土地估价监管系统,http://tdgj.mnr.gov.cn/,tdgj.mnr.gov.cn,F,失败/限制，机制未确认,待复查,NETWORK_ERROR,,UNKNOWN：本轮取不到有效内容,未识别；不推断必填参数,RemoteDisconnected,仅入口及最多一篇站内样本；不代表原清单所指核验业务已可用,复核入口迁移与当前环境；不得解释为无相关记录,http://tdgj.mnr.gov.cn/,http://tdgj.mnr.gov.cn/,,未请求,2026-10-09T08:00:22.972858+00:00,,[],[],[]
dd-303,511,资源与环保,土地,土地估价行业信息公示系统,http://gujia.mnr.gov.cn/JGPublish/Publish/Index,gujia.mnr.gov.cn,F,失败/限制，机制未确认,待复查,NETWORK_ERROR,,UNKNOWN：本轮取不到有效内容,未识别；不推断必填参数,RemoteDisconnected,仅入口及最多一篇站内样本；不代表原清单所指核验业务已可用,复核入口迁移与当前环境；不得解释为无相关记录,http://gujia.mnr.gov.cn/JGPublish/Publish/Index,http://gujia.mnr.gov.cn/JGPublish/Publish/Index,,未请求,2026-10-09T08:00:22.986531+00:00,,[],[],[]
dd-304,512,资源与环保,土地,全国主要城市地价监测报告,http://www.mnr.gov.cn/sj/sjfw/td_19262/djjcbg/,www.mnr.gov.cn,F,失败/限制，机制未确认,待复查,NETWORK_ERROR,,UNKNOWN：本轮取不到有效内容,未识别；不推断必填参数,RemoteDisconnected,仅入口及最多一篇站内样本；不代表原清单所指核验业务已可用,复核入口迁移与当前环境；不得解释为无相关记录,http://www.mnr.gov.cn/sj/sjfw/td_19262/djjcbg/,http://www.mnr.gov.cn/sj/sjfw/td_19262/djjcbg/,,未请求,2026-10-09T08:00:23.589796+00:00,,[],[],[]
dd-305,513,资源与环保,土地,土地利用现状分类,http://c.gb688.cn/bzgk/gb/showGb?type=online&hcno=224BF9DA69F053DA22AC758AAAADEEAA,c.gb688.cn,G,入口可读，内容未定位,P2,ACCESSIBLE_HTML,200,HTML可读；只有入口级证据,未识别；不推断必填参数,PUBLIC_ENTRY_TEXT_EXTRACTED,仅入口及最多一篇站内样本；不代表原清单所指核验业务已可用,寻找新闻公告栏目；首页可读不等于业务数据可用,https://openstd.samr.gov.cn/bzgk/std/newGbInfo?hcno=224BF9DA69F053DA22AC758AAAADEEAA&refer=outter,https://openstd.samr.gov.cn/bzgk/std/newGbInfo?hcno=224BF9DA69F053DA22AC758AAAADEEAA&refer=outter,,未请求,2026-10-09T08:00:24.112686+00:00,experiments/source-accessibility/results/20261009/bodies/131e8e775e90a6b9be7a8008adaf4189451f9ec11530404b0c2a870585db8e38,[],[],[]
dd-306,519,资源与环保,矿产,矿业权市场,http://ky.mnr.gov.cn/,ky.mnr.gov.cn,F,失败/限制，机制未确认,待复查,NETWORK_ERROR,,UNKNOWN：本轮取不到有效内容,未识别；不推断必填参数,RemoteDisconnected,仅入口及最多一篇站内样本；不代表原清单所指核验业务已可用,复核入口迁移与当前环境；不得解释为无相关记录,http://ky.mnr.gov.cn/,http://ky.mnr.gov.cn/,,未请求,2026-10-09T08:00:24.534980+00:00,,[],[],[]
dd-307,520,资源与环保,矿产,全国矿业权人勘查开采信息公示系统,http://kyqgs.mnr.gov.cn/,kyqgs.mnr.gov.cn,F,失败/限制，机制未确认,待复查,NETWORK_ERROR,,UNKNOWN：本轮取不到有效内容,未识别；不推断必填参数,RemoteDisconnected,仅入口及最多一篇站内样本；不代表原清单所指核验业务已可用,复核入口迁移与当前环境；不得解释为无相关记录,http://kyqgs.mnr.gov.cn/,http://kyqgs.mnr.gov.cn/,,未请求,2026-10-09T08:00:24.536503+00:00,,[],[],[]
dd-308,521,资源与环保,矿产,全球地质矿产信息系统,http://geoglobal.mnr.gov.cn/,geoglobal.mnr.gov.cn,F,失败/限制，机制未确认,待复查,NETWORK_ERROR,,UNKNOWN：本轮取不到有效内容,未识别；不推断必填参数,RemoteDisconnected,仅入口及最多一篇站内样本；不代表原清单所指核验业务已可用,复核入口迁移与当前环境；不得解释为无相关记录,http://geoglobal.mnr.gov.cn/,http://geoglobal.mnr.gov.cn/,,未请求,2026-10-09T08:00:24.874102+00:00,,[],[],[]
dd-309,522,资源与环保,矿产,全国地质资料馆,http://www.ngac.cn/125cms/c/qggnew/index.htm,www.ngac.cn,E,动态页/API/iframe待适配,P2,ACCESSIBLE_HTML,200,JS模板/iframe/API；不得把导航文本当数据,页面字段线索，必填性未验：GET https://www.ngac.cn/125cms/c/qggnew/index.htm [keyword],PUBLIC_ENTRY_TEXT_EXTRACTED,仅入口及最多一篇站内样本；不代表原清单所指核验业务已可用,检查业务JS与网络请求，优先公开API而非浏览器,https://www.ngac.cn/125cms/c/qggnew/index.htm,https://www.ngac.cn/125cms/c/qggnew/index.htm,,未请求,2026-10-09T08:00:24.952236+00:00,,"[{""action"": ""https://www.ngac.cn/125cms/c/qggnew/index.htm"", ""method"": ""GET"", ""fields"": [{""name"": ""keyword"", ""type"": ""text"", ""hint"": ""请输入关键词""}]}]","[""https://www.ngac.cn/dzzlfw_sjgl/admin_json/core/user/getMyInfoAndRole.do?time="", ""https://www.ngac.cn/dzzlfw_sjgl/br/download/downloadMange.do"", ""https://www.ngac.cn/dzzlfw_sjgl/admin/core/comment/list.do"", ""https://www.ngac.cn/cas_wz/blank/core/user/detail_blank.do"", ""https://www.ngac.cn/cas_wz/blank/core/user/register.do"", ""https://www.ngac.cn/ord-qgg/rest/open/microService.do?serviceCode="", ""https://www.ngac.cn/mall-wz/rest/open/microService.do?serviceCode=GET_ACCUMULATION_POINT&params="", ""https://www.ngac.cn/ord-qgg/rest/bpm/ord/getItemsCountInCart.do?loginId="", ""https://www.ngac.cn/dlm_wz/admin_blank/core/file/toView.do?id=2098a9f3ff953e4d85725eeeae1b5ad0"", ""https://www.ngac.cn/125cms/ssoLogin.do"", ""https://www.ngac.cn/125cms/ssoLogin.do?sso_backurl="", ""https://www.ngac.cn/dzzlfw_sjgl/admin_json/core/user/exit.do""]","[""https://www.ngac.cn/125cms/c/qggnew/index.htm"", ""https://www.ngac.cn/125cms/c/qggnew/index.htm""]"
dd-310,523,资源与环保,矿产,全国矿产地数据库,http://geochina.cgs.gov.cn/article/doi/10.12029/gc2019Z201,geochina.cgs.gov.cn,E,动态页/API/iframe待适配,P2,ACCESSIBLE_HTML,200,JS模板/iframe/API；不得把导航文本当数据,"页面字段线索，必填性未验：POST http://geochina.cgs.gov.cn/cn/search [(无name), q]; POST http://geochina.cgs.gov.cn/search [searchField, q]",PUBLIC_ENTRY_TEXT_EXTRACTED,仅入口及最多一篇站内样本；不代表原清单所指核验业务已可用,检查业务JS与网络请求，优先公开API而非浏览器,http://geochina.cgs.gov.cn/article/doi/10.12029/gc2019Z201,http://geochina.cgs.gov.cn/article/doi/10.12029/gc2019Z201,,未请求,2026-10-09T08:00:26.278352+00:00,experiments/source-accessibility/results/20261009/bodies/cc44c97d8b8655a565a5dfdb98cd3696c577fed4c86b6efc031e8ce676790d21,"[{""action"": ""http://geochina.cgs.gov.cn/cn/search"", ""method"": ""POST"", ""fields"": [{""name"": """", ""type"": ""select"", ""hint"": """"}, {""name"": ""q"", ""type"": ""text"", ""hint"": ""请输入检索词""}]}, {""action"": ""http://geochina.cgs.gov.cn/search"", ""method"": ""POST"", ""fields"": [{""name"": ""searchField"", ""type"": ""select"", ""hint"": """"}, {""name"": ""q"", ""type"": ""text"", ""hint"": ""请输入搜索内容""}]}]","[""http://www.wanfangdata.com.cn/search/searchList.do?searchType=all&showType=&pageSize=&searchWord=%7B%7Bauthor.authorNameCn%7D%7D&isTriggerTag=""]",[]
dd-311,524,资源与环保,矿产,地质云,https://geocloud.cgs.gov.cn/,geocloud.cgs.gov.cn,F,失败/限制，机制未确认,待复查,NETWORK_ERROR,,UNKNOWN：本轮取不到有效内容,未识别；不推断必填参数,URLError,仅入口及最多一篇站内样本；不代表原清单所指核验业务已可用,复核入口迁移与当前环境；不得解释为无相关记录,https://geocloud.cgs.gov.cn/,https://geocloud.cgs.gov.cn/,,未请求,2026-10-09T08:00:26.283687+00:00,,[],[],[]
dd-312,525,资源与环保,矿产,境外矿产资源开发备案,http://kczy.mofcom.gov.cn/,kczy.mofcom.gov.cn,G,入口可读，内容未定位,P2,ACCESSIBLE_HTML,200,HTML可读；只有入口级证据,未识别；不推断必填参数,PUBLIC_ENTRY_TEXT_EXTRACTED,仅入口及最多一篇站内样本；不代表原清单所指核验业务已可用,寻找新闻公告栏目；首页可读不等于业务数据可用,http://kczy.mofcom.gov.cn/,http://kczy.mofcom.gov.cn/,,未请求,2026-10-09T08:00:26.327271+00:00,experiments/source-accessibility/results/20261009/bodies/1061f9b383355ec24b5e6deca3dcd93f95ddd47fb6ca666553ce16acf5317d6c,[],[],[]
dd-313,531,资源与环保,林业和草原,林木种子生产经营许可证查询,https://ydbg.forestry.gov.cn/adminapproval/,ydbg.forestry.gov.cn,E,动态页/API/iframe待适配,P2,ACCESSIBLE_HTML,200,JS模板/iframe/API；不得把导航文本当数据,未识别；不推断必填参数,PUBLIC_ENTRY_TEXT_EXTRACTED,仅入口及最多一篇站内样本；不代表原清单所指核验业务已可用,检查业务JS与网络请求，优先公开API而非浏览器,https://ydbg.forestry.gov.cn/adminapproval/,https://ydbg.forestry.gov.cn/adminapproval/,,未请求,2026-10-09T08:00:26.397370+00:00,experiments/source-accessibility/results/20261009/bodies/2d94579614aa3e6c4309a6fc1737c70f9ddfc9d03a5262f4b9437d4193f57b32,[],[],"[""https://ydbg.forestry.gov.cn/adminapproval/ctrl/notLoggedInNew/main""]"
dd-314,532,资源与环保,林业和草原,林木业和草原行政许可查询,https://ydbg.forestry.gov.cn/adminapproval/,ydbg.forestry.gov.cn,E,动态页/API/iframe待适配,P2,ACCESSIBLE_HTML,200,JS模板/iframe/API；不得把导航文本当数据,未识别；不推断必填参数,PUBLIC_ENTRY_TEXT_EXTRACTED,仅入口及最多一篇站内样本；不代表原清单所指核验业务已可用,检查业务JS与网络请求，优先公开API而非浏览器,https://ydbg.forestry.gov.cn/adminapproval/,https://ydbg.forestry.gov.cn/adminapproval/,,未请求,2026-10-09T08:00:26.397370+00:00,experiments/source-accessibility/results/20261009/bodies/2d94579614aa3e6c4309a6fc1737c70f9ddfc9d03a5262f4b9437d4193f57b32,[],[],"[""https://ydbg.forestry.gov.cn/adminapproval/ctrl/notLoggedInNew/main""]"
dd-315,533,资源与环保,林业和草原,珍稀动物查询,https://endangeredanimal.foodmate.net/index?type=1&cid=49,endangeredanimal.foodmate.net,G,入口可读，内容未定位,P2,ACCESSIBLE_HTML,200,HTML可读；只有入口级证据,页面字段线索，必填性未验：POST https://endangeredanimal.foodmate.net/index?type=1&cid=49 [key],PUBLIC_ENTRY_TEXT_EXTRACTED,仅入口及最多一篇站内样本；不代表原清单所指核验业务已可用,寻找新闻公告栏目；首页可读不等于业务数据可用,https://endangeredanimal.foodmate.net/index?type=1&cid=49,https://endangeredanimal.foodmate.net/index?type=1&cid=49,,未请求,2026-10-09T08:00:26.767526+00:00,experiments/source-accessibility/results/20261009/bodies/b7bf7a8493d8ebe650a8e934b70c2db368ed7b7a5a2492e92a1824d98acb9674,"[{""action"": ""https://endangeredanimal.foodmate.net/index?type=1&cid=49"", ""method"": ""POST"", ""fields"": [{""name"": ""key"", ""type"": ""text"", ""hint"": ""请输入关键词""}]}]",[],[]
dd-316,534,资源与环保,林业和草原,林业和草原局行政许可查询,https://ydbg.forestry.gov.cn/adminapproval/,ydbg.forestry.gov.cn,E,动态页/API/iframe待适配,P2,ACCESSIBLE_HTML,200,JS模板/iframe/API；不得把导航文本当数据,未识别；不推断必填参数,PUBLIC_ENTRY_TEXT_EXTRACTED,仅入口及最多一篇站内样本；不代表原清单所指核验业务已可用,检查业务JS与网络请求，优先公开API而非浏览器,https://ydbg.forestry.gov.cn/adminapproval/,https://ydbg.forestry.gov.cn/adminapproval/,,未请求,2026-10-09T08:00:26.397370+00:00,experiments/source-accessibility/results/20261009/bodies/2d94579614aa3e6c4309a6fc1737c70f9ddfc9d03a5262f4b9437d4193f57b32,[],[],"[""https://ydbg.forestry.gov.cn/adminapproval/ctrl/notLoggedInNew/main""]"
dd-317,540,资源与环保,地方自然资源局,北京,http://ghzrzyw.beijing.gov.cn/,ghzrzyw.beijing.gov.cn,E,动态页/API/iframe待适配,P2,ACCESSIBLE_HTML,200,JS模板/iframe/API；不得把导航文本当数据,页面字段线索，必填性未验：GET https://ghzrzyw.beijing.gov.cn/so/s [qt],PUBLIC_ENTRY_TEXT_EXTRACTED；详情=ACCESSIBLE_HTML,仅入口及最多一篇站内样本；不代表原清单所指核验业务已可用,检查业务JS与网络请求，优先公开API而非浏览器,https://ghzrzyw.beijing.gov.cn/,https://ghzrzyw.beijing.gov.cn/,https://ghzrzyw.beijing.gov.cn/zhengwuxinxi/zcwj/gfxwj/202609/t20260928_4883198.html,未请求,2026-10-09T08:00:26.950336+00:00,experiments/source-accessibility/results/20261009/bodies/c803d62fbf072965dcd52dfda76f655714948c3a234e50571df3aae26001b76b,"[{""action"": ""https://ghzrzyw.beijing.gov.cn/so/s"", ""method"": ""GET"", ""fields"": [{""name"": ""qt"", ""type"": ""text"", ""hint"": ""请输入关键词""}]}]",[],"[""https://yewu.ghzrzyw.beijing.gov.cn/gwxxfb/portal/ghlgs2.html"", ""https://ghzrzyw.beijing.gov.cn/zhandianxinxi/footer/index.html"", ""https://ghzrzyw.beijing.gov.cn/zhandianxinxi/mNav/index.html""]"
dd-318,541,资源与环保,地方自然资源局,天津,http://ghhzrzy.tj.gov.cn/,ghhzrzy.tj.gov.cn,B,静态内容链接，待验详情,P2,ACCESSIBLE_HTML,200,HTML有候选链接；详情正文尚未确认,页面字段线索，必填性未验：请输入关键字,PUBLIC_ENTRY_TEXT_EXTRACTED；详情=ACCESSIBLE_HTML,仅入口及最多一篇站内样本；不代表原清单所指核验业务已可用,限定目标栏目并核对一篇真实正文/附件,https://ghhzrzy.tj.gov.cn/,https://ghhzrzy.tj.gov.cn/,https://ghhzrzy.tj.gov.cn/sy_143/xydt/202609/t20260928_7383799.html,未请求,2026-10-09T08:00:27.059940+00:00,experiments/source-accessibility/results/20261009/bodies/409228e597babb3899b852ee2368f563d5f0cdda9080616e0923c1dc4ce3867a,[],"[""https://www.tj.gov.cn/sy/jrgz/opendata_21031.json"", ""https://www.tj.gov.cn/sy/tjxw/opendata_11913.json""]",[]
dd-319,542,资源与环保,地方自然资源局,河北,http://zrzy.hebei.gov.cn/,zrzy.hebei.gov.cn,E,动态页/API/iframe待适配,P2,ACCESSIBLE_HTML,200,JS模板/iframe/API；不得把导航文本当数据,页面字段线索，必填性未验：POST https://zrzy.hebei.gov.cn/cms/www/search/fullText/101603153981093s100.do [full_text_eq],PUBLIC_ENTRY_TEXT_EXTRACTED；详情=ACCESSIBLE_HTML,仅入口及最多一篇站内样本；不代表原清单所指核验业务已可用,检查业务JS与网络请求，优先公开API而非浏览器,https://zrzy.hebei.gov.cn/,https://zrzy.hebei.gov.cn/,https://zrzy.hebei.gov.cn/heb/gongk/gkml/gggs/gongshi/gggs/201302691137392631808.html,未请求,2026-10-09T08:00:27.426075+00:00,experiments/source-accessibility/results/20261009/bodies/51fdd4f75177f9752231234ef2977e7fb9ce7310a1fb12ba680aee0b1343d2c3,"[{""action"": ""https://zrzy.hebei.gov.cn/cms/www/search/fullText/101603153981093s100.do"", ""method"": ""POST"", ""fields"": [{""name"": ""full_text_eq"", ""type"": ""text"", ""hint"": """"}]}]","[""https://zrzy.hebei.gov.cn/cms/www/stat/index.do?scr="", ""https://zrzy.hebei.gov.cn/cms/www/stat/get_index.do?site_id=100""]","[""https://zrzy.hebei.gov.cn/YuBaoCol/Carousel""]"
dd-320,543,资源与环保,地方自然资源局,山西,http://zrzyt.shanxi.gov.cn/,zrzyt.shanxi.gov.cn,A,静态正文或名单样本,P1,ACCESSIBLE_HTML,200,无需主体输入的HTML/PDF内容样本,页面字段线索，必填性未验：GET http://zrzyt.shanxi.gov.cn/ [searchText],PUBLIC_ENTRY_TEXT_EXTRACTED；详情=ACCESSIBLE_HTML；正文容器=#UCAP-CONTENT；自动识别的正文样本，语义准确性待逐源核对,仅入口及最多一篇站内样本；不代表原清单所指核验业务已可用,选定业务栏目，补分页/增量/正文准确性验收,http://zrzyt.shanxi.gov.cn/,http://zrzyt.shanxi.gov.cn/xw/chnl399/202610/t20261008_10230954.shtml,http://zrzyt.shanxi.gov.cn/xw/chnl399/202610/t20261008_10230954.shtml,未请求,2026-10-09T08:00:27.833767+00:00,experiments/source-accessibility/results/20261009/bodies/dcdea1dc095812318921f378a31b5423cfed1813a5aa23e6a0c0273a37ebc450,"[{""action"": ""http://zrzyt.shanxi.gov.cn/"", ""method"": ""GET"", ""fields"": [{""name"": ""searchText"", ""type"": ""text"", ""hint"": """"}]}]","[""http://zrzyt.shanxi.gov.cn/IGI/nbhd/openGovmsgbox.do""]",[]
dd-321,544,资源与环保,地方自然资源局,内蒙古,http://zrzy.nmg.gov.cn/,zrzy.nmg.gov.cn,E,动态页/API/iframe待适配,P2,ACCESSIBLE_HTML,200,JS模板/iframe/API；不得把导航文本当数据,页面字段线索，必填性未验：content,PUBLIC_ENTRY_TEXT_EXTRACTED；详情=ACCESSIBLE_HTML,仅入口及最多一篇站内样本；不代表原清单所指核验业务已可用,检查业务JS与网络请求，优先公开API而非浏览器,https://zrzy.nmg.gov.cn/,https://zrzy.nmg.gov.cn/,https://zrzy.nmg.gov.cn/xwdt/ywfb/202608/t20260819_2942504.html,未请求,2026-10-09T08:00:27.878457+00:00,experiments/source-accessibility/results/20261009/bodies/9c87777f60da49847f9db2e54406b79826216c49388617f1a9d23e29d2639a56,[],[],"[""https://zwfw.nmg.gov.cn/out/org_window?orgCode=11150000MB1910436X"", ""https://agent.dingtalk.com/copilot?code=RKamDPDgFI""]"
dd-322,545,资源与环保,地方自然资源局,辽宁,http://zrzy.ln.gov.cn/,zrzy.ln.gov.cn,B,静态内容链接，待验详情,P2,ACCESSIBLE_HTML,200,HTML有候选链接；详情正文尚未确认,页面字段线索，必填性未验：GET https://zrzy.ln.gov.cn/search/pcRender [q]; GET https://zrzy.ln.gov.cn/search/pcRender [q],PUBLIC_ENTRY_TEXT_EXTRACTED；详情=ACCESSIBLE_HTML,仅入口及最多一篇站内样本；不代表原清单所指核验业务已可用,限定目标栏目并核对一篇真实正文/附件,https://zrzy.ln.gov.cn/,https://zrzy.ln.gov.cn/,https://zrzy.ln.gov.cn/zrzy/zfgkzdgz/-tdgy--zfhy--spjg--zcps--jytabljggk/2026092109254948431/index.shtml,未请求,2026-10-09T08:00:28.304431+00:00,experiments/source-accessibility/results/20261009/bodies/3012ee0482666bcc9628e75f1e75905995b4cf5b4e37832973906552b5fe4340,"[{""action"": ""https://zrzy.ln.gov.cn/search/pcRender"", ""method"": ""GET"", ""fields"": [{""name"": ""q"", ""type"": ""text"", ""hint"": ""站内搜索""}]}, {""action"": ""https://zrzy.ln.gov.cn/search/pcRender"", ""method"": ""GET"", ""fields"": [{""name"": ""q"", ""type"": ""text"", ""hint"": ""请输入搜索内容""}]}]",[],[]
dd-323,546,资源与环保,地方自然资源局,吉林,http://zrzy.jl.gov.cn/,zrzy.jl.gov.cn,A,静态正文或名单样本,P1,ACCESSIBLE_HTML,200,无需主体输入的HTML/PDF内容样本,页面字段线索，必填性未验：GET https://was.jl.gov.cn/was5/web/search [searchword],PUBLIC_ENTRY_TEXT_EXTRACTED；详情=ACCESSIBLE_HTML；正文容器=.TRS_Editor；自动识别的正文样本，语义准确性待逐源核对,仅入口及最多一篇站内样本；不代表原清单所指核验业务已可用,选定业务栏目，补分页/增量/正文准确性验收,https://zrzy.jl.gov.cn/,https://zrzy.jl.gov.cn/zwgk/tzgg/202610/t20261008_9726861.html,https://zrzy.jl.gov.cn/zwgk/tzgg/202610/t20261008_9726861.html,未请求,2026-10-09T08:00:30.392313+00:00,experiments/source-accessibility/results/20261009/bodies/8452a88429e09abd7ee7fb2d235260cf00c9936f86f1d9b84224da538b821950,"[{""action"": ""https://was.jl.gov.cn/was5/web/search"", ""method"": ""GET"", ""fields"": [{""name"": ""searchword"", ""type"": ""text"", ""hint"": """"}]}]",[],"[""https://user.jl.gov.cn/v1/apigw/none/user/authentication/checklogin?appId=575ecd1d2d70450ea4c5a6b468c50c7f&version=1.0.0&format=json&charset=utf-8&timestamp=2019-08-10+16%3A46%3A13&backUrl=https%3A%2F%2Fzrzy.jl.gov.cn%2Fkzgn%2Fdl%2F""]"
dd-324,547,资源与环保,地方自然资源局,黑龙江,http://zrzyt.hlj.gov.cn/,zrzyt.hlj.gov.cn,A,静态正文或名单样本,P1,ACCESSIBLE_HTML,200,无需主体输入的HTML/PDF内容样本,页面字段线索，必填性未验：请输入您搜索的内容,PUBLIC_ENTRY_TEXT_EXTRACTED；详情=ACCESSIBLE_HTML；正文容器=.article_content；自动识别的正文样本，语义准确性待逐源核对,仅入口及最多一篇站内样本；不代表原清单所指核验业务已可用,选定业务栏目，补分页/增量/正文准确性验收,https://zrzyt.hlj.gov.cn/,https://zrzyt.hlj.gov.cn/zrzyt/c112206/202608/c00_31968789.shtml,https://zrzyt.hlj.gov.cn/zrzyt/c112206/202608/c00_31968789.shtml,未请求,2026-10-09T08:00:30.816316+00:00,experiments/source-accessibility/results/20261009/bodies/aa701a6b3d23ff1f9bc4037a2251560ca422d697b72daf8a2566912db21c2323,[],[],[]
dd-325,548,资源与环保,地方自然资源局,上海,http://ghzyj.sh.gov.cn/,ghzyj.sh.gov.cn,E,动态页/API/iframe待适配,P2,ACCESSIBLE_HTML,200,JS模板/iframe/API；不得把导航文本当数据,未识别；不推断必填参数,PUBLIC_ENTRY_TEXT_EXTRACTED；详情=ACCESSIBLE_HTML,仅入口及最多一篇站内样本；不代表原清单所指核验业务已可用,检查业务JS与网络请求，优先公开API而非浏览器,https://ghzyj.sh.gov.cn/,https://ghzyj.sh.gov.cn/,https://ghzyj.sh.gov.cn/tpxw/20260930/336acd12aa094e119a3aef0e66e8e6e9.html,未请求,2026-10-09T08:00:30.897045+00:00,experiments/source-accessibility/results/20261009/bodies/680fbebd28026b400d56d17137500ed34027a824d5e0179f7416b080b44ea9c2,[],[],"[""https://hd.ghzyj.sh.gov.cn/iframe/zxxxgk2021/""]"
dd-326,549,资源与环保,地方自然资源局,江苏,http://zrzy.jiangsu.gov.cn/,zrzy.jiangsu.gov.cn,A,静态正文或名单样本,P1,ACCESSIBLE_HTML,200,无需主体输入的HTML/PDF内容样本,"页面字段线索，必填性未验：POST http://zrzy.jiangsu.gov.cn/gtxxgk/nrglIndex.action?classID=8a908254409a391f01409a4b28500008 [searchColumn, title]",PUBLIC_ENTRY_TEXT_EXTRACTED；详情=ACCESSIBLE_HTML；正文容器=#fontzoom；自动识别的正文样本，语义准确性待逐源核对,仅入口及最多一篇站内样本；不代表原清单所指核验业务已可用,选定业务栏目，补分页/增量/正文准确性验收,http://zrzy.jiangsu.gov.cn/,http://zrzy.jiangsu.gov.cn/xwzx/xwbb/2026/10/09092344183605.html,http://zrzy.jiangsu.gov.cn/xwzx/xwbb/2026/10/09092344183605.html,未请求,2026-10-09T08:00:30.862716+00:00,experiments/source-accessibility/results/20261009/bodies/7365f965043e8a595684379445074906132aa7896713d1e2cde0a781425855e4,"[{""action"": ""http://zrzy.jiangsu.gov.cn/gtxxgk/nrglIndex.action?classID=8a908254409a391f01409a4b28500008"", ""method"": ""POST"", ""fields"": [{""name"": ""searchColumn"", ""type"": ""select"", ""hint"": """"}, {""name"": ""title"", ""type"": ""input"", ""hint"": """"}]}]",[],"[""http://zrzy.jiangsu.gov.cn/ck496/tytb/index.html"", ""http://zrzy.jiangsu.gov.cn/ck496/zgzfwxx/index.html"", ""http://zrzy.jiangsu.gov.cn/templateFile/zxxxgk/temp.html"", ""http://zrzy.jiangsu.gov.cn/gtxxgk/nrglIndex.action?catalogID=8a90825440c40b420140c41d5c270089&type=1"", ""http://zrzy.jiangsu.gov.cn/gtzwdt/jggsindexListnew.action""]"
dd-327,550,资源与环保,地方自然资源局,浙江,http://zrzyt.zj.gov.cn/,zrzyt.zj.gov.cn,A,静态正文或名单样本,P1,ACCESSIBLE_HTML,200,无需主体输入的HTML/PDF内容样本,页面字段线索，必填性未验：(无name)；(无name),PUBLIC_ENTRY_TEXT_EXTRACTED；详情=ACCESSIBLE_HTML；正文容器=#zoom；自动识别的正文样本，语义准确性待逐源核对,仅入口及最多一篇站内样本；不代表原清单所指核验业务已可用,选定业务栏目，补分页/增量/正文准确性验收,https://zrzyt.zj.gov.cn/,https://zrzyt.zj.gov.cn/art/2025/10/13/art_1229101716_2575686.html,https://zrzyt.zj.gov.cn/art/2025/10/13/art_1229101716_2575686.html,未请求,2026-10-09T08:00:31.900834+00:00,experiments/source-accessibility/results/20261009/bodies/bec0d7cee183f272234ca471258d87c4b9ec472e35f0f64b2f353ba5f2dedb40,[],[],[]
dd-328,551,资源与环保,地方自然资源局,安徽,http://zrzyt.ah.gov.cn/,zrzyt.ah.gov.cn,B,静态内容链接，待验详情,P2,ACCESSIBLE_HTML,200,HTML有候选链接；详情正文尚未确认,页面字段线索，必填性未验：GET https://zrzyt.ah.gov.cn/site/search/49631951 [keywords],PUBLIC_ENTRY_TEXT_EXTRACTED；详情=ACCESSIBLE_HTML,仅入口及最多一篇站内样本；不代表原清单所指核验业务已可用,限定目标栏目并核对一篇真实正文/附件,https://zrzyt.ah.gov.cn/,https://zrzyt.ah.gov.cn/,https://zrzyt.ah.gov.cn/xwdt/tpxw/150597451.html,未请求,2026-10-09T08:00:31.954367+00:00,experiments/source-accessibility/results/20261009/bodies/0bd70b7f2087a260743e680027467edbd4d937f9f7792264b8a205b68d141eec,"[{""action"": ""https://zrzyt.ah.gov.cn/site/search/49631951"", ""method"": ""GET"", ""fields"": [{""name"": ""keywords"", ""type"": ""text"", ""hint"": ""请输入需要查询的关键词""}]}]",[],[]
dd-329,552,资源与环保,地方自然资源局,福建,http://zrzyt.fujian.gov.cn/,zrzyt.fujian.gov.cn,A,静态正文或名单样本,P1,ACCESSIBLE_HTML,200,无需主体输入的HTML/PDF内容样本,"页面字段线索，必填性未验：GET http://zrzyt.fujian.gov.cn/ssp/main/index.html [key]; GET http://zrzyt.fujian.gov.cn/ssp/main/index.html [(无name), key]; GET http://zrzyt.fujian.gov.cn/ssp/main/index.html [(无name), key]","PUBLIC_ENTRY_TEXT_EXTRACTED；详情=ACCESSIBLE_HTML；正文容器=.TRS_Editor,.article_content；自动识别的正文样本，语义准确性待逐源核对",仅入口及最多一篇站内样本；不代表原清单所指核验业务已可用,选定业务栏目，补分页/增量/正文准确性验收,http://zrzyt.fujian.gov.cn/,http://zrzyt.fujian.gov.cn/zwgk/zfxxgkzl/zfxxgkml/qtyzdgkxx/202609/t20260930_7220873.htm,http://zrzyt.fujian.gov.cn/zwgk/zfxxgkzl/zfxxgkml/qtyzdgkxx/202609/t20260930_7220873.htm,未请求,2026-10-09T08:00:32.179235+00:00,experiments/source-accessibility/results/20261009/bodies/c5ed192d1ade6dc2fc3d2c4654938f718c51293c20579ea858da5f18563fcb20,"[{""action"": ""http://zrzyt.fujian.gov.cn/ssp/main/index.html"", ""method"": ""GET"", ""fields"": [{""name"": ""key"", ""type"": ""text"", ""hint"": ""请输入搜索内容""}]}, {""action"": ""http://zrzyt.fujian.gov.cn/ssp/main/index.html"", ""method"": ""GET"", ""fields"": [{""name"": """", ""type"": ""text"", ""hint"": """"}, {""name"": ""key"", ""type"": ""text"", ""hint"": ""请输入您要搜索的内容""}]}, {""action"": ""http://zrzyt.fujian.gov.cn/ssp/main/index.html"", ""method"": ""GET"", ""fields"": [{""name"": """", ""type"": ""text"", ""hint"": """"}, {""name"": ""key"", ""type"": ""text"", ""hint"": """"}]}]","[""http://zrzyt.fujian.gov.cn/smartSearch/interface/word/list.do"", ""http://zrzyt.fujian.gov.cn/ssp/search/api/word?time="", ""http://zrzyt.fujian.gov.cn/staticitp/zrzyt/817818819/1.json?r=""]",[]
dd-330,553,资源与环保,地方自然资源局,江西,http://bnr.jiangxi.gov.cn/,bnr.jiangxi.gov.cn,E,动态页/API/iframe待适配,P2,ACCESSIBLE_HTML,200,JS模板/iframe/API；不得把导航文本当数据,未识别；不推断必填参数,PUBLIC_ENTRY_TEXT_EXTRACTED,仅入口及最多一篇站内样本；不代表原清单所指核验业务已可用,检查业务JS与网络请求，优先公开API而非浏览器,http://bnr.jiangxi.gov.cn/,http://bnr.jiangxi.gov.cn/,,未请求,2026-10-09T08:00:32.788193+00:00,experiments/source-accessibility/results/20261009/bodies/0d6f860b533dc0f8ebc29d9bf10f8e5c28b2123658e8e1cddc4b621cee34c318,[],"[""http://bnr.jiangxi.gov.cn/jxszrzyt/sytt/relation/2097151958999183360-RelationArticle.json"", ""http://bnr.jiangxi.gov.cn/jxszrzyt/sytt/relation/2092066965137203200-RelationArticle.json"", ""http://bnr.jiangxi.gov.cn/jxszrzyt/sytt/relation/2086715680368173056-RelationArticle.json"", ""http://bnr.jiangxi.gov.cn/jxszrzyt/sytt/relation/2072509447023534080-RelationArticle.json"", ""http://bnr.jiangxi.gov.cn/jxszrzyt/sytt/relation/2069677088574185472-RelationArticle.json"", ""http://bnr.jiangxi.gov.cn/jxszrzyt/sytt/relation/2061712091730456576-RelationArticle.json"", ""http://bnr.jiangxi.gov.cn/jxszrzyt/sytt/relation/2049667555735375872-RelationArticle.json"", ""http://bnr.jiangxi.gov.cn/jxszrzyt/sytt/relation/2027575406374162432-RelationArticle.json"", ""http://bnr.jiangxi.gov.cn/jxszrzyt/sytt/relation/2011257968885690368-RelationArticle.json"", ""http://bnr.jiangxi.gov.cn/jxszrzyt/sytt/relation/2006178109342093312-RelationArticle.json"", ""http://bnr.jiangxi.gov.cn/jxszrzyt/sytt/relation/2000762782554787840-RelationArticle.json"", ""http://bnr.jiangxi.gov.cn/jxszrzyt/sytt/relation/1996048981460783104-RelationArticle.json""]",[]
dd-331,554,资源与环保,地方自然资源局,山东,http://dnr.shandong.gov.cn/,dnr.shandong.gov.cn,B,静态内容链接，待验详情,P2,ACCESSIBLE_HTML,200,HTML有候选链接；详情正文尚未确认,页面字段线索，必填性未验：GET http://dnr.shandong.gov.cn/ [searchWord],PUBLIC_ENTRY_TEXT_EXTRACTED；详情=ACCESSIBLE_HTML,仅入口及最多一篇站内样本；不代表原清单所指核验业务已可用,限定目标栏目并核对一篇真实正文/附件,http://dnr.shandong.gov.cn/,http://dnr.shandong.gov.cn/,http://dnr.shandong.gov.cn/zwgk_324/xxgkml/ywdt/tzgg_29303/202609/t20260915_4993404.html,未请求,2026-10-09T08:00:33.358159+00:00,experiments/source-accessibility/results/20261009/bodies/77b1f8bbe69ee79384f3b8e54938c4231414efa661bdd6930901755452474be2,"[{""action"": ""http://dnr.shandong.gov.cn/"", ""method"": ""GET"", ""fields"": [{""name"": ""searchWord"", ""type"": ""text"", ""hint"": """"}]}, {""action"": ""http://dnr.shandong.gov.cn/trsapp/add.html"", ""method"": ""POST"", ""fields"": []}]",[],[]
dd-332,555,资源与环保,地方自然资源局,河南,http://dnr.henan.gov.cn/,dnr.henan.gov.cn,B,静态内容链接，待验详情,P2,ACCESSIBLE_HTML,200,HTML有候选链接；详情正文尚未确认,页面字段线索，必填性未验：GET https://dnr.henan.gov.cn:443/wzjs/ [keywords],PUBLIC_ENTRY_TEXT_EXTRACTED；详情=ACCESSIBLE_HTML,仅入口及最多一篇站内样本；不代表原清单所指核验业务已可用,限定目标栏目并核对一篇真实正文/附件,https://dnr.henan.gov.cn:443/,https://dnr.henan.gov.cn:443/,http://dnr.henan.gov.cn/2026/09-23/3431811.html,未请求,2026-10-09T08:00:34.564961+00:00,experiments/source-accessibility/results/20261009/bodies/da84b7b7bceb05aedf7dea916bee38bedbd19a9f3651d1df8d9fec76506bc547,"[{""action"": ""https://dnr.henan.gov.cn:443/wzjs/"", ""method"": ""GET"", ""fields"": [{""name"": ""keywords"", ""type"": ""text"", ""hint"": """"}]}]",[],[]
dd-333,556,资源与环保,地方自然资源局,湖北,http://zrzyt.hubei.gov.cn/,zrzyt.hubei.gov.cn,B,静态内容链接，待验详情,P2,ACCESSIBLE_HTML,200,HTML有候选链接；详情正文尚未确认,页面字段线索，必填性未验：请输入关键字,PUBLIC_ENTRY_TEXT_EXTRACTED；详情=ACCESSIBLE_HTML,仅入口及最多一篇站内样本；不代表原清单所指核验业务已可用,限定目标栏目并核对一篇真实正文/附件,http://zrzyt.hubei.gov.cn/,http://zrzyt.hubei.gov.cn/,http://zrzyt.hubei.gov.cn/bmdt/zrzyyw/202609/t20260923_6021526.shtml,未请求,2026-10-09T08:00:34.462964+00:00,experiments/source-accessibility/results/20261009/bodies/c674a61fb857684b904e79b6bb1d486a30a041b8daa34f21a4d3e625c96d0334,[],[],[]
dd-334,557,资源与环保,地方自然资源局,湖南,http://zrzyt.hunan.gov.cn/,zrzyt.hunan.gov.cn,E,动态页/API/iframe待适配,P2,ACCESSIBLE_HTML,200,JS模板/iframe/API；不得把导航文本当数据,页面字段线索，必填性未验：GET http://searching.hunan.gov.cn/hunan/114000000/news [q]; GET https://searching.hunan.gov.cn/hunan/114000000/file [q],PUBLIC_ENTRY_TEXT_EXTRACTED；详情=ACCESSIBLE_HTML,仅入口及最多一篇站内样本；不代表原清单所指核验业务已可用,检查业务JS与网络请求，优先公开API而非浏览器,http://zrzyt.hunan.gov.cn/,http://zrzyt.hunan.gov.cn/,http://zrzyt.hunan.gov.cn/zrzyt/xxgk/tzgg/rsxxn/zcxxg/202609/t20260930_34075076.html,未请求,2026-10-09T08:00:34.677540+00:00,experiments/source-accessibility/results/20261009/bodies/943a12ede4ec4c3a59fcfc89cc8b124d355a0db38ed9e924f67aa03efbe2eacc,"[{""action"": ""http://searching.hunan.gov.cn/hunan/114000000/news"", ""method"": ""GET"", ""fields"": [{""name"": ""q"", ""type"": ""text"", ""hint"": ""请输入关键词搜索""}]}, {""action"": ""https://searching.hunan.gov.cn/hunan/114000000/file"", ""method"": ""GET"", ""fields"": [{""name"": ""q"", ""type"": ""text"", ""hint"": ""请输入关键词搜索""}]}]",[],"[""https://home.hunan.gov.cn/login_new/login_smh.html""]"
dd-335,558,资源与环保,地方自然资源局,广东,http://nr.gd.gov.cn/,nr.gd.gov.cn,E,动态页/API/iframe待适配,P2,ACCESSIBLE_HTML,200,JS模板/iframe/API；不得把导航文本当数据,页面字段线索，必填性未验：GET https://search.gd.gov.cn/search/all/153 [keywords],PUBLIC_ENTRY_TEXT_EXTRACTED；详情=ACCESSIBLE_HTML,仅入口及最多一篇站内样本；不代表原清单所指核验业务已可用,检查业务JS与网络请求，优先公开API而非浏览器,https://nr.gd.gov.cn/,https://nr.gd.gov.cn/,https://nr.gd.gov.cn/zwgknew/tzgg/tz/content/post_4843841.html,未请求,2026-10-09T08:00:35.199944+00:00,experiments/source-accessibility/results/20261009/bodies/862b3429daaa8d26c7b80c313f685bede23976bd20f1368085e985b7760553c4,"[{""action"": ""https://search.gd.gov.cn/search/all/153"", ""method"": ""GET"", ""fields"": [{""name"": ""keywords"", ""type"": ""text"", ""hint"": ""请输入要搜索的内容""}]}]",[],"[""https://guangdong.tianditu.gov.cn/""]"
dd-336,559,资源与环保,地方自然资源局,广西,http://dnr.gxzf.gov.cn/,dnr.gxzf.gov.cn,E,动态页/API/iframe待适配,P2,ACCESSIBLE_HTML,200,JS模板/iframe/API；不得把导航文本当数据,页面字段线索，必填性未验：searchWord；searchWord,PUBLIC_ENTRY_TEXT_EXTRACTED,仅入口及最多一篇站内样本；不代表原清单所指核验业务已可用,检查业务JS与网络请求，优先公开API而非浏览器,https://dnr.gxzf.gov.cn/,https://dnr.gxzf.gov.cn/,,未请求,2026-10-09T08:00:35.269120+00:00,experiments/source-accessibility/results/20261009/bodies/6062137dcf99f426a63ea2c2ea07f78c985df2136ab74da5588e62fefd2b38cc,[],[],"[""https://guangxi.tianditu.gov.cn/gxtdt/web""]"
dd-337,560,资源与环保,地方自然资源局,海南,http://lr.hainan.gov.cn/,lr.hainan.gov.cn,A,静态正文或名单样本,P1,ACCESSIBLE_HTML,200,无需主体输入的HTML/PDF内容样本,页面字段线索，必填性未验：GET http://lr.hainan.gov.cn/wzss/search.html?siteId=24&pageSize=10 [searchWord],PUBLIC_ENTRY_TEXT_EXTRACTED；详情=ACCESSIBLE_HTML；正文容器=#zoom；自动识别的正文样本，语义准确性待逐源核对,仅入口及最多一篇站内样本；不代表原清单所指核验业务已可用,选定业务栏目，补分页/增量/正文准确性验收,http://lr.hainan.gov.cn/,http://lr.hainan.gov.cn/xxgk_317/0200/0202/202610/t20261009_4158352.html,http://lr.hainan.gov.cn/xxgk_317/0200/0202/202610/t20261009_4158352.html,未请求,2026-10-09T08:00:35.506295+00:00,experiments/source-accessibility/results/20261009/bodies/a6ce5118a6291f818921a9793e5955c924046c661274b893c8ddfa3acac19ec1,"[{""action"": ""http://lr.hainan.gov.cn/wzss/search.html?siteId=24&pageSize=10"", ""method"": ""GET"", ""fields"": [{""name"": ""searchWord"", ""type"": ""text"", ""hint"": """"}]}]",[],"[""https://wssp.hainan.gov.cn/hnwt/performance-statistics?orgld=HZ28810342b82a7b0142bde71c352000"", ""http://lr.hainan.gov.cn/hdjl_360/12345gd/12345sygd.html""]"
dd-338,561,资源与环保,地方自然资源局,重庆,http://ghzrzyj.cq.gov.cn/,ghzrzyj.cq.gov.cn,B,静态内容链接，待验详情,P2,ACCESSIBLE_HTML,200,HTML有候选链接；详情正文尚未确认,页面字段线索，必填性未验：(无name)；请输入搜索内容,PUBLIC_ENTRY_TEXT_EXTRACTED；详情=ACCESSIBLE_HTML,仅入口及最多一篇站内样本；不代表原清单所指核验业务已可用,限定目标栏目并核对一篇真实正文/附件,http://ghzrzyj.cq.gov.cn/,http://ghzrzyj.cq.gov.cn/,http://ghzrzyj.cq.gov.cn/zwxx_186/tzgg/202609/t20260930_16174199.html,未请求,2026-10-09T08:00:35.840229+00:00,experiments/source-accessibility/results/20261009/bodies/0e17aded61bcbb3a71c27450bc10853ec8bd87d6712e843dd6c8ca620979f40f,[],"[""http://www.cq.gov.cn/ywdt/jrzq/index.json""]",[]
dd-339,562,资源与环保,地方自然资源局,四川,http://dnr.sc.gov.cn/,dnr.sc.gov.cn,B,静态内容链接，待验详情,P2,ACCESSIBLE_HTML,200,HTML有候选链接；详情正文尚未确认,页面字段线索，必填性未验：POST https://dnr.sc.gov.cn/guestweb4/s?uc=1&siteCode=5100000009&column=%E5%85%A8%E9%83%A8 [searchWord],PUBLIC_ENTRY_TEXT_EXTRACTED；详情=ACCESSIBLE_HTML,仅入口及最多一篇站内样本；不代表原清单所指核验业务已可用,限定目标栏目并核对一篇真实正文/附件,http://dnr.sc.gov.cn/,http://dnr.sc.gov.cn/,http://dnr.sc.gov.cn/scdnr/scgsgg/2026/10/9/8f86cba2e97d4e2bbe8b3a7c96782778.shtml,未请求,2026-10-09T08:00:36.824357+00:00,experiments/source-accessibility/results/20261009/bodies/d092ed78d77dd09ea4858fef85320e2c963d53c5c983e30935c66c2b46a4b4bc,"[{""action"": ""https://dnr.sc.gov.cn/guestweb4/s?uc=1&siteCode=5100000009&column=%E5%85%A8%E9%83%A8"", ""method"": ""POST"", ""fields"": [{""name"": ""searchWord"", ""type"": ""text"", ""hint"": ""请输入关键词""}]}]",[],[]
dd-340,563,资源与环保,地方自然资源局,贵州,http://zrzy.guizhou.gov.cn/,zrzy.guizhou.gov.cn,B,静态内容链接，待验详情,P2,ACCESSIBLE_HTML,200,HTML有候选链接；详情正文尚未确认,页面字段线索，必填性未验：(无name)；(无name),PUBLIC_ENTRY_TEXT_EXTRACTED；详情=ACCESSIBLE_HTML,仅入口及最多一篇站内样本；不代表原清单所指核验业务已可用,限定目标栏目并核对一篇真实正文/附件,https://zrzy.guizhou.gov.cn/,https://zrzy.guizhou.gov.cn/,https://zrzy.guizhou.gov.cn/wzgb/xwzx/tzgg/202607/t20260714_90621074.html,未请求,2026-10-09T08:00:38.022273+00:00,experiments/source-accessibility/results/20261009/bodies/77a9c414284c433311a3288515eb9e6050850a6f24e10da1f584c8f92301ebd5,[],"[""https://zrzy.guizhou.gov.cn/fsp-web/fsp/login/getUserSecret.do""]",[]
dd-341,564,资源与环保,地方自然资源局,云南,http://dnr.yn.gov.cn/,dnr.yn.gov.cn,B,静态内容链接，待验详情,P2,ACCESSIBLE_HTML,200,HTML有候选链接；详情正文尚未确认,未识别；不推断必填参数,PUBLIC_ENTRY_TEXT_EXTRACTED；详情=ACCESSIBLE_HTML,仅入口及最多一篇站内样本；不代表原清单所指核验业务已可用,限定目标栏目并核对一篇真实正文/附件,https://dnr.yn.gov.cn/,https://dnr.yn.gov.cn/,https://dnr.yn.gov.cn/html/2026/ziranziyuanxinxi_0930/4053971.html,未请求,2026-10-09T08:00:37.492297+00:00,experiments/source-accessibility/results/20261009/bodies/cbd64823621b54f2ef063cf0a3ac682442479c80152296e1f609fe81055773d2,[],[],[]
dd-342,565,资源与环保,地方自然资源局,陕西,http://zrzyt.shaanxi.gov.cn/,zrzyt.shaanxi.gov.cn,E,动态页/API/iframe待适配,P2,ACCESSIBLE_HTML,200,JS模板/iframe/API；不得把导航文本当数据,页面字段线索，必填性未验：searchWord,PUBLIC_ENTRY_TEXT_EXTRACTED；详情=ACCESSIBLE_HTML,仅入口及最多一篇站内样本；不代表原清单所指核验业务已可用,检查业务JS与网络请求，优先公开API而非浏览器,https://zrzyt.shaanxi.gov.cn/,https://zrzyt.shaanxi.gov.cn/,https://zrzyt.shaanxi.gov.cn/news/tzgg/202408/t20240823_3271558.html,未请求,2026-10-09T08:00:37.663906+00:00,experiments/source-accessibility/results/20261009/bodies/d2f8e8d7e5cbd3bccb017be256aaa5f53c1dd9f650bf839d69e2a208bca9cd85,[],"[""https://zrzyt.shaanxi.gov.cn/IGI/nbhd/openGovmsgbox.do?method=listGovmsgboxs""]","[""https://zrzyt.shaanxi.gov.cn/"", ""https://zrzyt.shaanxi.gov.cn/""]"
dd-343,566,资源与环保,地方自然资源局,甘肃,http://zrzy.gansu.gov.cn/,zrzy.gansu.gov.cn,F,失败/限制，机制未确认,待复查,HTTP_ERROR,412,UNKNOWN：本轮取不到有效内容,未识别；不推断必填参数,HTTP_412,仅入口及最多一篇站内样本；不代表原清单所指核验业务已可用,复核入口迁移与当前环境；不得解释为无相关记录,http://zrzy.gansu.gov.cn/,http://zrzy.gansu.gov.cn/,,未请求,2026-10-09T08:00:37.862662+00:00,,[],[],[]
dd-344,567,资源与环保,地方自然资源局,青海,http://zrzyt.qinghai.gov.cn/,zrzyt.qinghai.gov.cn,F,失败/限制，机制未确认,待复查,HTTP_ERROR,412,UNKNOWN：本轮取不到有效内容,未识别；不推断必填参数,HTTP_412,仅入口及最多一篇站内样本；不代表原清单所指核验业务已可用,复核入口迁移与当前环境；不得解释为无相关记录,http://zrzyt.qinghai.gov.cn/,http://zrzyt.qinghai.gov.cn/,,未请求,2026-10-09T08:00:37.984847+00:00,,[],[],[]
dd-345,568,资源与环保,地方自然资源局,宁夏,http://zrzyt.nx.gov.cn/,zrzyt.nx.gov.cn,B,静态内容链接，待验详情,P2,ACCESSIBLE_HTML,200,HTML有候选链接；详情正文尚未确认,页面字段线索，必填性未验：POST https://zrzyt.nx.gov.cn/ [showkeycode],PUBLIC_ENTRY_TEXT_EXTRACTED；详情=ACCESSIBLE_HTML,仅入口及最多一篇站内样本；不代表原清单所指核验业务已可用,限定目标栏目并核对一篇真实正文/附件,https://zrzyt.nx.gov.cn/,https://zrzyt.nx.gov.cn/,https://zrzyt.nx.gov.cn/gk/fdzdgknr/tzgg/202609/t20260929_5360568.html,未请求,2026-10-09T08:00:38.193601+00:00,experiments/source-accessibility/results/20261009/bodies/2164247f7f3aa6d924e6cca0cf86ae9ce3f2ba5bda89971c3598eab4ad956ce3,"[{""action"": ""https://zrzyt.nx.gov.cn/"", ""method"": ""POST"", ""fields"": [{""name"": ""showkeycode"", ""type"": ""text"", ""hint"": ""请输入搜索内容""}]}]",[],[]
dd-346,569,资源与环保,地方自然资源局,新疆,http://zrzyt.xinjiang.gov.cn/,zrzyt.xinjiang.gov.cn,B,静态内容链接，待验详情,P2,ACCESSIBLE_HTML,200,HTML有候选链接；详情正文尚未确认,页面字段线索，必填性未验：GET http://zrzyt.xinjiang.gov.cn/guestweb5/html/searchResult.html [searchWord],PUBLIC_ENTRY_TEXT_EXTRACTED；详情=ACCESSIBLE_HTML,仅入口及最多一篇站内样本；不代表原清单所指核验业务已可用,限定目标栏目并核对一篇真实正文/附件,http://zrzyt.xinjiang.gov.cn/,http://zrzyt.xinjiang.gov.cn/,http://zrzyt.xinjiang.gov.cn/xjgtzy/gzdt/202609/8a1bf109ac9b48a7a58155892deca92e.shtml,未请求,2026-10-09T08:00:38.301402+00:00,experiments/source-accessibility/results/20261009/bodies/e896fa5b13e534a88098d7036f13e7ae870281025bd3fd4d93e0685e093eb43c,"[{""action"": ""http://zrzyt.xinjiang.gov.cn/guestweb5/html/searchResult.html"", ""method"": ""GET"", ""fields"": [{""name"": ""searchWord"", ""type"": ""text"", ""hint"": ""请输入关键词查询""}]}]",[],[]
dd-347,570,资源与环保,地方自然资源局,大连,http://www.zrzy.dl.gov.cn/,www.zrzy.dl.gov.cn,F,失败/限制，机制未确认,待复查,NETWORK_ERROR,,UNKNOWN：本轮取不到有效内容,未识别；不推断必填参数,RemoteDisconnected,仅入口及最多一篇站内样本；不代表原清单所指核验业务已可用,复核入口迁移与当前环境；不得解释为无相关记录,http://www.zrzy.dl.gov.cn/,http://www.zrzy.dl.gov.cn/,,未请求,2026-10-09T08:00:38.778466+00:00,,[],[],[]
dd-348,571,资源与环保,地方自然资源局,青岛,http://zrzygh.qingdao.gov.cn/,zrzygh.qingdao.gov.cn,A,静态正文或名单样本,P1,ACCESSIBLE_HTML,200,无需主体输入的HTML/PDF内容样本,页面字段线索，必填性未验：GET http://zrzygh.qingdao.gov.cn/ [searchWord],PUBLIC_ENTRY_TEXT_EXTRACTED；详情=ACCESSIBLE_HTML；正文容器=#zoom；自动识别的正文样本，语义准确性待逐源核对,仅入口及最多一篇站内样本；不代表原清单所指核验业务已可用,选定业务栏目，补分页/增量/正文准确性验收,http://zrzygh.qingdao.gov.cn/,http://zrzygh.qingdao.gov.cn/gggs/tdgl/202609/t20260930_10745418.shtml,http://zrzygh.qingdao.gov.cn/gggs/tdgl/202609/t20260930_10745418.shtml,未请求,2026-10-09T08:00:39.471362+00:00,experiments/source-accessibility/results/20261009/bodies/31f07c868044076d176b46c2a9f2d579f7801a6c200319c30794421d039e5378,"[{""action"": ""http://zrzygh.qingdao.gov.cn/"", ""method"": ""GET"", ""fields"": [{""name"": ""searchWord"", ""type"": ""text"", ""hint"": ""请输入关键字""}]}]",[],"[""http://zrzygh.qingdao.gov.cn/header.shtml"", ""http://zrzygh.qingdao.gov.cn/footer.shtml""]"
dd-349,572,资源与环保,地方自然资源局,宁波,http://zgj.ningbo.gov.cn/,zgj.ningbo.gov.cn,G,入口可读，内容未定位,P2,ACCESSIBLE_HTML,200,HTML可读；只有入口级证据,未识别；不推断必填参数,PUBLIC_ENTRY_TEXT_EXTRACTED,仅入口及最多一篇站内样本；不代表原清单所指核验业务已可用,寻找新闻公告栏目；首页可读不等于业务数据可用,http://zgj.ningbo.gov.cn/,http://zgj.ningbo.gov.cn/,,未请求,2026-10-09T08:00:39.794196+00:00,experiments/source-accessibility/results/20261009/bodies/6d791f6cc8988b75ecb5463e1516092f4787039cebe7bc20996be917c81a4ae8,[],[],[]
dd-350,573,资源与环保,地方自然资源局,厦门,http://zygh.xm.gov.cn/,zygh.xm.gov.cn,B,静态内容链接，待验详情,P2,ACCESSIBLE_HTML,200,HTML有候选链接；详情正文尚未确认,"页面字段线索，必填性未验：GET http://zygh.xm.gov.cn/qt/search/ [key]; GET http://zygh.xm.gov.cn/qt/search/ [(无name), keyWord]; GET http://zygh.xm.gov.cn/gzcy/xfzl/ [searchType, years, searchWord]",PUBLIC_ENTRY_TEXT_EXTRACTED；详情=ACCESSIBLE_HTML,仅入口及最多一篇站内样本；不代表原清单所指核验业务已可用,限定目标栏目并核对一篇真实正文/附件,http://zygh.xm.gov.cn/,http://zygh.xm.gov.cn/,http://zygh.xm.gov.cn/zfxxgk/zfxxgkml/cltzydxx/202609/t20260904_3015927.htm,未请求,2026-10-09T08:00:40.099135+00:00,experiments/source-accessibility/results/20261009/bodies/0fb2fbc840310139fc84539a6915a0c90e14b9a59e3bfe4fcb81ab1069291d5e,"[{""action"": ""http://zygh.xm.gov.cn/qt/search/"", ""method"": ""GET"", ""fields"": [{""name"": ""key"", ""type"": ""text"", ""hint"": ""请输入搜索内容""}]}, {""action"": ""http://zygh.xm.gov.cn/qt/search/"", ""method"": ""GET"", ""fields"": [{""name"": """", ""type"": ""text"", ""hint"": """"}, {""name"": ""keyWord"", ""type"": ""text"", ""hint"": ""请输入关键字查询""}]}, {""action"": ""http://zygh.xm.gov.cn/gzcy/xfzl/"", ""method"": ""GET"", ""fields"": [{""name"": ""searchType"", ""type"": ""select"", ""hint"": """"}, {""name"": ""years"", ""type"": ""select"", ""hint"": """"}, {""name"": ""searchWord"", ""type"": ""text"", ""hint"": ""请输入内容""}]}]",[],[]
dd-351,574,资源与环保,地方自然资源局,深圳,http://pnr.sz.gov.cn/,pnr.sz.gov.cn,F,失败/限制，机制未确认,待复查,HTTP_ERROR,412,UNKNOWN：本轮取不到有效内容,未识别；不推断必填参数,HTTP_412,仅入口及最多一篇站内样本；不代表原清单所指核验业务已可用,复核入口迁移与当前环境；不得解释为无相关记录,http://pnr.sz.gov.cn/,http://pnr.sz.gov.cn/,,未请求,2026-10-09T08:00:40.679583+00:00,,[],[],[]
dd-352,575,资源与环保,地方自然资源局,兵团,http://zrzy.xjbt.gov.cn/,zrzy.xjbt.gov.cn,B,静态内容链接，待验详情,P2,ACCESSIBLE_HTML,200,HTML有候选链接；详情正文尚未确认,页面字段线索，必填性未验：POST http://zrzy.xjbt.gov.cn/ [id],PUBLIC_ENTRY_TEXT_EXTRACTED；详情=ACCESSIBLE_HTML,仅入口及最多一篇站内样本；不代表原清单所指核验业务已可用,限定目标栏目并核对一篇真实正文/附件,http://zrzy.xjbt.gov.cn/,http://zrzy.xjbt.gov.cn/,http://zrzy.xjbt.gov.cn/c/2026-09-22/8505759.shtml,未请求,2026-10-09T08:00:40.792408+00:00,experiments/source-accessibility/results/20261009/bodies/ff3a10d3f01f84ed738b502daa078f36d3c071abe18090d2d8b637fef81ff233,"[{""action"": ""http://zrzy.xjbt.gov.cn/"", ""method"": ""POST"", ""fields"": [{""name"": ""id"", ""type"": ""text"", ""hint"": ""编号""}]}]",[],[]
dd-353,581,资源与环保,其他自然资源相关,国家地理信息公共服务平台,https://www.tianditu.gov.cn/,www.tianditu.gov.cn,E,动态页/API/iframe待适配,P2,JS_SHELL,200,JS模板/iframe/API；不得把导航文本当数据,未识别；不推断必填参数,JS_OR_IFRAME_REQUIRED,仅入口及最多一篇站内样本；不代表原清单所指核验业务已可用,检查业务JS与网络请求，优先公开API而非浏览器,https://www.tianditu.gov.cn/,https://www.tianditu.gov.cn/,,未请求,2026-10-09T08:00:40.859540+00:00,experiments/source-accessibility/results/20261009/bodies/41ff8ccb37880672b91751f7d601fc78a2be0fa7ed92e4f0967c77a241e8b3bf,[],"[""https://console.tianditu.gov.cn/api/key"", ""http://lbs.tianditu.gov.cn/api/js4.0/guide.html""]",[]
dd-354,582,资源与环保,其他自然资源相关,自然资源部测绘地理信息政务服务,http://zwfw.ch.mnr.gov.cn/index,zwfw.ch.mnr.gov.cn,F,失败/限制，机制未确认,待复查,NETWORK_ERROR,,UNKNOWN：本轮取不到有效内容,未识别；不推断必填参数,RemoteDisconnected,仅入口及最多一篇站内样本；不代表原清单所指核验业务已可用,复核入口迁移与当前环境；不得解释为无相关记录,http://zwfw.ch.mnr.gov.cn/index,http://zwfw.ch.mnr.gov.cn/index,,未请求,2026-10-09T08:00:40.926772+00:00,,[],[],[]
dd-355,583,资源与环保,其他自然资源相关,自然资源部科技成果查询数据库,http://jlps.mnr.gov.cn/global/reward!KJCGsearch.do,jlps.mnr.gov.cn,F,失败/限制，机制未确认,待复查,NETWORK_ERROR,,UNKNOWN：本轮取不到有效内容,未识别；不推断必填参数,RemoteDisconnected,仅入口及最多一篇站内样本；不代表原清单所指核验业务已可用,复核入口迁移与当前环境；不得解释为无相关记录,http://jlps.mnr.gov.cn/global/reward!KJCGsearch.do,http://jlps.mnr.gov.cn/global/reward!KJCGsearch.do,,未请求,2026-10-09T08:00:41.064280+00:00,,[],[],[]
dd-356,584,资源与环保,其他自然资源相关,自然资源部获奖成果查询,http://jlps.mnr.gov.cn/global/reward!listAllReward.do,jlps.mnr.gov.cn,F,失败/限制，机制未确认,待复查,NETWORK_ERROR,,UNKNOWN：本轮取不到有效内容,未识别；不推断必填参数,RemoteDisconnected,仅入口及最多一篇站内样本；不代表原清单所指核验业务已可用,复核入口迁移与当前环境；不得解释为无相关记录,http://jlps.mnr.gov.cn/global/reward!listAllReward.do,http://jlps.mnr.gov.cn/global/reward!listAllReward.do,,未请求,2026-10-09T08:00:41.369146+00:00,,[],[],[]
dd-357,590,资源与环保,环境保护,全国排污许可证管理信息平台,http://permit.mee.gov.cn/permitExt/defaults/default-index!getInformation.action,permit.mee.gov.cn,B,静态内容链接，待验详情,P2,ACCESSIBLE_HTML,200,默认核发许可证表格已有独立基线；本轮取得详情HTML，但字段/分页尚未验收,按企业/地区等筛选需进一步核对；不能把首页15条当全国集合,默认核发许可证表格已有独立基线；本轮取得详情HTML，但字段/分页尚未验收,仅以上明确描述的公开内容与参数；未验证全量、主体完整核验或长期稳定性,限定目标栏目并核对一篇真实正文/附件,https://permit.mee.gov.cn/permitExt/defaults/default-index!getInformation.action,https://permit.mee.gov.cn/permitExt/defaults/default-index!getInformation.action,https://permit.mee.gov.cn/perxxgkinfo/syssb/xkgg/xkgg!getNewsDetail.action?pkid=a4bb5667-385b-42a4-9f46-4d2d92b3ca86&type=ZYTZ,未请求,2026-10-09T08:00:41.799786+00:00,experiments/source-accessibility/results/20261009/bodies/962eb0f354c0593685615b7a8609407d9a8c5c683a7a3818b8771d11620c9e4e,[],[],[]
dd-358,591,资源与环保,环境保护,环境影响评价信用平台,http://114.251.10.92:8080/XYPT/,114.251.10.92,F,失败/限制，机制未确认,待复查,NETWORK_ERROR,,UNKNOWN：本轮取不到有效内容,未识别；不推断必填参数,URLError,仅入口及最多一篇站内样本；不代表原清单所指核验业务已可用,复核入口迁移与当前环境；不得解释为无相关记录,https://114.251.10.92/XYPT/,https://114.251.10.92/XYPT/,,未请求,2026-10-09T08:00:42.114146+00:00,,[],[],[]
dd-359,592,资源与环保,环境保护,生态环境部污染源监控中心平台,http://www.envsc.cn/,www.envsc.cn,F,失败/限制，机制未确认,待复查,HTTP_ERROR,412,UNKNOWN：本轮取不到有效内容,未识别；不推断必填参数,HTTP_412,仅入口及最多一篇站内样本；不代表原清单所指核验业务已可用,复核入口迁移与当前环境；不得解释为无相关记录,http://www.envsc.cn/,http://www.envsc.cn/,,未请求,2026-10-09T08:00:42.710074+00:00,,[],[],[]
dd-360,593,资源与环保,环境保护,环境保护综合目录,http://www.gov.cn/xinwen/2018-02/06/5264316/files/27c5704a32e941e8ac20e40d61209a94.pdf,www.gov.cn,F,失败/限制，机制未确认,待复查,NETWORK_ERROR,,UNKNOWN：本轮取不到有效内容,未识别；不推断必填参数,URLError,仅入口及最多一篇站内样本；不代表原清单所指核验业务已可用,复核入口迁移与当前环境；不得解释为无相关记录,https://www.gov.cn/xinwen/2018-02/06/5264316/files/27c5704a32e941e8ac20e40d61209a94.pdf,https://www.gov.cn/xinwen/2018-02/06/5264316/files/27c5704a32e941e8ac20e40d61209a94.pdf,,未请求,2026-10-09T08:00:42.932340+00:00,,[],[],[]
dd-361,594,资源与环保,环境保护,全国环境影响评价管理信息平台,https://eia.lem.org.cn/#/eia,eia.lem.org.cn,F,失败/限制，机制未确认,待复查,HTTP_ERROR,412,UNKNOWN：本轮取不到有效内容,未识别；不推断必填参数,HTTP_412,仅入口及最多一篇站内样本；不代表原清单所指核验业务已可用,复核入口迁移与当前环境；不得解释为无相关记录,https://eia.lem.org.cn/,https://eia.lem.org.cn/,,未请求,2026-10-09T08:00:42.948194+00:00,,[],[],[]
dd-362,595,资源与环保,环境保护,环境影响评价信息公示平台,http://www.js-eia.cn/,www.js-eia.cn,F,失败/限制，机制未确认,待复查,NETWORK_ERROR,,UNKNOWN：本轮取不到有效内容,未识别；不推断必填参数,URLError,仅入口及最多一篇站内样本；不代表原清单所指核验业务已可用,复核入口迁移与当前环境；不得解释为无相关记录,https://www.js-eia.cn/,https://www.js-eia.cn/,,未请求,2026-10-09T08:00:43.206910+00:00,,[],[],[]
dd-363,596,资源与环保,环境保护,建设项目环境影响登记表查询>>,https://beian.china-eia.com/,beian.china-eia.com,G,入口可读，内容未定位,P2,ACCESSIBLE_HTML,200,HTML可读；只有入口级证据,未识别；不推断必填参数,PUBLIC_ENTRY_TEXT_EXTRACTED,仅入口及最多一篇站内样本；不代表原清单所指核验业务已可用,寻找新闻公告栏目；首页可读不等于业务数据可用,https://beian.china-eia.com/,https://beian.china-eia.com/,,未请求,2026-10-09T08:00:43.205098+00:00,experiments/source-accessibility/results/20261009/bodies/5f495ec49726540526bc2c783d93451f5568e7823fa0ffc41ffcaefaed77b1ad,[],[],[]
dd-364,602,资源与环保,水利,取水许可审批信息查询,http://app.gjzwfw.gov.cn/jmopen/webapp/html5/qsxkxxcx/index.html,app.gjzwfw.gov.cn,D,输入/登录型入口,暂缓,SKIP_INPUT,200,表单或登录；业务结果未提交验证,页面字段线索，必填性未验：dName；请输入验证码,QUERY_PARAMETERS_REQUIRED；源码含验证码线索（不等于所有公开栏目受限）,仅入口及最多一篇站内样本；不代表原清单所指核验业务已可用,先明确查询主体与必填项；账号/验证码保留人工入口,http://app.gjzwfw.gov.cn/jmopen/webapp/html5/qsxkxxcx/index.html,http://app.gjzwfw.gov.cn/jmopen/webapp/html5/qsxkxxcx/index.html,,未请求,2026-10-09T08:00:43.274883+00:00,experiments/source-accessibility/results/20261009/bodies/a3a87f4010cac274f57ce28cdb5fd300b716a8b553c7c00ae861dab4399eb545,[],[],[]
dd-365,603,资源与环保,水利,水利工程建设监理单位资质查询,http://app.gjzwfw.gov.cn/jmopen/webapp/html5/sljlzzcx/index.html,app.gjzwfw.gov.cn,D,输入/登录型入口,暂缓,SKIP_INPUT,200,表单或登录；业务结果未提交验证,页面字段线索，必填性未验：dName；请输入验证码,QUERY_PARAMETERS_REQUIRED；源码含验证码线索（不等于所有公开栏目受限）,仅入口及最多一篇站内样本；不代表原清单所指核验业务已可用,先明确查询主体与必填项；账号/验证码保留人工入口,http://app.gjzwfw.gov.cn/jmopen/webapp/html5/sljlzzcx/index.html,http://app.gjzwfw.gov.cn/jmopen/webapp/html5/sljlzzcx/index.html,,未请求,2026-10-09T08:00:43.448303+00:00,experiments/source-accessibility/results/20261009/bodies/af80f1cd497aad78f892f856745bb664a861130b5622ddfdf6522b05a58c24a4,[],[],[]
dd-366,604,资源与环保,水利,水利工程质量检测单位资质查询,http://app.gjzwfw.gov.cn/jmopen/webapp/html5/slzlzzcx/index.html,app.gjzwfw.gov.cn,D,输入/登录型入口,暂缓,SKIP_INPUT,200,表单或登录；业务结果未提交验证,页面字段线索，必填性未验：dName；请输入验证码,QUERY_PARAMETERS_REQUIRED；源码含验证码线索（不等于所有公开栏目受限）,仅入口及最多一篇站内样本；不代表原清单所指核验业务已可用,先明确查询主体与必填项；账号/验证码保留人工入口,http://app.gjzwfw.gov.cn/jmopen/webapp/html5/slzlzzcx/index.html,http://app.gjzwfw.gov.cn/jmopen/webapp/html5/slzlzzcx/index.html,,未请求,2026-10-09T08:00:44.056525+00:00,experiments/source-accessibility/results/20261009/bodies/fefdfc71381cf3f7cc5ef75745f71be6c856d733a9b46698e7f64cfe7012aaf3,[],[],[]
dd-367,610,资源与环保,行业协会,中国安全产业协会,http://www.chinasia.org.cn/,www.chinasia.org.cn,E,动态页/API/iframe待适配,P2,JS_SHELL,200,JS模板/iframe/API；不得把导航文本当数据,未识别；不推断必填参数,JS_OR_IFRAME_REQUIRED,仅入口及最多一篇站内样本；不代表原清单所指核验业务已可用,检查业务JS与网络请求，优先公开API而非浏览器,http://www.chinasia.org.cn/,http://www.chinasia.org.cn/,,未请求,2026-10-09T08:00:44.278222+00:00,,[],[],[]
dd-368,611,资源与环保,行业协会,中国安全生产协会,http://www.china-safety.org.cn/,www.china-safety.org.cn,E,动态页/API/iframe待适配,P2,ACCESSIBLE_HTML,200,JS模板/iframe/API；不得把导航文本当数据,未识别；不推断必填参数,PUBLIC_ENTRY_TEXT_EXTRACTED,仅入口及最多一篇站内样本；不代表原清单所指核验业务已可用,检查业务JS与网络请求，优先公开API而非浏览器,https://www.china-safety.org.cn:443/client/index.html,https://www.china-safety.org.cn:443/client/index.html,,未请求,2026-10-09T08:00:46.028595+00:00,experiments/source-accessibility/results/20261009/bodies/6067b6552a6b82d45edb2b27d65017949df10165cead0e67453641897ada4b9e,[],[],[]
dd-369,612,资源与环保,行业协会,中国再生资源回收利用协会,http://www.crra.org.cn/,www.crra.org.cn,B,静态内容链接，待验详情,P2,ACCESSIBLE_HTML,200,HTML有候选链接；详情正文尚未确认,页面字段线索，必填性未验：GET https://www.crra.org.cn//search [s],PUBLIC_ENTRY_TEXT_EXTRACTED；详情=ACCESSIBLE_HTML,仅入口及最多一篇站内样本；不代表原清单所指核验业务已可用,限定目标栏目并核对一篇真实正文/附件,https://www.crra.org.cn/,https://www.crra.org.cn/,https://www.crra.org.cn/news/down,未请求,2026-10-09T08:00:44.595798+00:00,experiments/source-accessibility/results/20261009/bodies/4e8d1080c61110215304eed30d32b00bbc8562e7b319487b52873a26c28341d5,"[{""action"": ""https://www.crra.org.cn//search"", ""method"": ""GET"", ""fields"": [{""name"": ""s"", ""type"": ""text"", ""hint"": ""文章搜索""}]}]",[],[]
dd-370,613,资源与环保,行业协会,中国化学品安全协会,http://www.chemicalsafety.org.cn/index.php,www.chemicalsafety.org.cn,B,静态内容链接，待验详情,P2,ACCESSIBLE_HTML,200,HTML有候选链接；详情正文尚未确认,页面字段线索，必填性未验：GET http://www.chemicalsafety.org.cn/index.php/search [keywords],PUBLIC_ENTRY_TEXT_EXTRACTED；详情=JS_SHELL,仅入口及最多一篇站内样本；不代表原清单所指核验业务已可用,限定目标栏目并核对一篇真实正文/附件,http://www.chemicalsafety.org.cn/index.php,http://www.chemicalsafety.org.cn/index.php,http://www.chemicalsafety.org.cn/xinwenzixun/shizhengyaowen/detail/6abdceccb8b16,未请求,2026-10-09T08:00:44.808765+00:00,experiments/source-accessibility/results/20261009/bodies/40d16ed129ec807b388ac38d62a84eef4e677bb68f562c79b0c54d275ec181dc,"[{""action"": ""http://www.chemicalsafety.org.cn/index.php"", ""method"": ""DIALOG"", ""fields"": []}, {""action"": ""http://www.chemicalsafety.org.cn/index.php/search"", ""method"": ""GET"", ""fields"": [{""name"": ""keywords"", ""type"": ""search"", ""hint"": ""请输入关键词""}]}, {""action"": ""http://www.chemicalsafety.org.cn/index.php"", ""method"": ""DIALOG"", ""fields"": []}, {""action"": ""http://www.chemicalsafety.org.cn/index.php"", ""method"": ""DIALOG"", ""fields"": []}, {""action"": ""http://www.chemicalsafety.org.cn/index.php"", ""method"": ""DIALOG"", ""fields"": []}]",[],[]
dd-371,614,资源与环保,行业协会,中国水利工程协会,http://www.cweun.org/,www.cweun.org,G,入口可读，内容未定位,P2,ACCESSIBLE_HTML,200,HTML可读；只有入口级证据,未识别；不推断必填参数,PUBLIC_ENTRY_TEXT_EXTRACTED,仅入口及最多一篇站内样本；不代表原清单所指核验业务已可用,寻找新闻公告栏目；首页可读不等于业务数据可用,http://www.cweun.org/,http://www.cweun.org/,,未请求,2026-10-09T08:00:45.093681+00:00,experiments/source-accessibility/results/20261009/bodies/1b6484539474b488a5ea9332fe50a7ea3537104cdeec723a55937182fc577455,[],[],[]
dd-372,615,资源与环保,行业协会,中国水利企业协会,http://www.cwec.org.cn/,www.cwec.org.cn,B,静态内容链接，待验详情,P2,ACCESSIBLE_HTML,200,HTML有候选链接；详情正文尚未确认,页面字段线索，必填性未验：GET https://www.cwec.org.cn/cate_search.html [searchs],PUBLIC_ENTRY_TEXT_EXTRACTED；详情=ACCESSIBLE_HTML,仅入口及最多一篇站内样本；不代表原清单所指核验业务已可用,限定目标栏目并核对一篇真实正文/附件,https://www.cwec.org.cn/,https://www.cwec.org.cn/,https://www.cwec.org.cn/cate_newinfo/156797.html,未请求,2026-10-09T08:00:45.556921+00:00,experiments/source-accessibility/results/20261009/bodies/4d0c7df0923c7cddc37478d36f4a9f289948ed789595b09a09638df82e06282a,"[{""action"": ""https://www.cwec.org.cn/cate_search.html"", ""method"": ""GET"", ""fields"": [{""name"": ""searchs"", ""type"": ""text"", ""hint"": ""请输入相关文字...""}]}]",[],[]
dd-373,616,资源与环保,行业协会,中国环境保护产业协会,http://www.caepi.org.cn/,www.caepi.org.cn,E,动态页/API/iframe待适配,P2,SKIP_INPUT,200,JS模板/iframe/API；不得把导航文本当数据,页面字段线索，必填性未验：W_XTZH；W_YHPD；请输入搜索关键字；(无name)；(无name)；(无name)；(无name)；(无name)；(无name)；(无name)；(无name)；(无name),LOGIN_REQUIRED,仅入口及最多一篇站内样本；不代表原清单所指核验业务已可用,检查业务JS与网络请求，优先公开API而非浏览器,http://www.caepi.org.cn/,http://www.caepi.org.cn/,,未请求,2026-10-09T08:00:45.912974+00:00,experiments/source-accessibility/results/20261009/bodies/cae324c61240a13c655ffaf2e70b1ee6e849f00b352520aab8c04fcfe98148f9,[],[],[]
dd-374,617,资源与环保,行业协会,中华环保联合会,http://www.acef.com.cn/index.html,www.acef.com.cn,B,静态内容链接，待验详情,P2,ACCESSIBLE_HTML,200,HTML有候选链接；详情正文尚未确认,"页面字段线索，必填性未验：GET https://www.acef.com.cn/plus/search [q, (无name)]",PUBLIC_ENTRY_TEXT_EXTRACTED；详情=ACCESSIBLE_HTML,仅入口及最多一篇站内样本；不代表原清单所指核验业务已可用,限定目标栏目并核对一篇真实正文/附件,https://www.acef.com.cn/,https://www.acef.com.cn/,https://www.acef.com.cn/a/jdt/2026/0924/30243.html,未请求,2026-10-09T08:00:47.716804+00:00,experiments/source-accessibility/results/20261009/bodies/b0ad3f289bdaa219136b0455dcf6cfbb80348d619bb76c473d256a146025ca0b,"[{""action"": ""https://www.acef.com.cn/plus/search"", ""method"": ""GET"", ""fields"": [{""name"": ""q"", ""type"": ""text"", ""hint"": """"}, {""name"": """", ""type"": ""Submit"", ""hint"": """"}]}]",[],[]
dd-375,625,行业尽调,行业分类标准,国民经济行业分类,https://www.stats.gov.cn/xxgk/tjbz/gjtjbz/201905/t20190521_1758938.html,www.stats.gov.cn,A,静态正文或名单样本,P1,ACCESSIBLE_HTML,200,无需主体输入的HTML/PDF内容样本,未识别；不推断必填参数,PUBLIC_ENTRY_TEXT_EXTRACTED；详情=ACCESSIBLE_HTML；正文容器=.TRS_Editor；自动识别的正文样本，语义准确性待逐源核对,仅入口及最多一篇站内样本；不代表原清单所指核验业务已可用,选定业务栏目，补分页/增量/正文准确性验收,https://www.stats.gov.cn/xxgk/tjbz/gjtjbz/201905/t20190521_1758938.html,https://www.stats.gov.cn/xxgk/tjbz/gjtjbz/201905/t20190521_1758938.html,https://www.stats.gov.cn/xxgk/tjbz/gjtjbz/201905/P020200612583036030033.DOCX,未请求,2026-10-09T08:00:46.742572+00:00,experiments/source-accessibility/results/20261009/bodies/4c1a66401cf941c3ee9d1f02ecccd9b2cdba195afde51c305f6b1641e26b8215,[],[],"[""http://www.stats.gov.cn/xxgk/bottom_new.html""]"
dd-376,626,行业尽调,行业分类标准,[证监会]上市公司行业分类指引,http://www.csrc.gov.cn/csrc/c100103/c1452025/content.shtml,www.csrc.gov.cn,G,入口可读，内容未定位,P2,ACCESSIBLE_HTML,200,HTML可读；只有入口级证据,页面字段线索，必填性未验：POST https://www.csrc.gov.cn/guestweb4/s [searchWord],PUBLIC_ENTRY_TEXT_EXTRACTED,仅入口及最多一篇站内样本；不代表原清单所指核验业务已可用,寻找新闻公告栏目；首页可读不等于业务数据可用,https://www.csrc.gov.cn/csrc/c100103/c1452025/content.shtml,https://www.csrc.gov.cn/csrc/c100103/c1452025/content.shtml,,未请求,2026-10-09T08:00:47.417863+00:00,experiments/source-accessibility/results/20261009/bodies/235ee013c3b665f0d32f75628c194de7e97ef9847e3375f53c901b4690827367,"[{""action"": ""https://www.csrc.gov.cn/guestweb4/s"", ""method"": ""POST"", ""fields"": [{""name"": ""searchWord"", ""type"": ""text"", ""hint"": ""请输入关键字""}]}]",[],[]
dd-377,627,行业尽调,行业分类标准,新三板行业分类指引,http://www.neeq.com.cn/m/fenglei/hyfl01.html,www.neeq.com.cn,E,动态页/API/iframe待适配,P2,ACCESSIBLE_HTML,200,JS模板/iframe/API；不得把导航文本当数据,未识别；不推断必填参数,PUBLIC_ENTRY_TEXT_EXTRACTED；详情=ACCESSIBLE_HTML,仅入口及最多一篇站内样本；不代表原清单所指核验业务已可用,检查业务JS与网络请求，优先公开API而非浏览器,https://www.neeq.com.cn/m/fenglei/hyfl01.html,https://www.neeq.com.cn/m/fenglei/hyfl01.html,https://www.neeq.com.cn/uploads/1/file/public/202505/20250519175236_drfo9kko6t.docx,未请求,2026-10-09T08:00:47.746822+00:00,experiments/source-accessibility/results/20261009/bodies/d100b1d5fb902a3c5f37d8fcb81e91030c3d502416b255278c7428bf45aa93fc,[],[],"[""https://www.neeq.com.cn/m/myhead.html"", ""https://www.neeq.com.cn/myfoot.html""]"
dd-378,628,行业尽调,行业分类标准,战略性新兴产业分类,https://www.stats.gov.cn/xxgk/tjbz/gjtjbz/202008/t20200811_1782344.html,www.stats.gov.cn,E,动态页/API/iframe待适配,P2,ACCESSIBLE_HTML,200,JS模板/iframe/API；不得把导航文本当数据,未识别；不推断必填参数,PUBLIC_ENTRY_TEXT_EXTRACTED；详情=ACCESSIBLE_HTML,仅入口及最多一篇站内样本；不代表原清单所指核验业务已可用,检查业务JS与网络请求，优先公开API而非浏览器,https://www.stats.gov.cn/xxgk/tjbz/gjtjbz/202008/t20200811_1782344.html,https://www.stats.gov.cn/xxgk/tjbz/gjtjbz/202008/t20200811_1782344.html,https://www.stats.gov.cn/xxgk/tjbz/gjtjbz/202008/P020241210500130072993.doc,未请求,2026-10-09T08:00:47.669390+00:00,experiments/source-accessibility/results/20261009/bodies/3f2ad3159373545c5ebe9bc2152cfff075c2cc2a052c7b40a729a32313637d56,[],[],"[""http://www.stats.gov.cn/xxgk/bottom_new.html""]"
dd-379,634,行业尽调,科技与互联网行业,工信部电信业务市场综合管理信息系统,https://tsm.miit.gov.cn/dxxzsp/,tsm.miit.gov.cn,D,输入/登录型入口,暂缓,SKIP_INPUT,200,表单或登录；业务结果未提交验证,页面字段线索，必填性未验：许可号/批文号/企业名称；许可号/企业名称；请输入验证码；请输入验证码,QUERY_PARAMETERS_REQUIRED,仅入口及最多一篇站内样本；不代表原清单所指核验业务已可用,先明确查询主体与必填项；账号/验证码保留人工入口,https://tsm.miit.gov.cn/dxxzsp/,https://tsm.miit.gov.cn/dxxzsp/,,未请求,2026-10-09T08:00:48.735266+00:00,,[],"[""https://ucenter.miit.gov.cn/ssoCheck.action?toUrl=""]",[]
dd-380,635,行业尽调,科技与互联网行业,高新技术企业认定管理工作网,http://www.innocom.gov.cn/,www.innocom.gov.cn,B,静态内容链接，待验详情,P2,ACCESSIBLE_HTML,200,HTML有候选链接；详情正文尚未确认,"页面字段线索，必填性未验：GET http://www.innocom.gov.cn/search5/html/searchResult.html [searchWord]; GET http://www.innocom.gov.cn/ [keyword, code_input]",PUBLIC_ENTRY_TEXT_EXTRACTED；详情=ACCESSIBLE_HTML；源码含验证码线索（不等于所有公开栏目受限）,仅入口及最多一篇站内样本；不代表原清单所指核验业务已可用,限定目标栏目并核对一篇真实正文/附件,http://www.innocom.gov.cn/,http://www.innocom.gov.cn/,http://www.innocom.gov.cn/gqrdw/c101331/202109/a77dbf7e4c6a487e88102bdaf42a659a.shtml,未请求,2026-10-09T08:00:48.953219+00:00,experiments/source-accessibility/results/20261009/bodies/83c189bbc1ddd5056a4ca017d8b6d795d64140a31c65a8bdaa07c9a3e19efb71,"[{""action"": ""http://www.innocom.gov.cn/search5/html/searchResult.html"", ""method"": ""GET"", ""fields"": [{""name"": ""searchWord"", ""type"": ""text"", ""hint"": """"}]}, {""action"": ""http://www.innocom.gov.cn/"", ""method"": ""GET"", ""fields"": [{""name"": ""keyword"", ""type"": ""text"", ""hint"": ""企业名称/统一社会信用代码/证书编号""}, {""name"": ""code_input"", ""type"": ""text"", ""hint"": ""验证码""}]}]",[],[]
dd-381,636,行业尽调,科技与互联网行业,高新技术企业备案查询,https://fuwu.most.gov.cn/html/fwcx/gxjsqybacx/,fuwu.most.gov.cn,F,失败/限制，机制未确认,待复查,NETWORK_ERROR,,UNKNOWN：本轮取不到有效内容,未识别；不推断必填参数,URLError,仅入口及最多一篇站内样本；不代表原清单所指核验业务已可用,复核入口迁移与当前环境；不得解释为无相关记录,https://fuwu.most.gov.cn/html/fwcx/gxjsqybacx/,https://fuwu.most.gov.cn/html/fwcx/gxjsqybacx/,,未请求,2026-10-09T08:00:49.047803+00:00,,[],[],[]
dd-382,637,行业尽调,科技与互联网行业,国家科学技术奖励查询1,http://www.most.gov.cn/cxfw/kjjlcx/index.htm,www.most.gov.cn,F,失败/限制，机制未确认,待复查,HTTP_ERROR,404,UNKNOWN：本轮取不到有效内容,未识别；不推断必填参数,HTTP_404,仅入口及最多一篇站内样本；不代表原清单所指核验业务已可用,复核入口迁移与当前环境；不得解释为无相关记录,https://www.most.gov.cn/cxfw/kjjlcx/index.htm,https://www.most.gov.cn/cxfw/kjjlcx/index.htm,,未请求,2026-10-09T08:00:49.168328+00:00,,[],[],[]
dd-383,638,行业尽调,科技与互联网行业,国家科学技术奖励查询2,http://app.gjzwfw.gov.cn/jmopen/webapp/html5/kjjl/index.html,app.gjzwfw.gov.cn,E,动态页/API/iframe待适配,P2,ACCESSIBLE_HTML,200,JS模板/iframe/API；不得把导航文本当数据,未识别；不推断必填参数,PUBLIC_ENTRY_TEXT_EXTRACTED；源码含验证码线索（不等于所有公开栏目受限）,仅入口及最多一篇站内样本；不代表原清单所指核验业务已可用,检查业务JS与网络请求，优先公开API而非浏览器,http://app.gjzwfw.gov.cn/jmopen/webapp/html5/kjjl/index.html,http://app.gjzwfw.gov.cn/jmopen/webapp/html5/kjjl/index.html,,未请求,2026-10-09T08:00:49.092396+00:00,experiments/source-accessibility/results/20261009/bodies/d01b7707fc161d3df879ba2dfb427368a4351492a8ce3764ea513af5dfff8b0e,[],"[""http://app.gjzwfw.gov.cn/jimps/link.do""]",[]
dd-384,639,行业尽调,科技与互联网行业,国家级科技企业孵化器查询,http://app.gjzwfw.gov.cn/jmopen/webapp/html5/fhq/index.html,app.gjzwfw.gov.cn,E,动态页/API/iframe待适配,P2,ACCESSIBLE_HTML,200,JS模板/iframe/API；不得把导航文本当数据,未识别；不推断必填参数,PUBLIC_ENTRY_TEXT_EXTRACTED；源码含验证码线索（不等于所有公开栏目受限）,仅入口及最多一篇站内样本；不代表原清单所指核验业务已可用,检查业务JS与网络请求，优先公开API而非浏览器,http://app.gjzwfw.gov.cn/jmopen/webapp/html5/fhq/index.html,http://app.gjzwfw.gov.cn/jmopen/webapp/html5/fhq/index.html,,未请求,2026-10-09T08:00:49.177556+00:00,experiments/source-accessibility/results/20261009/bodies/03aa6df3f5838ac57434ff50d226315f7c294f262ed6ea8c21d2d90cb4d1a932,[],"[""http://app.gjzwfw.gov.cn/jimps/link.do""]",[]
dd-385,640,行业尽调,科技与互联网行业,国家级高新技术产业开发区名单,http://www.chinatorch.gov.cn/gxq/gxqmd/list.shtml,www.chinatorch.gov.cn,A,静态正文或名单样本,P1,ACCESSIBLE_HTML,200,无需主体输入的HTML/PDF内容样本,页面字段线索，必填性未验：qt,PUBLIC_ENTRY_TEXT_EXTRACTED；详情=ACCESSIBLE_HTML；正文容器=.pages_content；自动识别的正文样本，语义准确性待逐源核对,仅入口及最多一篇站内样本；不代表原清单所指核验业务已可用,选定业务栏目，补分页/增量/正文准确性验收,http://www.chinatorch.gov.cn/gxq/gxqmd/list.shtml,http://www.chinatorch.gov.cn/kjfw/tztg/202605/8f73017d4ff84709ba6b750f8ec5b5f8.shtml,http://www.chinatorch.gov.cn/kjfw/tztg/202605/8f73017d4ff84709ba6b750f8ec5b5f8.shtml,未请求,2026-10-09T08:00:49.366440+00:00,experiments/source-accessibility/results/20261009/bodies/1537ea183e4c349fb8c3e6852693ecc70398f18982dfc6963fb00c9887f72502,[],[],[]
dd-386,641,行业尽调,科技与互联网行业,众创空间查询,https://fuwu.most.gov.cn/html/fwcx/zckjcx/,fuwu.most.gov.cn,F,失败/限制，机制未确认,待复查,NETWORK_ERROR,,UNKNOWN：本轮取不到有效内容,未识别；不推断必填参数,URLError,仅入口及最多一篇站内样本；不代表原清单所指核验业务已可用,复核入口迁移与当前环境；不得解释为无相关记录,https://fuwu.most.gov.cn/html/fwcx/zckjcx/,https://fuwu.most.gov.cn/html/fwcx/zckjcx/,,未请求,2026-10-09T08:00:50.560487+00:00,,[],[],[]
dd-387,642,行业尽调,科技与互联网行业,电信设备进网许可标志查询,https://jwxkjwgl.miit.gov.cn/gatewayauthenticityquery,jwxkjwgl.miit.gov.cn,E,动态页/API/iframe待适配,P2,JS_SHELL,200,JS模板/iframe/API；不得把导航文本当数据,未识别；不推断必填参数,JS_OR_IFRAME_REQUIRED,仅入口及最多一篇站内样本；不代表原清单所指核验业务已可用,检查业务JS与网络请求，优先公开API而非浏览器,https://jwxk.miit.gov.cn/gatewayauthenticityquery,https://jwxk.miit.gov.cn/gatewayauthenticityquery,,未请求,2026-10-09T08:00:50.989396+00:00,experiments/source-accessibility/results/20261009/bodies/4909d2a0ab05299becbeb05bd88158b702c61512c08a7774af5432895d7e3a78,[],[],[]
dd-388,643,行业尽调,科技与互联网行业,移动电话机图片查询,https://jwxkjwgl.miit.gov.cn/gatewayMobilePictureQuery,jwxkjwgl.miit.gov.cn,E,动态页/API/iframe待适配,P2,JS_SHELL,200,JS模板/iframe/API；不得把导航文本当数据,未识别；不推断必填参数,JS_OR_IFRAME_REQUIRED,仅入口及最多一篇站内样本；不代表原清单所指核验业务已可用,检查业务JS与网络请求，优先公开API而非浏览器,https://jwxk.miit.gov.cn/gatewayMobilePictureQuery,https://jwxk.miit.gov.cn/gatewayMobilePictureQuery,,未请求,2026-10-09T08:00:54.154865+00:00,experiments/source-accessibility/results/20261009/bodies/4909d2a0ab05299becbeb05bd88158b702c61512c08a7774af5432895d7e3a78,[],[],[]
dd-389,644,行业尽调,科技与互联网行业,国家保密科技测评中心,http://www.nsstec.org.cn/,www.nsstec.org.cn,B,静态内容链接，待验详情,P2,ACCESSIBLE_HTML,200,HTML有候选链接；详情正文尚未确认,未识别；不推断必填参数,PUBLIC_ENTRY_TEXT_EXTRACTED；详情=ACCESSIBLE_HTML,仅入口及最多一篇站内样本；不代表原清单所指核验业务已可用,限定目标栏目并核对一篇真实正文/附件,http://www.nsstec.org.cn/,http://www.nsstec.org.cn/,http://www.nsstec.org.cn/tzgg/354521.shtml,未请求,2026-10-09T08:00:51.055705+00:00,experiments/source-accessibility/results/20261009/bodies/659cb7adfee2ce4d72d1671955b80d7af58f6aa59ae6130f7a94ef43bba09c2b,[],[],[]
dd-390,645,行业尽调,科技与互联网行业,中国汽车燃料消耗量查询系统,https://yhgscx.miit.gov.cn/fuel-consumption-web/mainPage,yhgscx.miit.gov.cn,E,动态页/API/iframe待适配,P2,JS_SHELL,200,JS模板/iframe/API；不得把导航文本当数据,未识别；不推断必填参数,JS_OR_IFRAME_REQUIRED,仅入口及最多一篇站内样本；不代表原清单所指核验业务已可用,检查业务JS与网络请求，优先公开API而非浏览器,https://yhgscx.miit.gov.cn/fuel-consumption-web/mainPage,https://yhgscx.miit.gov.cn/fuel-consumption-web/mainPage,,未请求,2026-10-09T08:00:51.069907+00:00,experiments/source-accessibility/results/20261009/bodies/0d8f4e37faed6f80a6a13211b748bcee9e8dfedb4271491e58ad2672945b3f60,[],[],[]
dd-391,646,行业尽调,科技与互联网行业,新能源汽车动力蓄电池回收服务网点信息,https://www.miit.gov.cn/datainfo/zysjk/xnyqcdlxdchsfwwdxx/index.html,www.miit.gov.cn,E,动态页/API/iframe待适配,P2,JS_SHELL,200,JS模板/iframe/API；不得把导航文本当数据,未识别；不推断必填参数,JS_OR_IFRAME_REQUIRED,仅入口及最多一篇站内样本；不代表原清单所指核验业务已可用,检查业务JS与网络请求，优先公开API而非浏览器,https://www.miit.gov.cn/datainfo/zysjk/xnyqcdlxdchsfwwdxx/index.html,https://www.miit.gov.cn/datainfo/zysjk/xnyqcdlxdchsfwwdxx/index.html,,未请求,2026-10-09T08:00:51.246762+00:00,experiments/source-accessibility/results/20261009/bodies/04495d2f40d11c966307a06ceedfe2380f72c7e8e2ed75c607d6e329711530da,[],[],[]
dd-392,647,行业尽调,科技与互联网行业,电器电子产品有害物质限制使用公共服务平台,https://chinarohs.miit.gov.cn/#/index,chinarohs.miit.gov.cn,E,动态页/API/iframe待适配,P2,JS_SHELL,200,JS模板/iframe/API；不得把导航文本当数据,未识别；不推断必填参数,JS_OR_IFRAME_REQUIRED,仅入口及最多一篇站内样本；不代表原清单所指核验业务已可用,检查业务JS与网络请求，优先公开API而非浏览器,https://chinarohs.miit.gov.cn/,https://chinarohs.miit.gov.cn/,,未请求,2026-10-09T08:00:51.450541+00:00,experiments/source-accessibility/results/20261009/bodies/b1fbfce768ddf3db2fd40d6a22daf47f48335308326d3e2fe5e17f54cf7fc31f,[],[],[]
dd-393,648,行业尽调,科技与互联网行业,电子认证服务使用密码许可单位名录,http://www.oscca.gov.cn/app-zxfw/xzspsx/syxkdw.jsp?channel_code=c100142,www.oscca.gov.cn,D,输入/登录型入口,暂缓,SKIP_INPUT,200,表单或登录；业务结果未提交验证,"页面字段线索，必填性未验：POST https://oscca.gov.cn/app-zxfw/xzspsx/syxkdw.jsp?channel_code=c100142 [dwmc, licenseno, starttime, endtime]",QUERY_PARAMETERS_REQUIRED,仅入口及最多一篇站内样本；不代表原清单所指核验业务已可用,先明确查询主体与必填项；账号/验证码保留人工入口,https://oscca.gov.cn/app-zxfw/xzspsx/syxkdw.jsp?channel_code=c100142,https://oscca.gov.cn/app-zxfw/xzspsx/syxkdw.jsp?channel_code=c100142,,未请求,2026-10-09T08:00:51.526175+00:00,experiments/source-accessibility/results/20261009/bodies/cc4ccef9b1d5069c3341348f41659ff0a263974a9721cdc2080b58d370f4b96a,"[{""action"": ""https://oscca.gov.cn/app-zxfw/xzspsx/syxkdw.jsp?channel_code=c100142"", ""method"": ""POST"", ""fields"": [{""name"": ""dwmc"", ""type"": ""text"", ""hint"": ""单位名称""}, {""name"": ""licenseno"", ""type"": ""text"", ""hint"": ""许可证号""}, {""name"": ""starttime"", ""type"": ""input"", ""hint"": ""起始日期""}, {""name"": ""endtime"", ""type"": ""input"", ""hint"": ""截止日期""}]}]",[],[]
dd-394,649,行业尽调,科技与互联网行业,外商投资电信企业设立审批,https://www.miit.gov.cn/datainfo/zzsjk/wstzdxqyslsp/,www.miit.gov.cn,E,动态页/API/iframe待适配,P2,JS_SHELL,200,JS模板/iframe/API；不得把导航文本当数据,未识别；不推断必填参数,JS_OR_IFRAME_REQUIRED,仅入口及最多一篇站内样本；不代表原清单所指核验业务已可用,检查业务JS与网络请求，优先公开API而非浏览器,https://www.miit.gov.cn/datainfo/zzsjk/wstzdxqyslsp/,https://www.miit.gov.cn/datainfo/zzsjk/wstzdxqyslsp/,,未请求,2026-10-09T08:00:51.578516+00:00,experiments/source-accessibility/results/20261009/bodies/bb00c6fef2df3748073ae074ae539465e259bd74b9131f6301609df8d2584547,[],[],[]
dd-395,650,行业尽调,科技与互联网行业,互联网电子公告服务审批及备案,https://www.miit.gov.cn/datainfo/zzsjk/hlwdzggfwzxspjba/index.html,www.miit.gov.cn,E,动态页/API/iframe待适配,P2,JS_SHELL,200,JS模板/iframe/API；不得把导航文本当数据,未识别；不推断必填参数,JS_OR_IFRAME_REQUIRED,仅入口及最多一篇站内样本；不代表原清单所指核验业务已可用,检查业务JS与网络请求，优先公开API而非浏览器,https://www.miit.gov.cn/datainfo/zzsjk/hlwdzggfwzxspjba/index.html,https://www.miit.gov.cn/datainfo/zzsjk/hlwdzggfwzxspjba/index.html,,未请求,2026-10-09T08:00:51.658906+00:00,experiments/source-accessibility/results/20261009/bodies/8bfae7ba1f578fc070bb6aea44fd3c27aee12b8d90421b6334ae0e2cba69cadf,[],[],[]
dd-396,651,行业尽调,科技与互联网行业,全国互联网安全管理服务平台,http://www.beian.gov.cn/,www.beian.gov.cn,F,失败/限制，机制未确认,待复查,ROBOTS_DENIED,,UNKNOWN：本轮取不到有效内容,未识别；不推断必填参数,ROBOTS_DENIED,仅入口及最多一篇站内样本；不代表原清单所指核验业务已可用,复核入口迁移与当前环境；不得解释为无相关记录,http://www.beian.gov.cn/,http://www.beian.gov.cn/,,未请求,,,[],[],[]
dd-397,652,行业尽调,科技与互联网行业,军工电子计量技术机构建立认定,https://www.miit.gov.cn/datainfo/zzsjk/jgdzjljsjgjlrd/index.html,www.miit.gov.cn,E,动态页/API/iframe待适配,P2,JS_SHELL,200,JS模板/iframe/API；不得把导航文本当数据,未识别；不推断必填参数,JS_OR_IFRAME_REQUIRED,仅入口及最多一篇站内样本；不代表原清单所指核验业务已可用,检查业务JS与网络请求，优先公开API而非浏览器,https://www.miit.gov.cn/datainfo/zzsjk/jgdzjljsjgjlrd/index.html,https://www.miit.gov.cn/datainfo/zzsjk/jgdzjljsjgjlrd/index.html,,未请求,2026-10-09T08:00:51.730062+00:00,experiments/source-accessibility/results/20261009/bodies/318af6e97ee43c29df994555395240bdcbf9fc4892d3c6608dc77b18df7c199e,[],[],[]
dd-398,653,行业尽调,科技与互联网行业,互联网信息服务投诉平台,https://ts.isc.org.cn/,ts.isc.org.cn,E,动态页/API/iframe待适配,P2,JS_SHELL,200,JS模板/iframe/API；不得把导航文本当数据,未识别；不推断必填参数,JS_OR_IFRAME_REQUIRED,仅入口及最多一篇站内样本；不代表原清单所指核验业务已可用,检查业务JS与网络请求，优先公开API而非浏览器,https://ts.isc.org.cn/,https://ts.isc.org.cn/,,未请求,2026-10-09T08:00:52.613629+00:00,experiments/source-accessibility/results/20261009/bodies/cff2d45e2a9422c4a2ac3558ed172ac269456bc4a9b7d9a03a50bdba593b6d6b,[],[],[]
dd-399,659,行业尽调,生物医药行业,中国临床试验注册中心检索入口,https://www.chictr.org.cn/searchproj.html,www.chictr.org.cn,F,失败/限制，机制未确认,待复查,HTTP_ERROR,405,UNKNOWN：本轮取不到有效内容,未识别；不推断必填参数,HTTP_405,仅入口及最多一篇站内样本；不代表原清单所指核验业务已可用,复核入口迁移与当前环境；不得解释为无相关记录,https://www.chictr.org.cn/searchproj.html,https://www.chictr.org.cn/searchproj.html,,未请求,2026-10-09T08:00:52.708549+00:00,,[],[],[]
dd-400,660,行业尽调,生物医药行业,药物临床试验登记与信息公示平台,http://www.chinadrugtrials.org.cn/index.html,www.chinadrugtrials.org.cn,F,失败/限制，机制未确认,待复查,HTTP_ERROR,202,UNKNOWN：本轮取不到有效内容,未识别；不推断必填参数,HTTP_202,仅入口及最多一篇站内样本；不代表原清单所指核验业务已可用,复核入口迁移与当前环境；不得解释为无相关记录,https://www.chinadrugtrials.org.cn/index.html,https://www.chinadrugtrials.org.cn/index.html,,未请求,2026-10-09T08:00:53.116646+00:00,,[],[],[]
dd-401,661,行业尽调,生物医药行业,国家自然科学基金项目综合查询,https://kd.nsfc.cn/fundingProjectInit,kd.nsfc.cn,F,失败/限制，机制未确认,待复查,ROBOTS_DENIED,,UNKNOWN：本轮取不到有效内容,未识别；不推断必填参数,ROBOTS_DENIED,仅入口及最多一篇站内样本；不代表原清单所指核验业务已可用,复核入口迁移与当前环境；不得解释为无相关记录,https://kd.nsfc.cn/fundingProjectInit,https://kd.nsfc.cn/fundingProjectInit,,未请求,,,[],[],[]
dd-402,662,行业尽调,生物医药行业,【科技部】人类遗传资源管理审批,https://fuwu.most.gov.cn/html/jgcx/,fuwu.most.gov.cn,F,失败/限制，机制未确认,待复查,NETWORK_ERROR,,UNKNOWN：本轮取不到有效内容,未识别；不推断必填参数,URLError,仅入口及最多一篇站内样本；不代表原清单所指核验业务已可用,复核入口迁移与当前环境；不得解释为无相关记录,https://fuwu.most.gov.cn/html/jgcx/,https://fuwu.most.gov.cn/html/jgcx/,,未请求,2026-10-09T08:00:52.856477+00:00,,[],[],[]
dd-403,663,行业尽调,生物医药行业,国家药监局数据查询,https://www.nmpa.gov.cn/datasearch/home-index.html,www.nmpa.gov.cn,F,失败/限制，机制未确认,待复查,HTTP_ERROR,412,UNKNOWN：本轮取不到有效内容,未识别；不推断必填参数,HTTP_412,仅入口及最多一篇站内样本；不代表原清单所指核验业务已可用,复核入口迁移与当前环境；不得解释为无相关记录,https://www.nmpa.gov.cn/datasearch/home-index.html,https://www.nmpa.gov.cn/datasearch/home-index.html,,未请求,2026-10-09T08:00:52.894293+00:00,,[],[],[]
dd-404,664,行业尽调,生物医药行业,医疗器械唯一标识数据库,https://udi.nmpa.gov.cn/,udi.nmpa.gov.cn,F,失败/限制，机制未确认,待复查,NETWORK_ERROR,,UNKNOWN：本轮取不到有效内容,未识别；不推断必填参数,TimeoutError,仅入口及最多一篇站内样本；不代表原清单所指核验业务已可用,复核入口迁移与当前环境；不得解释为无相关记录,https://udi.nmpa.gov.cn/,https://udi.nmpa.gov.cn/,,未请求,2026-10-09T08:00:52.896205+00:00,,[],[],[]
dd-405,665,行业尽调,生物医药行业,三品一械广告审批结果查询,https://spyxggsc.samr.gov.cn/spyxggsc/MDAIS,spyxggsc.samr.gov.cn,G,入口可读，内容未定位,P2,ACCESSIBLE_HTML,200,HTML可读；只有入口级证据,"页面字段线索，必填性未验：GET https://spyxggsc.samr.gov.cn/spyxggsc/MDAIS [advertismentid, ownername, drugid, drugcomname, drugname]; GET https://spyxggsc.samr.gov.cn/spyxggsc/MDAIS [advertismentid, ownername, drugid, drugcomname, drugname]; GET https://spyxggsc.samr.gov.cn/spyxggsc/MDAIS [advertismentid, ownername, drugid, drugcomname, drugname]; GET https://spyxggsc.samr.gov.cn/spyxggsc/MDAIS [advertismentid, ownername, drugid, drugcomname, drugname]",PUBLIC_ENTRY_TEXT_EXTRACTED,仅入口及最多一篇站内样本；不代表原清单所指核验业务已可用,寻找新闻公告栏目；首页可读不等于业务数据可用,https://spyxggsc.samr.gov.cn/spyxggsc/MDAIS,https://spyxggsc.samr.gov.cn/spyxggsc/MDAIS,,未请求,2026-10-09T08:00:53.001008+00:00,experiments/source-accessibility/results/20261009/bodies/4422c1c6268d6ffd1f9b0624b6321f7db5d74378ea4aac8be022111e3ee39aac,"[{""action"": ""https://spyxggsc.samr.gov.cn/spyxggsc/MDAIS"", ""method"": ""GET"", ""fields"": [{""name"": ""advertismentid"", ""type"": ""text"", ""hint"": ""请输入广告批准文号""}, {""name"": ""ownername"", ""type"": ""text"", ""hint"": ""请输入广告申请人""}, {""name"": ""drugid"", ""type"": ""text"", ""hint"": ""请输入药品批准文号""}, {""name"": ""drugcomname"", ""type"": ""text"", ""hint"": ""请输入商品名称""}, {""name"": ""drugname"", ""type"": ""text"", ""hint"": ""请输入品牌名称""}]}, {""action"": ""https://spyxggsc.samr.gov.cn/spyxggsc/MDAIS"", ""method"": ""GET"", ""fields"": [{""name"": ""advertismentid"", ""type"": ""text"", ""hint"": ""请输入广告批准文号""}, {""name"": ""ownername"", ""type"": ""text"", ""hint"": ""请输入广告申请人""}, {""name"": ""drugid"", ""type"": ""text"", ""hint"": ""请输入医疗器械注册证编号""}, {""name"": ""drugcomname"", ""type"": ""text"", ""hint"": ""请输入医疗器械产品名称""}, {""name"": ""drugname"", ""type"": ""text"", ""hint"": ""请输入品牌名称""}]}, {""action"": ""https://spyxggsc.samr.gov.cn/spyxggsc/MDAIS"", ""method"": ""GET"", ""fields"": [{""name"": ""advertismentid"", ""type"": ""text"", ""hint"": ""请输入广告批准文号""}, {""name"": ""ownername"", ""type"": ""text"", ""hint"": ""请输入广告申请人""}, {""name"": ""drugid"", ""type"": ""text"", ""hint"": ""请输入保健食品注册号""}, {""name"": ""drugcomname"", ""type"": ""text"", ""hint"": ""请输入保健食品产品名称""}, {""name"": ""drugname"", ""type"": ""text"", ""hint"": ""请输入品牌名称""}]}, {""action"": ""https://spyxggsc.samr.gov.cn/spyxggsc/MDAIS"", ""method"": ""GET"", ""fields"": [{""name"": ""advertismentid"", ""type"": ""text"", ""hint"": ""请输入广告批准文号""}, {""name"": ""ownername"", ""type"": ""text"", ""hint"": ""请输入广告申请人""}, {""name"": ""drugid"", ""type"": ""text"", ""hint"": ""请输入特医食品注册号""}, {""name"": ""drugcomname"", ""type"": ""text"", ""hint"": ""请输入特医食品产品名称""}, {""name"": ""drugname"", ""type"": ""text"", ""hint"": ""请输入品牌名称""}]}]",[],[]
dd-406,666,行业尽调,生物医药行业,中国医药信息查询平台,https://www.dayi.org.cn/,www.dayi.org.cn,G,入口可读，内容未定位,P2,ACCESSIBLE_HTML,200,HTML可读；只有入口级证据,页面字段线索，必填性未验：请输入您要查询的疾病、症状、医院、医生、药品,PUBLIC_ENTRY_TEXT_EXTRACTED,仅入口及最多一篇站内样本；不代表原清单所指核验业务已可用,寻找新闻公告栏目；首页可读不等于业务数据可用,https://www.dayi.org.cn/,https://www.dayi.org.cn/,,未请求,2026-10-09T08:00:53.178172+00:00,experiments/source-accessibility/results/20261009/bodies/cabadf12b25be782940bd5d7fed8a47e4f4dc1cc303ccc9780d228359351438b,[],[],[]
dd-407,667,行业尽调,生物医药行业,医保药品目录查询,https://wx.nhsa.gov.cn/#/pages/NRDL/index/index,wx.nhsa.gov.cn,E,动态页/API/iframe待适配,P2,JS_SHELL,200,JS模板/iframe/API；不得把导航文本当数据,未识别；不推断必填参数,JS_OR_IFRAME_REQUIRED,仅入口及最多一篇站内样本；不代表原清单所指核验业务已可用,检查业务JS与网络请求，优先公开API而非浏览器,https://wx.nhsa.gov.cn/,https://wx.nhsa.gov.cn/,,未请求,2026-10-09T08:00:53.300155+00:00,experiments/source-accessibility/results/20261009/bodies/a17dd140f219e2518bc7df3e480ce438df31a54035a452c012ec08772846b709,[],[],[]
dd-408,668,行业尽调,生物医药行业,药包材标准,http://app.nifdc.org.cn/jianybz/jybzTwoGj.do,app.nifdc.org.cn,F,失败/限制，机制未确认,待复查,NETWORK_ERROR,,UNKNOWN：本轮取不到有效内容,未识别；不推断必填参数,RemoteDisconnected,仅入口及最多一篇站内样本；不代表原清单所指核验业务已可用,复核入口迁移与当前环境；不得解释为无相关记录,http://app.nifdc.org.cn/jianybz/jybzTwoGj.do,http://app.nifdc.org.cn/jianybz/jybzTwoGj.do,,未请求,2026-10-09T08:00:53.322906+00:00,,[],[],[]
dd-409,669,行业尽调,生物医药行业,医疗器械标准,http://app.nifdc.org.cn/jianybz/jybzTwoGj.do,app.nifdc.org.cn,F,失败/限制，机制未确认,待复查,NETWORK_ERROR,,UNKNOWN：本轮取不到有效内容,未识别；不推断必填参数,RemoteDisconnected,仅入口及最多一篇站内样本；不代表原清单所指核验业务已可用,复核入口迁移与当前环境；不得解释为无相关记录,http://app.nifdc.org.cn/jianybz/jybzTwoGj.do,http://app.nifdc.org.cn/jianybz/jybzTwoGj.do,,未请求,2026-10-09T08:00:53.322906+00:00,,[],[],[]
dd-410,670,行业尽调,生物医药行业,国家药品监督管理局药品评审中心,https://www.cde.org.cn/,www.cde.org.cn,B,静态内容链接，待验详情,P2,ACCESSIBLE_HTML,200,HTML有候选链接；详情正文尚未确认,页面字段线索，必填性未验：GET https://www.cde.org.cn/ [searchInput],PUBLIC_ENTRY_TEXT_EXTRACTED；详情=HTTP_ERROR,仅入口及最多一篇站内样本；不代表原清单所指核验业务已可用,限定目标栏目并核对一篇真实正文/附件,https://www.cde.org.cn/,https://www.cde.org.cn/,https://www.cde.org.cn/main/news/viewInfoCommon/7779bef1b715bc652c1fee2dd2055f08,未请求,2026-10-09T08:00:53.436709+00:00,experiments/source-accessibility/results/20261009/bodies/b6cc3ae3869f8a41abe9851b263404b1fbe4ddb26d4120df29bf7d7162f0df19,"[{""action"": ""https://www.cde.org.cn/"", ""method"": ""GET"", ""fields"": [{""name"": ""searchInput"", ""type"": ""text"", ""hint"": ""请输入关键词""}]}]",[],[]
dd-411,676,行业尽调,采矿业,矿业权市场,http://ky.mnr.gov.cn/,ky.mnr.gov.cn,F,失败/限制，机制未确认,待复查,NETWORK_ERROR,,UNKNOWN：本轮取不到有效内容,未识别；不推断必填参数,RemoteDisconnected,仅入口及最多一篇站内样本；不代表原清单所指核验业务已可用,复核入口迁移与当前环境；不得解释为无相关记录,http://ky.mnr.gov.cn/,http://ky.mnr.gov.cn/,,未请求,2026-10-09T08:00:24.534980+00:00,,[],[],[]
dd-412,677,行业尽调,采矿业,全国矿业权人勘查开采信息公示系统,https://kyqgs.mnr.gov.cn/,kyqgs.mnr.gov.cn,F,失败/限制，机制未确认,待复查,NETWORK_ERROR,,UNKNOWN：本轮取不到有效内容,未识别；不推断必填参数,URLError,仅入口及最多一篇站内样本；不代表原清单所指核验业务已可用,复核入口迁移与当前环境；不得解释为无相关记录,https://kyqgs.mnr.gov.cn/,https://kyqgs.mnr.gov.cn/,,未请求,2026-10-09T08:00:53.878884+00:00,,[],[],[]
dd-413,678,行业尽调,采矿业,全球地质矿产信息系统,http://geoglobal.mnr.gov.cn/,geoglobal.mnr.gov.cn,F,失败/限制，机制未确认,待复查,NETWORK_ERROR,,UNKNOWN：本轮取不到有效内容,未识别；不推断必填参数,RemoteDisconnected,仅入口及最多一篇站内样本；不代表原清单所指核验业务已可用,复核入口迁移与当前环境；不得解释为无相关记录,http://geoglobal.mnr.gov.cn/,http://geoglobal.mnr.gov.cn/,,未请求,2026-10-09T08:00:24.874102+00:00,,[],[],[]
dd-414,679,行业尽调,采矿业,全国地质资料馆,https://www.ngac.cn/125cms/c/qggnew/index.htm,www.ngac.cn,E,动态页/API/iframe待适配,P2,ACCESSIBLE_HTML,200,JS模板/iframe/API；不得把导航文本当数据,页面字段线索，必填性未验：GET https://www.ngac.cn/125cms/c/qggnew/index.htm [keyword],PUBLIC_ENTRY_TEXT_EXTRACTED,仅入口及最多一篇站内样本；不代表原清单所指核验业务已可用,检查业务JS与网络请求，优先公开API而非浏览器,https://www.ngac.cn/125cms/c/qggnew/index.htm,https://www.ngac.cn/125cms/c/qggnew/index.htm,,未请求,2026-10-09T08:00:54.897100+00:00,,"[{""action"": ""https://www.ngac.cn/125cms/c/qggnew/index.htm"", ""method"": ""GET"", ""fields"": [{""name"": ""keyword"", ""type"": ""text"", ""hint"": ""请输入关键词""}]}]","[""https://www.ngac.cn/dzzlfw_sjgl/admin_json/core/user/getMyInfoAndRole.do?time="", ""https://www.ngac.cn/dzzlfw_sjgl/br/download/downloadMange.do"", ""https://www.ngac.cn/dzzlfw_sjgl/admin/core/comment/list.do"", ""https://www.ngac.cn/cas_wz/blank/core/user/detail_blank.do"", ""https://www.ngac.cn/cas_wz/blank/core/user/register.do"", ""https://www.ngac.cn/ord-qgg/rest/open/microService.do?serviceCode="", ""https://www.ngac.cn/mall-wz/rest/open/microService.do?serviceCode=GET_ACCUMULATION_POINT&params="", ""https://www.ngac.cn/ord-qgg/rest/bpm/ord/getItemsCountInCart.do?loginId="", ""https://www.ngac.cn/dlm_wz/admin_blank/core/file/toView.do?id=2098a9f3ff953e4d85725eeeae1b5ad0"", ""https://www.ngac.cn/125cms/ssoLogin.do"", ""https://www.ngac.cn/125cms/ssoLogin.do?sso_backurl="", ""https://www.ngac.cn/dzzlfw_sjgl/admin_json/core/user/exit.do""]","[""https://www.ngac.cn/125cms/c/qggnew/index.htm"", ""https://www.ngac.cn/125cms/c/qggnew/index.htm""]"
dd-415,680,行业尽调,采矿业,全国矿产地数据库,http://ngac.org.cn/Kuangchandi/index.html,ngac.org.cn,F,失败/限制，机制未确认,待复查,NETWORK_ERROR,,UNKNOWN：本轮取不到有效内容,未识别；不推断必填参数,RemoteDisconnected,仅入口及最多一篇站内样本；不代表原清单所指核验业务已可用,复核入口迁移与当前环境；不得解释为无相关记录,http://ngac.org.cn/Kuangchandi/index.html,http://ngac.org.cn/Kuangchandi/index.html,,未请求,2026-10-09T08:00:55.117621+00:00,,[],[],[]
dd-416,681,行业尽调,采矿业,境外矿产资源开发备案,http://kczy.mofcom.gov.cn/,kczy.mofcom.gov.cn,G,入口可读，内容未定位,P2,ACCESSIBLE_HTML,200,HTML可读；只有入口级证据,未识别；不推断必填参数,PUBLIC_ENTRY_TEXT_EXTRACTED,仅入口及最多一篇站内样本；不代表原清单所指核验业务已可用,寻找新闻公告栏目；首页可读不等于业务数据可用,http://kczy.mofcom.gov.cn/,http://kczy.mofcom.gov.cn/,,未请求,2026-10-09T08:00:26.327271+00:00,experiments/source-accessibility/results/20261009/bodies/1061f9b383355ec24b5e6deca3dcd93f95ddd47fb6ca666553ce16acf5317d6c,[],[],[]
dd-417,682,行业尽调,采矿业,地质云,https://geocloud.cgs.gov.cn/#/home,geocloud.cgs.gov.cn,F,失败/限制，机制未确认,待复查,NETWORK_ERROR,,UNKNOWN：本轮取不到有效内容,未识别；不推断必填参数,URLError,仅入口及最多一篇站内样本；不代表原清单所指核验业务已可用,复核入口迁移与当前环境；不得解释为无相关记录,https://geocloud.cgs.gov.cn/,https://geocloud.cgs.gov.cn/,,未请求,2026-10-09T08:00:26.283687+00:00,,[],[],[]
dd-418,683,行业尽调,采矿业,批准开采黄金矿产的企业名单,https://wap.miit.gov.cn/datainfo/zzsjk/pzkchjkcsqqymd/index.html,wap.miit.gov.cn,E,动态页/API/iframe待适配,P2,JS_SHELL,200,JS模板/iframe/API；不得把导航文本当数据,未识别；不推断必填参数,JS_OR_IFRAME_REQUIRED,仅入口及最多一篇站内样本；不代表原清单所指核验业务已可用,检查业务JS与网络请求，优先公开API而非浏览器,https://wap.miit.gov.cn/datainfo/zzsjk/pzkchjkcsqqymd/index.html,https://wap.miit.gov.cn/datainfo/zzsjk/pzkchjkcsqqymd/index.html,,未请求,2026-10-09T08:00:55.145318+00:00,experiments/source-accessibility/results/20261009/bodies/fbb77c9587b3f912eaaf0dfc483c934ed7b2fe9a22c25953c231e678fba3695d,[],[],[]
dd-419,689,行业尽调,交通运输业,公路企业经营资质查询,http://app.gjzwfw.gov.cn/jmopen/webapp/html5/jtbglqyzz/index.html,app.gjzwfw.gov.cn,D,输入/登录型入口,暂缓,SKIP_INPUT,200,表单或登录；业务结果未提交验证,页面字段线索，必填性未验：query1；query2；请输入验证码,QUERY_PARAMETERS_REQUIRED；源码含验证码线索（不等于所有公开栏目受限）,仅入口及最多一篇站内样本；不代表原清单所指核验业务已可用,先明确查询主体与必填项；账号/验证码保留人工入口,http://app.gjzwfw.gov.cn/jmopen/webapp/html5/jtbglqyzz/index.html,http://app.gjzwfw.gov.cn/jmopen/webapp/html5/jtbglqyzz/index.html,,未请求,2026-10-09T08:00:55.309882+00:00,experiments/source-accessibility/results/20261009/bodies/212f4133e16964d01001016da11ec0d2184a0e70275134776eefab1f2351517f,[],[],[]
dd-420,690,行业尽调,交通运输业,道路运政经营业户查询,http://app.gjzwfw.gov.cn/jmopen/webapp/html5/jtbdlyzyh/index.html,app.gjzwfw.gov.cn,D,输入/登录型入口,暂缓,SKIP_INPUT,200,表单或登录；业务结果未提交验证,页面字段线索，必填性未验：query3；query1；query2；请输入验证码,QUERY_PARAMETERS_REQUIRED；源码含验证码线索（不等于所有公开栏目受限）,仅入口及最多一篇站内样本；不代表原清单所指核验业务已可用,先明确查询主体与必填项；账号/验证码保留人工入口,http://app.gjzwfw.gov.cn/jmopen/webapp/html5/jtbdlyzyh/index.html,http://app.gjzwfw.gov.cn/jmopen/webapp/html5/jtbdlyzyh/index.html,,未请求,2026-10-09T08:00:55.484011+00:00,experiments/source-accessibility/results/20261009/bodies/87deb0f16f36dab0cf8355449c15bb072d3efbcccf319c1fae4588a41b2d8f81,[],[],[]
dd-421,691,行业尽调,交通运输业,道路运政从业人员查询,https://ysfw.mot.gov.cn/NetRoadCGSS-web/information/query?searchType=person,ysfw.mot.gov.cn,E,动态页/API/iframe待适配,P2,ACCESSIBLE_HTML,200,JS模板/iframe/API；不得把导航文本当数据,"页面字段线索，必填性未验：GET https://ysfw.mot.gov.cn/NetRoadCGSS-web/information/query?searchType=person [staffName, idType, idCard]; GET https://ysfw.mot.gov.cn/NetRoadCGSS-web/information/query?searchType=person [vehicleNo, transCertificateCode, vinNo, cardNum, cardNum]; GET https://ysfw.mot.gov.cn/NetRoadCGSS-web/information/query?searchType=person [provinceCode, ownerName, licenseCode, ownerNum, ownerNum]; GET https://ysfw.mot.gov.cn/NetRoadCGSS-web/information/query?searchType=person [ownerFilingsProvince, ownerFilingsType, ownerFilingsQueryType, ownerFilingsQueryType, ownerFilingsName, ownerFilingsNo]; GET https://ysfw.mot.gov.cn/NetRoadCGSS-web/information/query?searchType=person [staffName, idType, idCard]; GET https://ysfw.mot.gov.cn/NetRoadCGSS-web/information/query?searchType=person [vehicleNo, transCertificateCode, vinNo, cardNum, cardNum]; GET https://ysfw.mot.gov.cn/NetRoadCGSS-web/information/query?searchType=person [rentNum, rentNum, rentNum, ownerName, vehicleNo, issueOrganName, province, city, area]; GET https://ysfw.mot.gov.cn/NetRoadCGSS-web/information/query?searchType=person [vehicleNo, plateColorCode]; GET https://ysfw.mot.gov.cn/NetRoadCGSS-web/information/query?searchType=person [vehicleNo, plateColorCode, labelNum]; GET https://ysfw.mot.gov.cn/NetRoadCGSS-web/information/query?searchType=person [vehicleNo, plateColorCode, vinNo]",PUBLIC_ENTRY_TEXT_EXTRACTED；源码含验证码线索（不等于所有公开栏目受限）,仅入口及最多一篇站内样本；不代表原清单所指核验业务已可用,检查业务JS与网络请求，优先公开API而非浏览器,https://ysfw.mot.gov.cn/NetRoadCGSS-web/information/query?searchType=person,https://ysfw.mot.gov.cn/NetRoadCGSS-web/information/query?searchType=person,,未请求,2026-10-09T08:00:55.769629+00:00,experiments/source-accessibility/results/20261009/bodies/010a430043e00534006e63a203d03049f9a5ab4c0de1a5a04d1b93a7e3b6d59b,"[{""action"": ""https://ysfw.mot.gov.cn/NetRoadCGSS-web/information/query?searchType=person"", ""method"": ""GET"", ""fields"": [{""name"": ""staffName"", ""type"": ""text"", ""hint"": ""请输入您的姓名""}, {""name"": ""idType"", ""type"": ""select"", ""hint"": """"}, {""name"": ""idCard"", ""type"": ""text"", ""hint"": ""请输入身份证号""}]}, {""action"": ""https://ysfw.mot.gov.cn/NetRoadCGSS-web/information/query?searchType=person"", ""method"": ""GET"", ""fields"": [{""name"": ""vehicleNo"", ""type"": ""text"", ""hint"": ""请输入车辆号牌""}, {""name"": ""transCertificateCode"", ""type"": ""text"", ""hint"": ""请输入道路运输证号""}, {""name"": ""vinNo"", ""type"": ""text"", ""hint"": ""请输入VIN码""}, {""name"": ""cardNum"", ""type"": ""radio"", ""hint"": """"}, {""name"": ""cardNum"", ""type"": ""radio"", ""hint"": """"}]}, {""action"": ""https://ysfw.mot.gov.cn/NetRoadCGSS-web/information/query?searchType=person"", ""method"": ""GET"", ""fields"": [{""name"": ""provinceCode"", ""type"": ""select"", ""hint"": """"}, {""name"": ""ownerName"", ""type"": ""text"", ""hint"": ""请输入经营业户名称""}, {""name"": ""licenseCode"", ""type"": ""text"", ""hint"": ""请输入经营许可证号""}, {""name"": ""ownerNum"", ""type"": ""radio"", ""hint"": """"}, {""name"": ""ownerNum"", ""type"": ""radio"", ""hint"": """"}]}, {""action"": ""https://ysfw.mot.gov.cn/NetRoadCGSS-web/information/query?searchType=person"", ""method"": ""GET"", ""fields"": [{""name"": ""ownerFilingsProvince"", ""type"": ""select"", ""hint"": """"}, {""name"": ""ownerFilingsType"", ""type"": ""select"", ""hint"": """"}, {""name"": ""ownerFilingsQueryType"", ""type"": ""radio"", ""hint"": """"}, {""name"": ""ownerFilingsQueryType"", ""type"": ""radio"", ""hint"": """"}, {""name"": ""ownerFilingsName"", ""type"": ""text"", ""hint"": ""请输入企业名称""}, {""name"": ""ownerFilingsNo"", ""type"": ""text"", ""hint"": ""请输入备案编号""}]}, {""action"": ""https://ysfw.mot.gov.cn/NetRoadCGSS-web/information/query?searchType=person"", ""method"": ""GET"", ""fields"": [{""name"": ""staffName"", ""type"": ""text"", ""hint"": ""请输入您的姓名""}, {""name"": ""idType"", ""type"": ""select"", ""hint"": """"}, {""name"": ""idCard"", ""type"": ""text"", ""hint"": ""请输入身份证号""}]}, {""action"": ""https://ysfw.mot.gov.cn/NetRoadCGSS-web/information/query?searchType=person"", ""method"": ""GET"", ""fields"": [{""name"": ""vehicleNo"", ""type"": ""text"", ""hint"": ""请输入车辆号牌""}, {""name"": ""transCertificateCode"", ""type"": ""text"", ""hint"": ""请输入道路运输证号""}, {""name"": ""vinNo"", ""type"": ""text"", ""hint"": ""请输入VIN码""}, {""name"": ""cardNum"", ""type"": ""radio"", ""hint"": """"}, {""name"": ""cardNum"", ""type"": ""radio"", ""hint"": """"}]}, {""action"": ""https://ysfw.mot.gov.cn/NetRoadCGSS-web/information/query?searchType=person"", ""method"": ""GET"", ""fields"": [{""name"": ""rentNum"", ""type"": ""radio"", ""hint"": """"}, {""name"": ""rentNum"", ""type"": ""radio"", ""hint"": """"}, {""name"": ""rentNum"", ""type"": ""radio"", ""hint"": """"}, {""name"": ""ownerName"", ""type"": ""text"", ""hint"": ""请输入经营者名称""}, {""name"": ""vehicleNo"", ""type"": ""text"", ""hint"": ""请完整输入车辆号牌号码""}, {""name"": ""issueOrganName"", ""type"": ""text"", ""hint"": ""请输入备案机构名称""}, {""name"": ""province"", ""type"": ""select"", ""hint"": """"}, {""name"": ""city"", ""type"": ""select"", ""hint"": """"}, {""name"": ""area"", ""type"": ""select"", ""hint"": """"}]}, {""action"": ""https://ysfw.mot.gov.cn/NetRoadCGSS-web/information/query?searchType=person"", ""method"": ""GET"", ""fields"": [{""name"": ""vehicleNo"", ""type"": ""text"", ""hint"": ""请输入车辆号牌""}, {""name"": ""plateColorCode"", ""type"": ""select"", ""hint"": """"}]}, {""action"": ""https://ysfw.mot.gov.cn/NetRoadCGSS-web/information/query?searchType=person"", ""method"": ""GET"", ""fields"": [{""name"": ""vehicleNo"", ""type"": ""text"", ""hint"": ""请输入车辆号牌""}, {""name"": ""plateColorCode"", ""type"": ""select"", ""hint"": """"}, {""name"": ""labelNum"", ""type"": ""text"", ""hint"": ""请输入标志牌顺序号""}]}, {""action"": ""https://ysfw.mot.gov.cn/NetRoadCGSS-web/information/query?searchType=person"", ""method"": ""GET"", ""fields"": [{""name"": ""vehicleNo"", ""type"": ""text"", ""hint"": ""请输入车辆号牌""}, {""name"": ""plateColorCode"", ""type"": ""select"", ""hint"": """"}, {""name"": ""vinNo"", ""type"": ""text"", ""hint"": ""请输入车辆识别代号""}]}]","[""https://ysfw.mot.gov.cn/NetRoadCGSS-web/sysdict/getTypeCodes.json?typeCodes=DM_CXDM"", ""https://ysfw.mot.gov.cn/NetRoadCGSS-web/sysdict/getTypeCodes.json?typeCodes=DM_SFZJLBDM"", ""https://ysfw.mot.gov.cn/NetRoadCGSS-web/sysdict/getTypeCodes.json?typeCodes=SM_PROVINCE"", ""https://ysfw.mot.gov.cn/NetRoadCGSS-web/sysdict/getTypeCodes.json?typeCodes=SM_PROVINCE&parentValue="", ""https://ysfw.mot.gov.cn/NetRoadCGSS-web/sysdict/getTypeCodes.json?typeCodes=SM_AREA&parentValue=""]",[]
dd-422,692,行业尽调,交通运输业,道路运政营运车辆查询,http://app.gjzwfw.gov.cn/jmopen/webapp/html5/jtbdlyzcl/index.html,app.gjzwfw.gov.cn,D,输入/登录型入口,暂缓,SKIP_INPUT,200,表单或登录；业务结果未提交验证,页面字段线索，必填性未验：query1；query2；query3；请输入验证码,QUERY_PARAMETERS_REQUIRED；源码含验证码线索（不等于所有公开栏目受限）,仅入口及最多一篇站内样本；不代表原清单所指核验业务已可用,先明确查询主体与必填项；账号/验证码保留人工入口,http://app.gjzwfw.gov.cn/jmopen/webapp/html5/jtbdlyzcl/index.html,http://app.gjzwfw.gov.cn/jmopen/webapp/html5/jtbdlyzcl/index.html,,未请求,2026-10-09T08:00:55.781433+00:00,experiments/source-accessibility/results/20261009/bodies/29ac53d216561b0afb77ea0449e8aac582a4d22f04a800f501c5b3a9817127a2,[],[],[]
dd-423,693,行业尽调,交通运输业,[民航局]资质查询,http://www.caac.gov.cn/FWDT/ZZCX/,www.caac.gov.cn,A,静态正文或名单样本,P1,ACCESSIBLE_HTML,200,无需主体输入的HTML/PDF内容样本,"页面字段线索，必填性未验：GET http://www.caac.gov.cn/FWDT/ZZCX/ [tab, qt]",PUBLIC_ENTRY_TEXT_EXTRACTED；详情=ACCESSIBLE_PDF；自动识别的正文样本，语义准确性待逐源核对,仅入口及最多一篇站内样本；不代表原清单所指核验业务已可用,选定业务栏目，补分页/增量/正文准确性验收,http://www.caac.gov.cn/FWDT/ZZCX/,http://www.caac.gov.cn/FWDT/ZZCX/JTGLL/201709/P020211028531881614696.pdf,http://www.caac.gov.cn/FWDT/ZZCX/JTGLL/201709/P020211028531881614696.pdf,未请求,2026-10-09T08:00:56.028035+00:00,experiments/source-accessibility/results/20261009/bodies/751c44915ae77858bb42fcc91726177abaeff1888e30ff1130a2a778b169f939,"[{""action"": ""http://www.caac.gov.cn/FWDT/ZZCX/"", ""method"": ""GET"", ""fields"": [{""name"": ""tab"", ""type"": ""text"", ""hint"": """"}, {""name"": ""qt"", ""type"": ""text"", ""hint"": """"}]}]",[],[]
dd-424,694,行业尽调,交通运输业,国际货运代理企业备案,http://gjhy.mofcom.gov.cn/tableLoad.shtml,gjhy.mofcom.gov.cn,F,失败/限制，机制未确认,待复查,NETWORK_ERROR,,UNKNOWN：本轮取不到有效内容,未识别；不推断必填参数,RemoteDisconnected,仅入口及最多一篇站内样本；不代表原清单所指核验业务已可用,复核入口迁移与当前环境；不得解释为无相关记录,http://gjhy.mofcom.gov.cn/tableLoad.shtml,http://gjhy.mofcom.gov.cn/tableLoad.shtml,,未请求,2026-10-09T08:00:56.892467+00:00,,[],[],[]
dd-425,695,行业尽调,交通运输业,航运企业经营资质查询（部本级数据）,http://app.gjzwfw.gov.cn/jmopen/webapp/html5/jtbsyqyzz/index.html,app.gjzwfw.gov.cn,D,输入/登录型入口,暂缓,SKIP_INPUT,200,表单或登录；业务结果未提交验证,页面字段线索，必填性未验：query0；bianhao；dizhi；请输入验证码,QUERY_PARAMETERS_REQUIRED；源码含验证码线索（不等于所有公开栏目受限）,仅入口及最多一篇站内样本；不代表原清单所指核验业务已可用,先明确查询主体与必填项；账号/验证码保留人工入口,http://app.gjzwfw.gov.cn/jmopen/webapp/html5/jtbsyqyzz/index.html,http://app.gjzwfw.gov.cn/jmopen/webapp/html5/jtbsyqyzz/index.html,,未请求,2026-10-09T08:00:56.948834+00:00,experiments/source-accessibility/results/20261009/bodies/b3b44778aa16c0db7b49235211fd9ce797e99d5a6c347390f29f4bb463676a05,[],[],[]
dd-426,696,行业尽调,交通运输业,船舶经营资质查询(部本级数据),http://app.gjzwfw.gov.cn/jmopen/webapp/html5/jtbcbjjzz/index.html,app.gjzwfw.gov.cn,D,输入/登录型入口,暂缓,SKIP_INPUT,200,表单或登录；业务结果未提交验证,页面字段线索，必填性未验：query0；bianhao；dizhi；请输入验证码,QUERY_PARAMETERS_REQUIRED；源码含验证码线索（不等于所有公开栏目受限）,仅入口及最多一篇站内样本；不代表原清单所指核验业务已可用,先明确查询主体与必填项；账号/验证码保留人工入口,http://app.gjzwfw.gov.cn/jmopen/webapp/html5/jtbcbjjzz/index.html,http://app.gjzwfw.gov.cn/jmopen/webapp/html5/jtbcbjjzz/index.html,,未请求,2026-10-09T08:00:57.118133+00:00,experiments/source-accessibility/results/20261009/bodies/f808e3329493234d4e87ab297f60c45a956cfd6e460280e5154b857527b607a6,[],[],[]
dd-427,697,行业尽调,交通运输业,海员证书查询,http://app.gjzwfw.gov.cn/jmopen/webapp/html5/jtbhyzs/index.html,app.gjzwfw.gov.cn,D,输入/登录型入口,暂缓,SKIP_INPUT,200,表单或登录；业务结果未提交验证,页面字段线索，必填性未验：query0；query1；query2；请输入验证码,QUERY_PARAMETERS_REQUIRED；源码含验证码线索（不等于所有公开栏目受限）,仅入口及最多一篇站内样本；不代表原清单所指核验业务已可用,先明确查询主体与必填项；账号/验证码保留人工入口,http://app.gjzwfw.gov.cn/jmopen/webapp/html5/jtbhyzs/index.html,http://app.gjzwfw.gov.cn/jmopen/webapp/html5/jtbhyzs/index.html,,未请求,2026-10-09T08:00:57.174706+00:00,experiments/source-accessibility/results/20261009/bodies/20fd00b4997a81972fa5ac8295af233172cd804edae03ff21ec19fe0fbbd73ca,[],[],[]
dd-428,698,行业尽调,交通运输业,民航企业业绩查询,http://app.gjzwfw.gov.cn/jmopen/webapp/html5/caacqyyj/index.html,app.gjzwfw.gov.cn,D,输入/登录型入口,暂缓,SKIP_INPUT,200,表单或登录；业务结果未提交验证,页面字段线索，必填性未验：项目名称；招标单位；中标单位；请输入验证码,QUERY_PARAMETERS_REQUIRED；源码含验证码线索（不等于所有公开栏目受限）,仅入口及最多一篇站内样本；不代表原清单所指核验业务已可用,先明确查询主体与必填项；账号/验证码保留人工入口,http://app.gjzwfw.gov.cn/jmopen/webapp/html5/caacqyyj/index.html,http://app.gjzwfw.gov.cn/jmopen/webapp/html5/caacqyyj/index.html,,未请求,2026-10-09T08:00:58.563540+00:00,experiments/source-accessibility/results/20261009/bodies/bea4ae2f982422144b984b621b048a885c83389621d6ddaa39bcda7ca6d07a08,[],[],[]
dd-429,699,行业尽调,交通运输业,民航行程单验真,http://www.caac.gov.cn/INDEX/HLFW/DZKPYZ/,www.caac.gov.cn,D,输入/登录型入口,暂缓,ACCESSIBLE_HTML,200,实际取得航空旅行常识文章，不是行程单验真结果；验真入口有验证码线索,行程单业务字段尚未逐项验证；未输入旅客信息,实际取得航空旅行常识文章，不是行程单验真结果；验真入口有验证码线索,仅以上明确描述的公开内容与参数；未验证全量、主体完整核验或长期稳定性,先明确查询主体与必填项；账号/验证码保留人工入口,http://www.caac.gov.cn/INDEX/HLFW/DZKPYZ/,http://www.caac.gov.cn/INDEX/HLFW/HKLXCS/202303/t20230316_217597.html,http://www.caac.gov.cn/INDEX/HLFW/HKLXCS/202303/t20230316_217597.html,未请求,2026-10-09T08:00:58.758682+00:00,experiments/source-accessibility/results/20261009/bodies/9068c057cf8b5cfe203e02226c1d177754d77fc960191bc9e97a2fe4c298c04b,"[{""action"": ""http://www.caac.gov.cn/INDEX/HLFW/DZKPYZ/"", ""method"": ""GET"", ""fields"": [{""name"": ""tab"", ""type"": ""text"", ""hint"": """"}, {""name"": ""qt"", ""type"": ""text"", ""hint"": """"}]}, {""action"": ""http://www.caac.gov.cn/INDEX/HLFW/GNHBCX/"", ""method"": ""GET"", ""fields"": [{""name"": ""journeyType"", ""type"": ""radio"", ""hint"": """"}, {""name"": ""journeyType"", ""type"": ""radio"", ""hint"": """"}, {""name"": ""stop"", ""type"": ""radio"", ""hint"": """"}, {""name"": ""stop"", ""type"": ""radio"", ""hint"": """"}, {""name"": ""homecity_name"", ""type"": ""text"", ""hint"": """"}, {""name"": ""getcity_name"", ""type"": ""text"", ""hint"": """"}, {""name"": ""inDate"", ""type"": ""input"", ""hint"": """"}, {""name"": ""outDate"", ""type"": ""input"", ""hint"": """"}, {""name"": ""airline"", ""type"": ""select"", ""hint"": """"}, {""name"": ""veriCode"", ""type"": ""text"", ""hint"": """"}]}]",[],"[""https://www.travelsky.com.cn/pcValidate""]"
dd-430,700,行业尽调,交通运输业,铁路局行政许可公告查询,https://zwfw.nra.gov.cn/col/col66/index.html,zwfw.nra.gov.cn,D,输入/登录型入口,暂缓,SKIP_INPUT,200,表单或登录；业务结果未提交验证,页面字段线索，必填性未验：fgwxx；请输入验证码；fgwxx；请输入验证码；fgwxx；请输入验证码,QUERY_PARAMETERS_REQUIRED；源码含验证码线索（不等于所有公开栏目受限）,仅入口及最多一篇站内样本；不代表原清单所指核验业务已可用,先明确查询主体与必填项；账号/验证码保留人工入口,https://zwfw.nra.gov.cn/col/col66/index.html,https://zwfw.nra.gov.cn/col/col66/index.html,,未请求,2026-10-09T08:01:00.126212+00:00,experiments/source-accessibility/results/20261009/bodies/a37db5eaf54db1ffc77bf57e928fc4e198d5371763e4d3b13401276e02416c1d,[],[],[]
dd-431,701,行业尽调,交通运输业,铁路技术标准信息查询,http://app.gjzwfw.gov.cn/jmopen/webapp/html5/tljsbzxxfwpt/index.html,app.gjzwfw.gov.cn,D,输入/登录型入口,暂缓,SKIP_INPUT,200,表单或登录；业务结果未提交验证,页面字段线索，必填性未验：fgwxx；请输入验证码,QUERY_PARAMETERS_REQUIRED；源码含验证码线索（不等于所有公开栏目受限）,仅入口及最多一篇站内样本；不代表原清单所指核验业务已可用,先明确查询主体与必填项；账号/验证码保留人工入口,http://app.gjzwfw.gov.cn/jmopen/webapp/html5/tljsbzxxfwpt/index.html,http://app.gjzwfw.gov.cn/jmopen/webapp/html5/tljsbzxxfwpt/index.html,,未请求,2026-10-09T08:01:00.400551+00:00,experiments/source-accessibility/results/20261009/bodies/39b7018b50f8b4e5f26ddfd997e78032c08f518afbb80378a8996a1034d595de,[],[],[]
dd-432,702,行业尽调,交通运输业,试验检测人员考试合格查询,https://syjc.jtzyzg.org.cn/SYJC/LEAP/syjc/html/publicQuery.html,syjc.jtzyzg.org.cn,D,输入/登录型入口,暂缓,SKIP_INPUT,200,表单或登录；业务结果未提交验证,页面字段线索，必填性未验：(无name)；(无name)；(无name)；(无name)；(无name)；(无name)；(无name)；(无name)；(无name)；(无name)；(无name)；(无name),QUERY_PARAMETERS_REQUIRED；源码含验证码线索（不等于所有公开栏目受限）,仅入口及最多一篇站内样本；不代表原清单所指核验业务已可用,先明确查询主体与必填项；账号/验证码保留人工入口,https://syjc.jtzyzg.org.cn/SYJC/LEAP/syjc/html/publicQuery.html,https://syjc.jtzyzg.org.cn/SYJC/LEAP/syjc/html/publicQuery.html,,未请求,2026-10-09T08:01:00.441303+00:00,experiments/source-accessibility/results/20261009/bodies/98596269f1676a9acca03c2bbaa29fcee26119c4c7a68d6ed71961bacee235df,[],[],[]
dd-433,708,行业尽调,新闻媒体行业,全国出版物发行单位年度核验查询,https://www.nppa.gov.cn/cbwfxdwndhycx/cbwfxdwndhy_cxy/index.html,www.nppa.gov.cn,G,入口可读，内容未定位,P2,ACCESSIBLE_HTML,200,HTML可读；只有入口级证据,"页面字段线索，必填性未验：GET https://www.nppa.gov.cn/publishing/search.shtml [word, (无name)]",PUBLIC_ENTRY_TEXT_EXTRACTED；源码含验证码线索（不等于所有公开栏目受限）,仅入口及最多一篇站内样本；不代表原清单所指核验业务已可用,寻找新闻公告栏目；首页可读不等于业务数据可用,https://www.nppa.gov.cn/cbwfxdwndhycx/cbwfxdwndhy_cxy/index.html,https://www.nppa.gov.cn/cbwfxdwndhycx/cbwfxdwndhy_cxy/index.html,,未请求,2026-10-09T08:01:00.524507+00:00,experiments/source-accessibility/results/20261009/bodies/8bd325c24cd9dbe434f1fc3425d435ce67bb219f5bb975231d83e3ee8ce5b2e1,"[{""action"": ""https://www.nppa.gov.cn/publishing/search.shtml"", ""method"": ""GET"", ""fields"": [{""name"": ""word"", ""type"": ""text"", ""hint"": ""站内搜索输入""}, {""name"": """", ""type"": ""text"", ""hint"": """"}]}]",[],[]
dd-434,709,行业尽调,新闻媒体行业,全国只读类光盘复制单位光盘来源识别码查询,https://www.nppa.gov.cn/bsfw/cyjghcpcx/202112/P020211208753495011054.pdf,www.nppa.gov.cn,A,静态正文或名单样本,P1,ACCESSIBLE_PDF,200,无需主体输入的HTML/PDF内容样本,未识别；不推断必填参数,PDF_TEXT_LAYER_EXTRACTED；自动识别的正文样本，语义准确性待逐源核对,仅入口及最多一篇站内样本；不代表原清单所指核验业务已可用,选定业务栏目，补分页/增量/正文准确性验收,https://www.nppa.gov.cn/bsfw/cyjghcpcx/202112/P020211208753495011054.pdf,https://www.nppa.gov.cn/bsfw/cyjghcpcx/202112/P020211208753495011054.pdf,,未请求,2026-10-09T08:01:00.730749+00:00,experiments/source-accessibility/results/20261009/bodies/48aac4d1a8230aec91ec160a3fc4bcfe77fa5c8179c483d4e23a22445f2c683a,[],[],[]
dd-435,710,行业尽调,新闻媒体行业,行政审批事项清单,https://www.nppa.gov.cn/bsfw/xksx/xzxksxqd/201802/t20180208_4922.html,www.nppa.gov.cn,G,入口可读，内容未定位,P2,ACCESSIBLE_HTML,200,HTML可读；只有入口级证据,"页面字段线索，必填性未验：GET https://www.nppa.gov.cn/publishing/search.shtml [word, (无name)]",PUBLIC_ENTRY_TEXT_EXTRACTED,仅入口及最多一篇站内样本；不代表原清单所指核验业务已可用,寻找新闻公告栏目；首页可读不等于业务数据可用,https://www.nppa.gov.cn/bsfw/xksx/xzxksxqd/201802/t20180208_4922.html,https://www.nppa.gov.cn/bsfw/xksx/xzxksxqd/201802/t20180208_4922.html,,未请求,2026-10-09T08:01:01.773126+00:00,experiments/source-accessibility/results/20261009/bodies/a7a44dcdc02e30a9bc25d5a0fe09399445a364c1150b15e4e1e51259de0a18da,"[{""action"": ""https://www.nppa.gov.cn/publishing/search.shtml"", ""method"": ""GET"", ""fields"": [{""name"": ""word"", ""type"": ""text"", ""hint"": ""站内搜索输入""}, {""name"": """", ""type"": ""text"", ""hint"": """"}]}]",[],[]
dd-436,711,行业尽调,新闻媒体行业,图书出版单位,https://www.nppa.gov.cn/bsfw/cyjghcpcx/tcdw/index.html,www.nppa.gov.cn,G,入口可读，内容未定位,P2,ACCESSIBLE_HTML,200,HTML可读；只有入口级证据,"页面字段线索，必填性未验：GET https://www.nppa.gov.cn/publishing/search.shtml [word, (无name)]; GET https://www.nppa.gov.cn/bsfw/cyjghcpcx/tcdw/index.html [dwmc, diqu, zgdw, zbdw]",PUBLIC_ENTRY_TEXT_EXTRACTED；源码含验证码线索（不等于所有公开栏目受限）,仅入口及最多一篇站内样本；不代表原清单所指核验业务已可用,寻找新闻公告栏目；首页可读不等于业务数据可用,https://www.nppa.gov.cn/bsfw/cyjghcpcx/tcdw/index.html,https://www.nppa.gov.cn/bsfw/cyjghcpcx/tcdw/index.html,,未请求,2026-10-09T08:01:02.070152+00:00,experiments/source-accessibility/results/20261009/bodies/cc33169ac01e62135b4c656c7bf0d5335aaf01b14159c0d20b4793b278130879,"[{""action"": ""https://www.nppa.gov.cn/publishing/search.shtml"", ""method"": ""GET"", ""fields"": [{""name"": ""word"", ""type"": ""text"", ""hint"": ""站内搜索输入""}, {""name"": """", ""type"": ""text"", ""hint"": """"}]}, {""action"": ""https://www.nppa.gov.cn/bsfw/cyjghcpcx/tcdw/index.html"", ""method"": ""GET"", ""fields"": [{""name"": ""dwmc"", ""type"": ""text"", ""hint"": """"}, {""name"": ""diqu"", ""type"": ""text"", ""hint"": """"}, {""name"": ""zgdw"", ""type"": ""text"", ""hint"": """"}, {""name"": ""zbdw"", ""type"": ""text"", ""hint"": """"}]}]",[],[]
dd-437,712,行业尽调,新闻媒体行业,报纸/报社,https://www.nppa.gov.cn/bsfw/cyjghcpcx/bzbs/index.html,www.nppa.gov.cn,G,入口可读，内容未定位,P2,ACCESSIBLE_HTML,200,HTML可读；只有入口级证据,"页面字段线索，必填性未验：GET https://www.nppa.gov.cn/publishing/search.shtml [word, (无name)]; GET https://www.nppa.gov.cn/bsfw/cyjghcpcx/bzbs/index.html [jgmc, kanh, input1]",PUBLIC_ENTRY_TEXT_EXTRACTED；源码含验证码线索（不等于所有公开栏目受限）,仅入口及最多一篇站内样本；不代表原清单所指核验业务已可用,寻找新闻公告栏目；首页可读不等于业务数据可用,https://www.nppa.gov.cn/bsfw/cyjghcpcx/bzbs/index.html,https://www.nppa.gov.cn/bsfw/cyjghcpcx/bzbs/index.html,,未请求,2026-10-09T08:01:02.633112+00:00,experiments/source-accessibility/results/20261009/bodies/fa695770962e0ca6f247ad35b87cf01441c7287781b3b71719277007f7ded780,"[{""action"": ""https://www.nppa.gov.cn/publishing/search.shtml"", ""method"": ""GET"", ""fields"": [{""name"": ""word"", ""type"": ""text"", ""hint"": ""站内搜索输入""}, {""name"": """", ""type"": ""text"", ""hint"": """"}]}, {""action"": ""https://www.nppa.gov.cn/bsfw/cyjghcpcx/bzbs/index.html"", ""method"": ""GET"", ""fields"": [{""name"": ""jgmc"", ""type"": ""text"", ""hint"": ""报纸名称""}, {""name"": ""kanh"", ""type"": ""text"", ""hint"": ""刊号""}, {""name"": ""input1"", ""type"": ""text"", ""hint"": """"}]}]",[],[]
dd-438,713,行业尽调,新闻媒体行业,期刊/期刊社,https://www.nppa.gov.cn/bsfw/cyjghcpcx/qkan/index.html,www.nppa.gov.cn,G,入口可读，内容未定位,P2,ACCESSIBLE_HTML,200,HTML可读；只有入口级证据,"页面字段线索，必填性未验：GET https://www.nppa.gov.cn/publishing/search.shtml [word, (无name)]; GET https://www.nppa.gov.cn/bsfw/cyjghcpcx/qkan/index.html [jgmc, kanh, input1]",PUBLIC_ENTRY_TEXT_EXTRACTED；源码含验证码线索（不等于所有公开栏目受限）,仅入口及最多一篇站内样本；不代表原清单所指核验业务已可用,寻找新闻公告栏目；首页可读不等于业务数据可用,https://www.nppa.gov.cn/bsfw/cyjghcpcx/qkan/index.html,https://www.nppa.gov.cn/bsfw/cyjghcpcx/qkan/index.html,,未请求,2026-10-09T08:01:03.710746+00:00,experiments/source-accessibility/results/20261009/bodies/1e8aa1c0a4b2ed916a631a22e58e16489c3079b3cdefa063c82dddc0d85f0b13,"[{""action"": ""https://www.nppa.gov.cn/publishing/search.shtml"", ""method"": ""GET"", ""fields"": [{""name"": ""word"", ""type"": ""text"", ""hint"": ""站内搜索输入""}, {""name"": """", ""type"": ""text"", ""hint"": """"}]}, {""action"": ""https://www.nppa.gov.cn/bsfw/cyjghcpcx/qkan/index.html"", ""method"": ""GET"", ""fields"": [{""name"": ""jgmc"", ""type"": ""text"", ""hint"": ""期刊名称""}, {""name"": ""kanh"", ""type"": ""text"", ""hint"": ""刊号""}, {""name"": ""input1"", ""type"": ""text"", ""hint"": """"}]}]",[],[]
dd-439,714,行业尽调,新闻媒体行业,音像出版单位,https://www.nppa.gov.cn/bsfw/cyjghcpcx/yxcb/index.html,www.nppa.gov.cn,G,入口可读，内容未定位,P2,ACCESSIBLE_HTML,200,HTML可读；只有入口级证据,"页面字段线索，必填性未验：GET https://www.nppa.gov.cn/publishing/search.shtml [word, (无name)]; GET https://www.nppa.gov.cn/bsfw/cyjghcpcx/yxcb/index.html [dwmc, diqu, zgdw, zbdw]",PUBLIC_ENTRY_TEXT_EXTRACTED；源码含验证码线索（不等于所有公开栏目受限）,仅入口及最多一篇站内样本；不代表原清单所指核验业务已可用,寻找新闻公告栏目；首页可读不等于业务数据可用,https://www.nppa.gov.cn/bsfw/cyjghcpcx/yxcb/index.html,https://www.nppa.gov.cn/bsfw/cyjghcpcx/yxcb/index.html,,未请求,2026-10-09T08:01:04.419249+00:00,experiments/source-accessibility/results/20261009/bodies/8e3212e160038655a94d9b0f0c9028b7929b2bb6afcf3a28c9e8e2c17a66a1ab,"[{""action"": ""https://www.nppa.gov.cn/publishing/search.shtml"", ""method"": ""GET"", ""fields"": [{""name"": ""word"", ""type"": ""text"", ""hint"": ""站内搜索输入""}, {""name"": """", ""type"": ""text"", ""hint"": """"}]}, {""action"": ""https://www.nppa.gov.cn/bsfw/cyjghcpcx/yxcb/index.html"", ""method"": ""GET"", ""fields"": [{""name"": ""dwmc"", ""type"": ""text"", ""hint"": """"}, {""name"": ""diqu"", ""type"": ""text"", ""hint"": """"}, {""name"": ""zgdw"", ""type"": ""text"", ""hint"": """"}, {""name"": ""zbdw"", ""type"": ""text"", ""hint"": """"}]}]",[],[]
dd-440,715,行业尽调,新闻媒体行业,电子出版物出版单位,https://www.nppa.gov.cn/bsfw/cyjghcpcx/dzcb/index.html,www.nppa.gov.cn,G,入口可读，内容未定位,P2,ACCESSIBLE_HTML,200,HTML可读；只有入口级证据,"页面字段线索，必填性未验：GET https://www.nppa.gov.cn/publishing/search.shtml [word, (无name)]; GET https://www.nppa.gov.cn/bsfw/cyjghcpcx/dzcb/index.html [dwmc, diqu, zgdw, zbdw]",PUBLIC_ENTRY_TEXT_EXTRACTED；源码含验证码线索（不等于所有公开栏目受限）,仅入口及最多一篇站内样本；不代表原清单所指核验业务已可用,寻找新闻公告栏目；首页可读不等于业务数据可用,https://www.nppa.gov.cn/bsfw/cyjghcpcx/dzcb/index.html,https://www.nppa.gov.cn/bsfw/cyjghcpcx/dzcb/index.html,,未请求,2026-10-09T08:01:04.945175+00:00,experiments/source-accessibility/results/20261009/bodies/cb92a6ea1db85152427313abac52aaedab9bf9d9a6d0ed98b0eac29ff644eca0,"[{""action"": ""https://www.nppa.gov.cn/publishing/search.shtml"", ""method"": ""GET"", ""fields"": [{""name"": ""word"", ""type"": ""text"", ""hint"": ""站内搜索输入""}, {""name"": """", ""type"": ""text"", ""hint"": """"}]}, {""action"": ""https://www.nppa.gov.cn/bsfw/cyjghcpcx/dzcb/index.html"", ""method"": ""GET"", ""fields"": [{""name"": ""dwmc"", ""type"": ""text"", ""hint"": """"}, {""name"": ""diqu"", ""type"": ""text"", ""hint"": """"}, {""name"": ""zgdw"", ""type"": ""text"", ""hint"": """"}, {""name"": ""zbdw"", ""type"": ""text"", ""hint"": """"}]}]",[],[]
dd-441,716,行业尽调,新闻媒体行业,网络出版服务单位,https://www.nppa.gov.cn/bsfw/cyjghcpcx/wlcb/index.html,www.nppa.gov.cn,G,入口可读，内容未定位,P2,ACCESSIBLE_HTML,200,HTML可读；只有入口级证据,"页面字段线索，必填性未验：GET https://www.nppa.gov.cn/publishing/search.shtml [word, (无name)]; GET https://www.nppa.gov.cn/bsfw/cyjghcpcx/wlcb/index.html [dwmc, diqu]",PUBLIC_ENTRY_TEXT_EXTRACTED；源码含验证码线索（不等于所有公开栏目受限）,仅入口及最多一篇站内样本；不代表原清单所指核验业务已可用,寻找新闻公告栏目；首页可读不等于业务数据可用,https://www.nppa.gov.cn/bsfw/cyjghcpcx/wlcb/index.html,https://www.nppa.gov.cn/bsfw/cyjghcpcx/wlcb/index.html,,未请求,2026-10-09T08:01:05.345003+00:00,experiments/source-accessibility/results/20261009/bodies/71d72bdfdbf6473bfe115859a7ddf2e046344906c9db67523b27d3bad4444e65,"[{""action"": ""https://www.nppa.gov.cn/publishing/search.shtml"", ""method"": ""GET"", ""fields"": [{""name"": ""word"", ""type"": ""text"", ""hint"": ""站内搜索输入""}, {""name"": """", ""type"": ""text"", ""hint"": """"}]}, {""action"": ""https://www.nppa.gov.cn/bsfw/cyjghcpcx/wlcb/index.html"", ""method"": ""GET"", ""fields"": [{""name"": ""dwmc"", ""type"": ""text"", ""hint"": """"}, {""name"": ""diqu"", ""type"": ""text"", ""hint"": """"}]}]",[],[]
dd-442,717,行业尽调,新闻媒体行业,发行机构,https://www.nppa.gov.cn/bsfw/cyjghcpcx/fxjg/index.html,www.nppa.gov.cn,G,入口可读，内容未定位,P2,ACCESSIBLE_HTML,200,HTML可读；只有入口级证据,"页面字段线索，必填性未验：GET https://www.nppa.gov.cn/publishing/search.shtml [word, (无name)]; GET https://www.nppa.gov.cn/bsfw/cyjghcpcx/fxjg/index.html [dwmc, leix]",PUBLIC_ENTRY_TEXT_EXTRACTED,仅入口及最多一篇站内样本；不代表原清单所指核验业务已可用,寻找新闻公告栏目；首页可读不等于业务数据可用,https://www.nppa.gov.cn/bsfw/cyjghcpcx/fxjg/index.html,https://www.nppa.gov.cn/bsfw/cyjghcpcx/fxjg/index.html,,未请求,2026-10-09T08:01:06.222163+00:00,experiments/source-accessibility/results/20261009/bodies/96584850c9af37ba56fc72e553d5b14c0af602ea721d7af4d8360acf492c48f2,"[{""action"": ""https://www.nppa.gov.cn/publishing/search.shtml"", ""method"": ""GET"", ""fields"": [{""name"": ""word"", ""type"": ""text"", ""hint"": ""站内搜索输入""}, {""name"": """", ""type"": ""text"", ""hint"": """"}]}, {""action"": ""https://www.nppa.gov.cn/bsfw/cyjghcpcx/fxjg/index.html"", ""method"": ""GET"", ""fields"": [{""name"": ""dwmc"", ""type"": ""text"", ""hint"": """"}, {""name"": ""leix"", ""type"": ""select"", ""hint"": """"}]}]",[],[]
dd-443,718,行业尽调,新闻媒体行业,出版物信息查询,https://pdc.capub.cn/,pdc.capub.cn,F,失败/限制，机制未确认,待复查,ROBOTS_DENIED,,UNKNOWN：本轮取不到有效内容,未识别；不推断必填参数,ROBOTS_DENIED,仅入口及最多一篇站内样本；不代表原清单所指核验业务已可用,复核入口迁移与当前环境；不得解释为无相关记录,https://pdc.capub.cn/,https://pdc.capub.cn/,,未请求,,,[],[],[]
dd-444,719,行业尽调,新闻媒体行业,连续型电子出版物,https://www.nppa.gov.cn/bsfw/cyjghcpcx/lxdz/index.html,www.nppa.gov.cn,G,入口可读，内容未定位,P2,ACCESSIBLE_HTML,200,HTML可读；只有入口级证据,"页面字段线索，必填性未验：GET https://www.nppa.gov.cn/publishing/search.shtml [word, (无name)]; GET https://www.nppa.gov.cn/bsfw/cyjghcpcx/lxdz/index.html [qkkh, qkmc, cbdw, zgdw, zbdw]",PUBLIC_ENTRY_TEXT_EXTRACTED；源码含验证码线索（不等于所有公开栏目受限）,仅入口及最多一篇站内样本；不代表原清单所指核验业务已可用,寻找新闻公告栏目；首页可读不等于业务数据可用,https://www.nppa.gov.cn/bsfw/cyjghcpcx/lxdz/index.html,https://www.nppa.gov.cn/bsfw/cyjghcpcx/lxdz/index.html,,未请求,2026-10-09T08:01:06.749549+00:00,experiments/source-accessibility/results/20261009/bodies/f6c8ccdc0f3f6ff6235c004fe58dda548ce84cdd47265d7239744832ea3d5631,"[{""action"": ""https://www.nppa.gov.cn/publishing/search.shtml"", ""method"": ""GET"", ""fields"": [{""name"": ""word"", ""type"": ""text"", ""hint"": ""站内搜索输入""}, {""name"": """", ""type"": ""text"", ""hint"": """"}]}, {""action"": ""https://www.nppa.gov.cn/bsfw/cyjghcpcx/lxdz/index.html"", ""method"": ""GET"", ""fields"": [{""name"": ""qkkh"", ""type"": ""text"", ""hint"": """"}, {""name"": ""qkmc"", ""type"": ""text"", ""hint"": """"}, {""name"": ""cbdw"", ""type"": ""text"", ""hint"": """"}, {""name"": ""zgdw"", ""type"": ""text"", ""hint"": """"}, {""name"": ""zbdw"", ""type"": ""text"", ""hint"": """"}]}]",[],[]
dd-445,720,行业尽调,新闻媒体行业,记者证,https://press.nppa.gov.cn/,press.nppa.gov.cn,B,静态内容链接，待验详情,P2,ACCESSIBLE_HTML,200,HTML有候选链接；详情正文尚未确认,页面字段线索，必填性未验：GET https://press.nppa.gov.cn/search [searchword],PUBLIC_ENTRY_TEXT_EXTRACTED；详情=ACCESSIBLE_HTML；源码含验证码线索（不等于所有公开栏目受限）,仅入口及最多一篇站内样本；不代表原清单所指核验业务已可用,限定目标栏目并核对一篇真实正文/附件,https://press.nppa.gov.cn/,https://press.nppa.gov.cn/,https://press.nppa.gov.cn/ggl/202609/t20260930_1010642.html,未请求,2026-10-09T08:01:07.000708+00:00,experiments/source-accessibility/results/20261009/bodies/b6a31e58f37c6bd02b41332d32d252af95cba41905e80e42c006d0ad0675a29c,"[{""action"": ""https://press.nppa.gov.cn/search"", ""method"": ""GET"", ""fields"": [{""name"": ""searchword"", ""type"": ""text"", ""hint"": """"}]}]",[],[]
dd-446,726,行业尽调,文娱行业,中国电影数据信息网,https://www.zgdypw.cn/,www.zgdypw.cn,G,入口可读，内容未定位,P2,ACCESSIBLE_HTML,200,HTML可读；只有入口级证据,未识别；不推断必填参数,PUBLIC_ENTRY_TEXT_EXTRACTED,仅入口及最多一篇站内样本；不代表原清单所指核验业务已可用,寻找新闻公告栏目；首页可读不等于业务数据可用,https://www.zgdypw.cn/,https://www.zgdypw.cn/,,未请求,2026-10-09T08:01:08.025239+00:00,experiments/source-accessibility/results/20261009/bodies/fa100e150b5614b71d7286e65f023c4ff47c0dbf31857526ce0ca7986d755e8a,[],[],[]
dd-447,727,行业尽调,文娱行业,国家新闻出版广电总局电影电子政务平台,https://dy.chinafilm.gov.cn/,dy.chinafilm.gov.cn,F,失败/限制，机制未确认,待复查,NETWORK_ERROR,,UNKNOWN：本轮取不到有效内容,未识别；不推断必填参数,URLError,仅入口及最多一篇站内样本；不代表原清单所指核验业务已可用,复核入口迁移与当前环境；不得解释为无相关记录,https://dy.chinafilm.gov.cn/,https://dy.chinafilm.gov.cn/,,未请求,2026-10-09T08:01:08.180920+00:00,,[],[],[]
dd-448,728,行业尽调,文娱行业,电影备案公示,https://www.chinafilm.gov.cn/xxgk/gsxx/dybalx/,www.chinafilm.gov.cn,B,静态内容链接，待验详情,P2,ACCESSIBLE_HTML,200,HTML有候选链接；详情正文尚未确认,"页面字段线索，必填性未验：GET https://www.chinafilm.gov.cn/search/index.html [word]; POST https://www.chinafilm.gov.cn/was5/web/search [balx, pmin, badw, biju]",PUBLIC_ENTRY_TEXT_EXTRACTED；详情=ACCESSIBLE_HTML,仅入口及最多一篇站内样本；不代表原清单所指核验业务已可用,限定目标栏目并核对一篇真实正文/附件,https://www.chinafilm.gov.cn/xxgk/gsxx/dybalx/,https://www.chinafilm.gov.cn/xxgk/gsxx/dybalx/,https://www.chinafilm.gov.cn/xxgk/gsxx/dybalx/202609/t20260930_1010816.html,未请求,2026-10-09T08:01:08.880308+00:00,experiments/source-accessibility/results/20261009/bodies/059e20881a8b11c50bc97f93fc9bf36e4a37c569af0574be8c5d0ec5b8be6dfe,"[{""action"": ""https://www.chinafilm.gov.cn/search/index.html"", ""method"": ""GET"", ""fields"": [{""name"": ""word"", ""type"": ""text"", ""hint"": ""请输入关键字""}]}, {""action"": ""https://www.chinafilm.gov.cn/was5/web/search"", ""method"": ""POST"", ""fields"": [{""name"": ""balx"", ""type"": ""text"", ""hint"": """"}, {""name"": ""pmin"", ""type"": ""text"", ""hint"": """"}, {""name"": ""badw"", ""type"": ""text"", ""hint"": """"}, {""name"": ""biju"", ""type"": ""text"", ""hint"": """"}]}]",[],[]
dd-449,729,行业尽调,文娱行业,电影公映许可证公示,https://www.chinafilm.gov.cn/xxgk/gsxx/dygyxkz/,www.chinafilm.gov.cn,B,静态内容链接，待验详情,P2,ACCESSIBLE_HTML,200,HTML有候选链接；详情正文尚未确认,"页面字段线索，必填性未验：GET https://www.chinafilm.gov.cn/search/index.html [word]; POST https://www.chinafilm.gov.cn/xxgk/gsxx/dygyxkz/ [bima, gyzh, pmin, cpdw]",PUBLIC_ENTRY_TEXT_EXTRACTED；详情=ACCESSIBLE_HTML,仅入口及最多一篇站内样本；不代表原清单所指核验业务已可用,限定目标栏目并核对一篇真实正文/附件,https://www.chinafilm.gov.cn/xxgk/gsxx/dygyxkz/,https://www.chinafilm.gov.cn/xxgk/gsxx/dygyxkz/,https://www.chinafilm.gov.cn/xxgk/gsxx/dygyxkz/202607/t20260716_999345.html,未请求,2026-10-09T08:01:09.816127+00:00,experiments/source-accessibility/results/20261009/bodies/9ee5e1529c5644840b68f5e3d64bf45370bde9bfb21693d4e2e6c2a0bc809c48,"[{""action"": ""https://www.chinafilm.gov.cn/search/index.html"", ""method"": ""GET"", ""fields"": [{""name"": ""word"", ""type"": ""text"", ""hint"": ""请输入关键字""}]}, {""action"": ""https://www.chinafilm.gov.cn/xxgk/gsxx/dygyxkz/"", ""method"": ""POST"", ""fields"": [{""name"": ""bima"", ""type"": ""text"", ""hint"": """"}, {""name"": ""gyzh"", ""type"": ""text"", ""hint"": """"}, {""name"": ""pmin"", ""type"": ""text"", ""hint"": """"}, {""name"": ""cpdw"", ""type"": ""text"", ""hint"": """"}]}]",[],[]
dd-450,730,行业尽调,文娱行业,国家新闻出版广电总局电视剧电子政务平台,https://dsj.nrta.gov.cn/index.shanty,dsj.nrta.gov.cn,B,静态内容链接，待验详情,P2,ACCESSIBLE_HTML,200,HTML有候选链接；详情正文尚未确认,页面字段线索，必填性未验：POST https://dsj.nrta.gov.cn/tims/site/views/include/quickSearch/checkIssue.shanty [teleplay.title]; POST https://dsj.nrta.gov.cn/tims/site/views/include/quickSearch/checkBlueprint.shanty [teleplay.title]; POST https://dsj.nrta.gov.cn/tims/site/views/include/quickSearch/checkpro.shanty [producer.name],PUBLIC_ENTRY_TEXT_EXTRACTED；详情=ACCESSIBLE_HTML,仅入口及最多一篇站内样本；不代表原清单所指核验业务已可用,限定目标栏目并核对一篇真实正文/附件,https://dsj.nrta.gov.cn/index.shanty,https://dsj.nrta.gov.cn/index.shanty,https://dsj.nrta.gov.cn/article.shanty?id=011ffde10bc20005402881a01ffddcdd,未请求,2026-10-09T08:01:11.145742+00:00,experiments/source-accessibility/results/20261009/bodies/f2d50b879870bb87f4c425aa45e347457a33f7195fd443cf130f4db41ac46a33,"[{""action"": ""https://dsj.nrta.gov.cn/tims/site/views/include/quickSearch/checkIssue.shanty"", ""method"": ""POST"", ""fields"": [{""name"": ""teleplay.title"", ""type"": ""text"", ""hint"": """"}]}, {""action"": ""https://dsj.nrta.gov.cn/tims/site/views/include/quickSearch/checkBlueprint.shanty"", ""method"": ""POST"", ""fields"": [{""name"": ""teleplay.title"", ""type"": ""text"", ""hint"": """"}]}, {""action"": ""https://dsj.nrta.gov.cn/tims/site/views/include/quickSearch/checkpro.shanty"", ""method"": ""POST"", ""fields"": [{""name"": ""producer.name"", ""type"": ""text"", ""hint"": """"}]}]",[],[]
dd-451,731,行业尽调,文娱行业,国家文物局信息查询服务,http://www.ncha.gov.cn/col/col2262/index.html,www.ncha.gov.cn,E,动态页/API/iframe待适配,P2,ACCESSIBLE_HTML,200,JS模板/iframe/API；不得把导航文本当数据,未识别；不推断必填参数,PUBLIC_ENTRY_TEXT_EXTRACTED,仅入口及最多一篇站内样本；不代表原清单所指核验业务已可用,检查业务JS与网络请求，优先公开API而非浏览器,http://www.ncha.gov.cn/col/col2262/index.html,http://www.ncha.gov.cn/col/col2262/index.html,,未请求,2026-10-09T08:01:11.575577+00:00,experiments/source-accessibility/results/20261009/bodies/68fc1b97241ccb43127045080ac8d8006633dfd6bb5b9665286042295c767a21,[],[],"[""http://www.ncha.gov.cn/module/visitcount/visit.jsp?type=2&i_webid=1&i_columnid=2262""]"
dd-452,732,行业尽调,文娱行业,电视剧备案公示,https://www.nrta.gov.cn/col/col8/index.html,www.nrta.gov.cn,E,动态页/API/iframe待适配,P2,ACCESSIBLE_HTML,200,JS模板/iframe/API；不得把导航文本当数据,未识别；不推断必填参数,PUBLIC_ENTRY_TEXT_EXTRACTED；详情=NETWORK_ERROR,仅入口及最多一篇站内样本；不代表原清单所指核验业务已可用,检查业务JS与网络请求，优先公开API而非浏览器,https://www.nrta.gov.cn/col/col8/index.html,https://www.nrta.gov.cn/col/col8/index.html,https://www.nrta.gov.cn/art/2017/11/3/art_2184_39188.html,未请求,2026-10-09T08:01:11.675786+00:00,experiments/source-accessibility/results/20261009/bodies/9e5ee2f4f0c35f2fc03d8cf8cad19df679cb42ae8a38a5b5c379245e343c93c7,[],[],"[""https://www.nrta.gov.cn/module/visitcount/visit.jsp?type=2&i_webid=1&i_columnid=8""]"
dd-453,733,行业尽调,文娱行业,动画片备案公示,https://www.nrta.gov.cn/col/col2111/index.html,www.nrta.gov.cn,F,失败/限制，机制未确认,待复查,NETWORK_ERROR,,UNKNOWN：本轮取不到有效内容,未识别；不推断必填参数,URLError,仅入口及最多一篇站内样本；不代表原清单所指核验业务已可用,复核入口迁移与当前环境；不得解释为无相关记录,https://www.nrta.gov.cn/col/col2111/index.html,https://www.nrta.gov.cn/col/col2111/index.html,,未请求,2026-10-09T08:01:13.195625+00:00,,[],[],[]
dd-454,734,行业尽调,文娱行业,重点网络影视剧信息备案系统,http://211.146.10.138:8080/YSJBA/,211.146.10.138,F,失败/限制，机制未确认,待复查,NETWORK_ERROR,,UNKNOWN：本轮取不到有效内容,未识别；不推断必填参数,URLError,仅入口及最多一篇站内样本；不代表原清单所指核验业务已可用,复核入口迁移与当前环境；不得解释为无相关记录,https://211.146.10.138/YSJBA/,https://211.146.10.138/YSJBA/,,未请求,2026-10-09T08:01:13.288343+00:00,,[],[],[]
dd-455,735,行业尽调,文娱行业,电子游戏审批,https://www.nppa.gov.cn/bsfw/jggs/yxspjg/,www.nppa.gov.cn,B,静态内容链接，待验详情,P2,ACCESSIBLE_HTML,200,HTML有候选链接；详情正文尚未确认,"页面字段线索，必填性未验：GET https://www.nppa.gov.cn/publishing/search.shtml [word, (无name)]; GET https://www.nppa.gov.cn/bsfw/jggs/yxspjg/ [mc, cbdw, yydw, description]",PUBLIC_ENTRY_TEXT_EXTRACTED；详情=ACCESSIBLE_HTML,仅入口及最多一篇站内样本；不代表原清单所指核验业务已可用,限定目标栏目并核对一篇真实正文/附件,https://www.nppa.gov.cn/bsfw/jggs/yxspjg/,https://www.nppa.gov.cn/bsfw/jggs/yxspjg/,https://www.nppa.gov.cn/bsfw/jggs/yxspjg/yxspbgxx/202601/t20260126_947941.html,未请求,2026-10-09T08:01:13.390793+00:00,experiments/source-accessibility/results/20261009/bodies/4d0b8380f235c9d19bf438c9cfbb8783ff2b6555051fbcf6e4b0956dcbaf29a1,"[{""action"": ""https://www.nppa.gov.cn/publishing/search.shtml"", ""method"": ""GET"", ""fields"": [{""name"": ""word"", ""type"": ""text"", ""hint"": ""站内搜索输入""}, {""name"": """", ""type"": ""text"", ""hint"": """"}]}, {""action"": ""https://www.nppa.gov.cn/bsfw/jggs/yxspjg/"", ""method"": ""GET"", ""fields"": [{""name"": ""mc"", ""type"": ""text"", ""hint"": """"}, {""name"": ""cbdw"", ""type"": ""text"", ""hint"": """"}, {""name"": ""yydw"", ""type"": ""text"", ""hint"": """"}, {""name"": ""description"", ""type"": ""text"", ""hint"": """"}]}]",[],[]
dd-456,736,行业尽调,文娱行业,社会艺术水平考级机构查询,http://app.gjzwfw.gov.cn/jmopen/webapp/html5/shysspkjjg/index.html,app.gjzwfw.gov.cn,D,输入/登录型入口,暂缓,SKIP_INPUT,200,表单或登录；业务结果未提交验证,页面字段线索，必填性未验：organizationName；specialtyName；请输入验证码,QUERY_PARAMETERS_REQUIRED；源码含验证码线索（不等于所有公开栏目受限）,仅入口及最多一篇站内样本；不代表原清单所指核验业务已可用,先明确查询主体与必填项；账号/验证码保留人工入口,http://app.gjzwfw.gov.cn/jmopen/webapp/html5/shysspkjjg/index.html,http://app.gjzwfw.gov.cn/jmopen/webapp/html5/shysspkjjg/index.html,,未请求,2026-10-09T08:01:13.543094+00:00,experiments/source-accessibility/results/20261009/bodies/4e3cd4d1703c7f06ac114265989d227f643aeb2c454183bcbb4501e44c97c588,[],[],[]
dd-457,737,行业尽调,文娱行业,全国文物保护工程资质单位数据库,http://gl.ncha.gov.cn/#/Industry/cul-protection-unit-info,gl.ncha.gov.cn,G,入口可读，内容未定位,P2,ACCESSIBLE_HTML,200,HTML可读；只有入口级证据,未识别；不推断必填参数,PUBLIC_ENTRY_TEXT_EXTRACTED,仅入口及最多一篇站内样本；不代表原清单所指核验业务已可用,寻找新闻公告栏目；首页可读不等于业务数据可用,http://gl.ncha.gov.cn/,http://gl.ncha.gov.cn/,,未请求,2026-10-09T08:01:13.704322+00:00,experiments/source-accessibility/results/20261009/bodies/26b33e6d834229cbbd14838fe991611885bbd89238399c9975c6ee5fd2b3c31c,[],[],[]
dd-458,738,行业尽调,文娱行业,文化市场经营单位查询,http://app.gjzwfw.gov.cn/jmopen/webapp/html5/whscjydw/index.html,app.gjzwfw.gov.cn,D,输入/登录型入口,暂缓,SKIP_INPUT,200,表单或登录；业务结果未提交验证,页面字段线索，必填性未验：name；number；请输入验证码,QUERY_PARAMETERS_REQUIRED；源码含验证码线索（不等于所有公开栏目受限）,仅入口及最多一篇站内样本；不代表原清单所指核验业务已可用,先明确查询主体与必填项；账号/验证码保留人工入口,http://app.gjzwfw.gov.cn/jmopen/webapp/html5/whscjydw/index.html,http://app.gjzwfw.gov.cn/jmopen/webapp/html5/whscjydw/index.html,,未请求,2026-10-09T08:01:13.749812+00:00,experiments/source-accessibility/results/20261009/bodies/a0f1d9982678c2b1aa415abb5d1ed2f4d0c7285351fcb5d84556fe8a9a8d6b60,[],[],[]
dd-459,739,行业尽调,文娱行业,经营出境旅游业务旅行社名单查询,http://app.gjzwfw.gov.cn/jmopen/webapp/html5/abroadnamelistjingwai/index.html,app.gjzwfw.gov.cn,D,输入/登录型入口,暂缓,SKIP_INPUT,200,表单或登录；业务结果未提交验证,页面字段线索，必填性未验：travelagencyname；englishname；licensenumber；telephone；请输入验证码,QUERY_PARAMETERS_REQUIRED；源码含验证码线索（不等于所有公开栏目受限）,仅入口及最多一篇站内样本；不代表原清单所指核验业务已可用,先明确查询主体与必填项；账号/验证码保留人工入口,http://app.gjzwfw.gov.cn/jmopen/webapp/html5/abroadnamelistjingwai/index.html,http://app.gjzwfw.gov.cn/jmopen/webapp/html5/abroadnamelistjingwai/index.html,,未请求,2026-10-09T08:01:14.595755+00:00,experiments/source-accessibility/results/20261009/bodies/1ae98dab5c7ee22546c9ef59a796e17e0afe5c7c52ac50a4b7fbba5bc96ff1c3,[],[],[]
dd-460,740,行业尽调,文娱行业,社会组织活动备案查询,https://chinanpo.mca.gov.cn/,chinanpo.mca.gov.cn,G,入口可读，内容未定位,P2,ACCESSIBLE_HTML,200,HTML可读；只有入口级证据,页面字段线索，必填性未验：orgName,PUBLIC_ENTRY_TEXT_EXTRACTED,仅入口及最多一篇站内样本；不代表原清单所指核验业务已可用,寻找新闻公告栏目；首页可读不等于业务数据可用,https://chinanpo.mca.gov.cn/,https://chinanpo.mca.gov.cn/,,未请求,2026-10-09T08:01:14.838802+00:00,experiments/source-accessibility/results/20261009/bodies/fd0b1716f669e470d72f5d8801998de5b3c221fc22e3d8e1a52fd302690965cb,[],[],[]
dd-461,741,行业尽调,文娱行业,体育竞赛信息查询,http://app.gjzwfw.gov.cn/jmopen/webapp/html5/tyzjjsxxcx/index.html,app.gjzwfw.gov.cn,D,输入/登录型入口,暂缓,SKIP_INPUT,200,表单或登录；业务结果未提交验证,页面字段线索，必填性未验：YZM,QUERY_PARAMETERS_REQUIRED；源码含验证码线索（不等于所有公开栏目受限）,仅入口及最多一篇站内样本；不代表原清单所指核验业务已可用,先明确查询主体与必填项；账号/验证码保留人工入口,http://app.gjzwfw.gov.cn/jmopen/webapp/html5/tyzjjsxxcx/index.html,http://app.gjzwfw.gov.cn/jmopen/webapp/html5/tyzjjsxxcx/index.html,,未请求,2026-10-09T08:01:15.178339+00:00,experiments/source-accessibility/results/20261009/bodies/e9cedbc2105cedaca11b8fa30cde145b59112facefe41dfdb58b8e8200374622,[],[],[]
dd-462,742,行业尽调,文娱行业,运动员技术等级查询,http://app.gjzwfw.gov.cn/jmopen/webapp/html5/tyzjydyjsdjcx/index.html,app.gjzwfw.gov.cn,D,输入/登录型入口,暂缓,SKIP_INPUT,200,表单或登录；业务结果未提交验证,页面字段线索，必填性未验：ZSBH；XM；date；date；YZM,QUERY_PARAMETERS_REQUIRED；源码含验证码线索（不等于所有公开栏目受限）,仅入口及最多一篇站内样本；不代表原清单所指核验业务已可用,先明确查询主体与必填项；账号/验证码保留人工入口,http://app.gjzwfw.gov.cn/jmopen/webapp/html5/tyzjydyjsdjcx/index.html,http://app.gjzwfw.gov.cn/jmopen/webapp/html5/tyzjydyjsdjcx/index.html,,未请求,2026-10-09T08:01:15.217860+00:00,experiments/source-accessibility/results/20261009/bodies/b3c196220a26213e60d969223b9b7d134f60287addcf8f83d040c2b1af87ebb0,[],[],[]
dd-463,743,行业尽调,文娱行业,全国文物保护工程资格人员数据库,http://gl.ncha.gov.cn/#/Industry/industry-supervision-management-search,gl.ncha.gov.cn,G,入口可读，内容未定位,P2,ACCESSIBLE_HTML,200,HTML可读；只有入口级证据,未识别；不推断必填参数,PUBLIC_ENTRY_TEXT_EXTRACTED,仅入口及最多一篇站内样本；不代表原清单所指核验业务已可用,寻找新闻公告栏目；首页可读不等于业务数据可用,http://gl.ncha.gov.cn/,http://gl.ncha.gov.cn/,,未请求,2026-10-09T08:01:13.704322+00:00,experiments/source-accessibility/results/20261009/bodies/26b33e6d834229cbbd14838fe991611885bbd89238399c9975c6ee5fd2b3c31c,[],[],[]
dd-464,744,行业尽调,文娱行业,12318全国文化市场举报平台,https://jbts.mct.gov.cn/,jbts.mct.gov.cn,E,动态页/API/iframe待适配,P2,JS_SHELL,200,JS模板/iframe/API；不得把导航文本当数据,未识别；不推断必填参数,JS_OR_IFRAME_REQUIRED,仅入口及最多一篇站内样本；不代表原清单所指核验业务已可用,检查业务JS与网络请求，优先公开API而非浏览器,https://jbts.mct.gov.cn/,https://jbts.mct.gov.cn/,,未请求,2026-10-09T08:01:15.347950+00:00,experiments/source-accessibility/results/20261009/bodies/8b1922d5abdecf745ed27b35c864f1f1b84bdf13118ab359c53bbedf9ebaf181,[],[],[]
dd-465,750,行业尽调,农林牧副渔,农药产品生产批准证书名单,https://wap.miit.gov.cn/datainfo/zysjk/nycpscpzzsmd/index.html,wap.miit.gov.cn,E,动态页/API/iframe待适配,P2,JS_SHELL,200,JS模板/iframe/API；不得把导航文本当数据,未识别；不推断必填参数,JS_OR_IFRAME_REQUIRED,仅入口及最多一篇站内样本；不代表原清单所指核验业务已可用,检查业务JS与网络请求，优先公开API而非浏览器,https://wap.miit.gov.cn/datainfo/zysjk/nycpscpzzsmd/index.html,https://wap.miit.gov.cn/datainfo/zysjk/nycpscpzzsmd/index.html,,未请求,2026-10-09T08:01:15.452759+00:00,experiments/source-accessibility/results/20261009/bodies/94021170c9345685357af7e7572deedc11357698837a16383a2df97c41a8f589,[],[],[]
dd-466,756,行业尽调,教育行业,中国高等教育学生信息网(学信网),https://www.chsi.com.cn/xlcx/,www.chsi.com.cn,B,静态内容链接，待验详情,P2,ACCESSIBLE_HTML,200,HTML有候选链接；详情正文尚未确认,页面字段线索，必填性未验：GET https://cn.bing.com/search [query],PUBLIC_ENTRY_TEXT_EXTRACTED；详情=ACCESSIBLE_HTML,仅入口及最多一篇站内样本；不代表原清单所指核验业务已可用,限定目标栏目并核对一篇真实正文/附件,https://www.chsi.com.cn/xlcx/,https://www.chsi.com.cn/xlcx/,https://www.chsi.com.cn/xlcx/200710/20071019/1407132.html,未请求,2026-10-09T08:01:15.472183+00:00,experiments/source-accessibility/results/20261009/bodies/199145acb97761314c37304cb905a5fb759e18b9afe45212a92f121fdd95d16b,"[{""action"": ""https://cn.bing.com/search"", ""method"": ""GET"", ""fields"": [{""name"": ""query"", ""type"": ""text"", ""hint"": """"}]}]",[],[]
dd-467,757,行业尽调,教育行业,[教育部]阳光高考信息公开平台,https://gaokao.chsi.com.cn/gkzx.do,gaokao.chsi.com.cn,F,失败/限制，机制未确认,待复查,HTTP_ERROR,412,UNKNOWN：本轮取不到有效内容,未识别；不推断必填参数,HTTP_412,仅入口及最多一篇站内样本；不代表原清单所指核验业务已可用,复核入口迁移与当前环境；不得解释为无相关记录,https://gaokao.chsi.com.cn/gkzx.do,https://gaokao.chsi.com.cn/gkzx.do,,未请求,2026-10-09T08:01:15.818504+00:00,,[],[],[]
dd-468,758,行业尽调,教育行业,[教育部]高校名单,http://www.moe.gov.cn/jyb_xxgk/s5743/s5744/A03/202110/t20211025_574874.html,www.moe.gov.cn,B,静态内容链接，待验详情,P2,ACCESSIBLE_HTML,200,HTML有候选链接；详情正文尚未确认,页面字段线索，必填性未验：GET https://so.moe.gov.cn/s [qt],PUBLIC_ENTRY_TEXT_EXTRACTED；详情=ACCESSIBLE_HTML,仅入口及最多一篇站内样本；不代表原清单所指核验业务已可用,限定目标栏目并核对一篇真实正文/附件,http://www.moe.gov.cn/jyb_xxgk/s5743/s5744/A03/202110/t20211025_574874.html,http://www.moe.gov.cn/jyb_xxgk/s5743/s5744/A03/202110/t20211025_574874.html,http://www.moe.gov.cn/jyb_xxgk/s5743/s5744/A03/202110/W020211027623974108131.xls,未请求,2026-10-09T08:01:16.120768+00:00,experiments/source-accessibility/results/20261009/bodies/587adcc5eaa9620d1760a52193386277040de14dfa175ab4d5d1276ecd94d8a2,"[{""action"": ""https://so.moe.gov.cn/s"", ""method"": ""GET"", ""fields"": [{""name"": ""qt"", ""type"": ""text"", ""hint"": """"}]}]",[],[]
dd-469,759,行业尽调,教育行业,学位证书网上查询,https://ssza.psxjsz.com/v2/graduation,ssza.psxjsz.com,F,失败/限制，机制未确认,待复查,NETWORK_ERROR,,UNKNOWN：本轮取不到有效内容,未识别；不推断必填参数,URLError,仅入口及最多一篇站内样本；不代表原清单所指核验业务已可用,复核入口迁移与当前环境；不得解释为无相关记录,https://ssza.psxjsz.com/v2/graduation,https://ssza.psxjsz.com/v2/graduation,,未请求,2026-10-09T08:01:16.957506+00:00,,[],[],[]
dd-470,760,行业尽调,教育行业,国(境)外学历学位认证书在线查询,http://zwfwbl.cscse.edu.cn/homeView/contactUs?type=2,zwfwbl.cscse.edu.cn,F,失败/限制，机制未确认,待复查,NETWORK_ERROR,,UNKNOWN：本轮取不到有效内容,未识别；不推断必填参数,URLError,仅入口及最多一篇站内样本；不代表原清单所指核验业务已可用,复核入口迁移与当前环境；不得解释为无相关记录,https://zwfwbl.cscse.edu.cn/homeView/contactUs?type=2,https://zwfwbl.cscse.edu.cn/homeView/contactUs?type=2,,未请求,2026-10-09T08:01:17.571589+00:00,,[],[],[]
dd-471,761,行业尽调,教育行业,中国民办学校网,http://www.hrmbedu.com.cn/,www.hrmbedu.com.cn,G,入口可读，内容未定位,P2,ACCESSIBLE_HTML,200,HTML可读；只有入口级证据,未识别；不推断必填参数,PUBLIC_ENTRY_TEXT_EXTRACTED,仅入口及最多一篇站内样本；不代表原清单所指核验业务已可用,寻找新闻公告栏目；首页可读不等于业务数据可用,https://www.zgmbxxw.com/,https://www.zgmbxxw.com/,,未请求,2026-10-09T08:01:17.109693+00:00,experiments/source-accessibility/results/20261009/bodies/9ddd59a194b20ec61b5497f94dc27dcf24526e76d419ae3d8bf11d4ab3b27ca6,[],[],[]
dd-472,762,行业尽调,教育行业,国家职业资格证书全国联网查询,http://zscx.osta.org.cn/,zscx.osta.org.cn,E,动态页/API/iframe待适配,P2,JS_SHELL,200,JS模板/iframe/API；不得把导航文本当数据,未识别；不推断必填参数,JS_OR_IFRAME_REQUIRED,仅入口及最多一篇站内样本；不代表原清单所指核验业务已可用,检查业务JS与网络请求，优先公开API而非浏览器,https://zscx.osta.org.cn/,https://zscx.osta.org.cn/,,未请求,2026-10-09T08:01:17.304508+00:00,experiments/source-accessibility/results/20261009/bodies/ca8f7b217483c57c1e5022a4767e6658a5c57ada04a8e5dd7ebe8931337736db,[],[],[]
dd-473,763,行业尽调,教育行业,国家职业资格证书查询,http://app.gjzwfw.gov.cn/jmopen/webapp/html5/tyzjgjzyzgzs/index.html,app.gjzwfw.gov.cn,D,输入/登录型入口,暂缓,SKIP_INPUT,200,表单或登录；业务结果未提交验证,页面字段线索，必填性未验：XM；SFZH；ZSBH；YZM,QUERY_PARAMETERS_REQUIRED；源码含验证码线索（不等于所有公开栏目受限）,仅入口及最多一篇站内样本；不代表原清单所指核验业务已可用,先明确查询主体与必填项；账号/验证码保留人工入口,http://app.gjzwfw.gov.cn/jmopen/webapp/html5/tyzjgjzyzgzs/index.html,http://app.gjzwfw.gov.cn/jmopen/webapp/html5/tyzjgjzyzgzs/index.html,,未请求,2026-10-09T08:01:18.022791+00:00,experiments/source-accessibility/results/20261009/bodies/35e69f9269a298598b0e4815280476aacf04a50ef5dc4d7ed9ac1c9ebfd324eb,[],[],[]
dd-474,764,行业尽调,教育行业,中国人事考试网,http://www.cpta.com.cn/,www.cpta.com.cn,B,静态内容链接，待验详情,P2,ACCESSIBLE_HTML,200,HTML有候选链接；详情正文尚未确认,未识别；不推断必填参数,PUBLIC_ENTRY_TEXT_EXTRACTED；详情=ACCESSIBLE_HTML,仅入口及最多一篇站内样本；不代表原清单所指核验业务已可用,限定目标栏目并核对一篇真实正文/附件,http://www.cpta.com.cn/,http://www.cpta.com.cn/,http://www.cpta.com.cn/2026/2247.html,未请求,2026-10-09T08:01:18.360118+00:00,experiments/source-accessibility/results/20261009/bodies/43ab9e426d8b8c8df80fbc91800de45935b8b6c5b4f910e7b27e808473e33b56,[],[],[]
dd-475,765,行业尽调,教育行业,英语四六级考试成绩查询,https://cjcx.neea.edu.cn/html1/folder/21045/4883-1.htm,cjcx.neea.edu.cn,G,入口可读，内容未定位,P2,ACCESSIBLE_HTML,200,HTML可读；只有入口级证据,页面字段线索，必填性未验：GET https://cjcx.neea.edu.cn/html1/folder/1510/883-1.htm [q],PUBLIC_ENTRY_TEXT_EXTRACTED,仅入口及最多一篇站内样本；不代表原清单所指核验业务已可用,寻找新闻公告栏目；首页可读不等于业务数据可用,https://cjcx.neea.edu.cn/html1/folder/21045/4883-1.htm,https://cjcx.neea.edu.cn/html1/folder/21045/4883-1.htm,,未请求,2026-10-09T08:01:18.643967+00:00,experiments/source-accessibility/results/20261009/bodies/e6fbf1d97488c2c5b5e531ce5cc76351050e810e4c152810643f176463659e42,"[{""action"": ""https://cjcx.neea.edu.cn/html1/folder/1510/883-1.htm"", ""method"": ""GET"", ""fields"": [{""name"": ""q"", ""type"": ""text"", ""hint"": """"}]}]",[],[]
dd-476,766,行业尽调,教育行业,普通话水平测试成绩查询,http://www.cltt.org/#/scoreQuery,www.cltt.org,E,动态页/API/iframe待适配,P2,JS_SHELL,200,JS模板/iframe/API；不得把导航文本当数据,未识别；不推断必填参数,JS_OR_IFRAME_REQUIRED,仅入口及最多一篇站内样本；不代表原清单所指核验业务已可用,检查业务JS与网络请求，优先公开API而非浏览器,https://www.cltt.org/,https://www.cltt.org/,,未请求,2026-10-09T08:01:18.782991+00:00,experiments/source-accessibility/results/20261009/bodies/8196ad490e3858f07471163409dd47a1af95d603f953a265c4d010fc73f25e47,[],[],[]
dd-477,767,行业尽调,教育行业,中国民办教育信息网,https://www.cnhsi.com.cn/hy,www.cnhsi.com.cn,G,入口可读，内容未定位,P2,ACCESSIBLE_HTML,200,HTML可读；只有入口级证据,页面字段线索，必填性未验：GET https://www.cnhsi.com.cn/News/index [keyword],PUBLIC_ENTRY_TEXT_EXTRACTED,仅入口及最多一篇站内样本；不代表原清单所指核验业务已可用,寻找新闻公告栏目；首页可读不等于业务数据可用,https://www.cnhsi.com.cn/hy/,https://www.cnhsi.com.cn/hy/,,未请求,2026-10-09T08:01:19.255075+00:00,experiments/source-accessibility/results/20261009/bodies/242569451b54e85a710688f776d8b6ea075d412e709ac566fa49d05a96f047a0,"[{""action"": ""https://www.cnhsi.com.cn/News/index"", ""method"": ""GET"", ""fields"": [{""name"": ""keyword"", ""type"": ""input"", ""hint"": ""请输入您要查询的关键字,按ENTRE键搜索""}]}]",[],[]
dd-478,768,行业尽调,教育行业,中国少数民族汉语水平等级考试成绩查询,http://zwfw.moe.gov.cn/qualificat?activeType=3,zwfw.moe.gov.cn,E,动态页/API/iframe待适配,P2,JS_SHELL,200,JS模板/iframe/API；不得把导航文本当数据,未识别；不推断必填参数,JS_OR_IFRAME_REQUIRED,仅入口及最多一篇站内样本；不代表原清单所指核验业务已可用,检查业务JS与网络请求，优先公开API而非浏览器,https://zwfw.moe.gov.cn/qualificat?activeType=3,https://zwfw.moe.gov.cn/qualificat?activeType=3,,未请求,2026-10-09T08:01:19.436998+00:00,experiments/source-accessibility/results/20261009/bodies/99a9ce9fbb6ef1641fbd945f799f1626925c48bac6fc63edd3a0fa572e1a39b6,[],[],[]
dd-479,769,行业尽调,教育行业,全国民办高校学生信息公共查询平台,http://www.cxedu.org.cn/,www.cxedu.org.cn,B,静态内容链接，待验详情,P2,ACCESSIBLE_HTML,200,HTML有候选链接；详情正文尚未确认,未识别；不推断必填参数,PUBLIC_ENTRY_TEXT_EXTRACTED；详情=ACCESSIBLE_HTML,仅入口及最多一篇站内样本；不代表原清单所指核验业务已可用,限定目标栏目并核对一篇真实正文/附件,http://www.cxedu.org.cn/,http://www.cxedu.org.cn/,http://www.cxedu.org.cn/articles_detail/176,未请求,2026-10-09T08:01:19.161215+00:00,experiments/source-accessibility/results/20261009/bodies/c5d23bd8c4335c3ca7ee408c203a867cff35a5038b07976df631323d7de24a0e,[],[],[]
dd-480,770,行业尽调,教育行业,中小学教师资格考试成绩查询,http://zwfw.moe.gov.cn/qualificat?activeType=4,zwfw.moe.gov.cn,F,失败/限制，机制未确认,待复查,NETWORK_ERROR,,UNKNOWN：本轮取不到有效内容,未识别；不推断必填参数,URLError,仅入口及最多一篇站内样本；不代表原清单所指核验业务已可用,复核入口迁移与当前环境；不得解释为无相关记录,https://zwfw.moe.gov.cn/qualificat?activeType=4,https://zwfw.moe.gov.cn/qualificat?activeType=4,,未请求,2026-10-09T08:01:22.914655+00:00,,[],[],[]
dd-481,771,行业尽调,教育行业,中国民办教育公共信息服务平台,https://cnhsi.com.cn/,cnhsi.com.cn,B,静态内容链接，待验详情,P2,ACCESSIBLE_HTML,200,HTML有候选链接；详情正文尚未确认,页面字段线索，必填性未验：GET https://cnhsi.com.cn/News/index [keyword],PUBLIC_ENTRY_TEXT_EXTRACTED；详情=ACCESSIBLE_HTML,仅入口及最多一篇站内样本；不代表原清单所指核验业务已可用,限定目标栏目并核对一篇真实正文/附件,https://cnhsi.com.cn/,https://cnhsi.com.cn/,https://cnhsi.com.cn/News/?id=0105ecf5-d185-e911-813e-d988f6a8f2d2,未请求,2026-10-09T08:01:20.277461+00:00,experiments/source-accessibility/results/20261009/bodies/d8d01cb2e4e01de7a6ecdd35b13010d69f42a7ca74bce850b832ff161e7d364f,"[{""action"": ""https://cnhsi.com.cn/News/index"", ""method"": ""GET"", ""fields"": [{""name"": ""keyword"", ""type"": ""input"", ""hint"": ""请输入您要查询的关键字,按ENTRE键搜索""}]}]",[],[]
dd-482,779,其他网站,政府采购(招投标),中国政府采购网,http://www.ccgp.gov.cn/,www.ccgp.gov.cn,A,静态正文或名单样本,P1,ACCESSIBLE_HTML,200,无需主体输入的HTML/PDF内容样本,"页面字段线索，必填性未验：GET http://www.ccgp.gov.cn/ [dbselect, kw]","PUBLIC_ENTRY_TEXT_EXTRACTED；详情=ACCESSIBLE_HTML；正文容器=.TRS_Editor,.vF_detail_content；自动识别的正文样本，语义准确性待逐源核对",仅入口及最多一篇站内样本；不代表原清单所指核验业务已可用,选定业务栏目，补分页/增量/正文准确性验收,http://www.ccgp.gov.cn/,http://www.ccgp.gov.cn/news/202609/t20260928_27408954.htm,http://www.ccgp.gov.cn/news/202609/t20260928_27408954.htm,未请求,2026-10-09T08:01:20.507954+00:00,experiments/source-accessibility/results/20261009/bodies/662b47e2f7d835a35455f3d16374f3f7f030cc1bc8c2ba80dea1b63deb043330,"[{""action"": ""http://www.ccgp.gov.cn/"", ""method"": ""GET"", ""fields"": [{""name"": ""dbselect"", ""type"": ""select"", ""hint"": """"}, {""name"": ""kw"", ""type"": ""text"", ""hint"": """"}]}]",[],[]
dd-483,780,其他网站,政府采购(招投标),政府采购代理机构名单,http://www.ccgp.gov.cn/agency/md/,www.ccgp.gov.cn,E,动态页/API/iframe待适配,P2,ACCESSIBLE_HTML,200,JS模板/iframe/API；不得把导航文本当数据,未识别；不推断必填参数,PUBLIC_ENTRY_TEXT_EXTRACTED,仅入口及最多一篇站内样本；不代表原清单所指核验业务已可用,检查业务JS与网络请求，优先公开API而非浏览器,http://www.ccgp.gov.cn/agency/md/,http://www.ccgp.gov.cn/agency/md/,,未请求,2026-10-09T08:01:21.053056+00:00,experiments/source-accessibility/results/20261009/bodies/19f7c6949133c3f71cb1328de511a6782d3c4275b2b90c919c5a49856bb2ff62,[],[],"[""http://www.ccgp.gov.cn/agency/a_province.html""]"
dd-484,781,其他网站,政府采购(招投标),政府采购合同公示,http://htgs.ccgp.gov.cn/GS8/contractpublish/search,htgs.ccgp.gov.cn,B,静态内容链接，待验详情,P2,ACCESSIBLE_HTML,200,默认合同列表无需输入；详情本轮超时。表单筛选有验证码；已有独立列表样本基线,"POST searchContractCode,searchContractName,searchProjCode,searchProjName,searchPurchaserName,searchSupplyName,searchAgentName,searchPlacardStartDate,searchPlacardEndDate,code",默认合同列表无需输入；详情本轮超时。表单筛选有验证码；已有独立列表样本基线,仅以上明确描述的公开内容与参数；未验证全量、主体完整核验或长期稳定性,限定目标栏目并核对一篇真实正文/附件,http://htgs.ccgp.gov.cn/GS8/contractpublish/search,http://htgs.ccgp.gov.cn/GS8/contractpublish/search,http://htgs.ccgp.gov.cn/GS8/contractpublish/detail/2836278a-7a1c-42be-8966-56f2026cbb5f?contractSign=0,未请求,2026-10-09T08:01:21.246368+00:00,experiments/source-accessibility/results/20261009/bodies/59f5d37ca9bc6b1e98996e6e522642defb1fb5d85624cca8b944120fcd8d353b,"[{""action"": ""http://htgs.ccgp.gov.cn/GS8/contractpublish/search"", ""method"": ""POST"", ""fields"": [{""name"": ""searchContractCode"", ""type"": ""text"", ""hint"": """"}, {""name"": ""searchContractName"", ""type"": ""text"", ""hint"": """"}, {""name"": ""searchProjCode"", ""type"": ""text"", ""hint"": """"}, {""name"": ""searchProjName"", ""type"": ""text"", ""hint"": """"}, {""name"": ""searchPurchaserName"", ""type"": ""text"", ""hint"": """"}, {""name"": ""searchSupplyName"", ""type"": ""text"", ""hint"": """"}, {""name"": ""searchAgentName"", ""type"": ""text"", ""hint"": """"}, {""name"": ""searchPlacardStartDate"", ""type"": ""text"", ""hint"": """"}, {""name"": ""searchPlacardEndDate"", ""type"": ""text"", ""hint"": """"}, {""name"": ""code"", ""type"": ""text"", ""hint"": """"}, {""name"": ""isChange"", ""type"": ""radio"", ""hint"": """"}, {""name"": ""isChange"", ""type"": ""radio"", ""hint"": """"}]}]",[],[]
dd-485,782,其他网站,政府采购(招投标),中国招标投标协会,http://www.ctba.org.cn/,www.ctba.org.cn,B,静态内容链接，待验详情,P2,ACCESSIBLE_HTML,200,HTML有候选链接；详情正文尚未确认,页面字段线索，必填性未验：POST http://www.ctba.org.cn/xwzx.jsp [keywords],PUBLIC_ENTRY_TEXT_EXTRACTED；详情=SKIP_INPUT,仅入口及最多一篇站内样本；不代表原清单所指核验业务已可用,限定目标栏目并核对一篇真实正文/附件,http://www.ctba.org.cn/,http://www.ctba.org.cn/,http://www.ctba.org.cn/zbcg/zzdg2026.html,未请求,2026-10-09T08:01:21.551387+00:00,experiments/source-accessibility/results/20261009/bodies/5de90b270b50a318147a3a6ed234e406e44cda2feb38265ab3f710f7b8ed9d8d,"[{""action"": ""http://www.ctba.org.cn/xwzx.jsp"", ""method"": ""POST"", ""fields"": [{""name"": ""keywords"", ""type"": ""search"", ""hint"": ""信息搜索""}]}]",[],[]
dd-486,783,其他网站,政府采购(招投标),全国公共资源交易平台-招投标信息,http://www.cebpubservice.com/NewIndex/index.shtml,www.cebpubservice.com,F,失败/限制，机制未确认,待复查,ROBOTS_DENIED,,UNKNOWN：本轮取不到有效内容,未识别；不推断必填参数,ROBOTS_DENIED,仅入口及最多一篇站内样本；不代表原清单所指核验业务已可用,复核入口迁移与当前环境；不得解释为无相关记录,http://www.cebpubservice.com/NewIndex/index.shtml,http://www.cebpubservice.com/NewIndex/index.shtml,,未请求,,,[],[],[]
dd-487,784,其他网站,政府采购(招投标),中国招标投标公共服务平台,http://bulletin.cebpubservice.com/,bulletin.cebpubservice.com,F,失败/限制，机制未确认,待复查,ROBOTS_DENIED,,UNKNOWN：本轮取不到有效内容,未识别；不推断必填参数,ROBOTS_DENIED,仅入口及最多一篇站内样本；不代表原清单所指核验业务已可用,复核入口迁移与当前环境；不得解释为无相关记录,http://bulletin.cebpubservice.com/,http://bulletin.cebpubservice.com/,,未请求,,,[],[],[]
dd-488,790,其他网站,投资项目,[发改委]全国投资项目在线审批监管平台,http://www.tzxm.gov.cn/index.html,www.tzxm.gov.cn,E,动态页/API/iframe待适配,P2,JS_SHELL,200,JS模板/iframe/API；不得把导航文本当数据,未识别；不推断必填参数,JS_OR_IFRAME_REQUIRED,仅入口及最多一篇站内样本；不代表原清单所指核验业务已可用,检查业务JS与网络请求，优先公开API而非浏览器,http://www.tzxm.gov.cn/index.html,http://www.tzxm.gov.cn/index.html,,未请求,2026-10-09T08:01:21.906355+00:00,experiments/source-accessibility/results/20261009/bodies/15851fa98dc574ebc8f9c33bfe0d3f3f4cc6e634811b5ff34e173dec497dded3,[],"[""https://www.tzxm.gov.cn:8081/tzxmspweb/login.do?method=begin""]",[]
dd-489,791,其他网站,投资项目,京公网安备11010502039017号|隐私政策|使用条款|关于我们,http://www.beian.gov.cn/portal/registerSystemInfo?recordcode=11010502039017,www.beian.gov.cn,X,地图页脚噪声,排除,MAP_NOISE,,原材料页脚，非业务来源,未识别；不推断必填参数,MAP_NOISE,仅入口及最多一篇站内样本；不代表原清单所指核验业务已可用,移出业务接入清单，保留来源行映射,http://www.beian.gov.cn/portal/registerSystemInfo?recordcode=11010502039017,http://www.beian.gov.cn/portal/registerSystemInfo?recordcode=11010502039017,,未请求,,,[],[],[]
dd-490,792,其他网站,投资项目,京ICP证110182号,https://dxzhgl.miit.gov.cn/dxxzsp/xkz/xkzgl/resource/qiyesearch.jsp?num=%25E4%25BA%25ACICP%25E8%25AF%2581110182%25E5%258F%25B7&type=xuke,dxzhgl.miit.gov.cn,X,地图页脚噪声,排除,MAP_NOISE,,原材料页脚，非业务来源,未识别；不推断必填参数,MAP_NOISE,仅入口及最多一篇站内样本；不代表原清单所指核验业务已可用,移出业务接入清单，保留来源行映射,https://dxzhgl.miit.gov.cn/dxxzsp/xkz/xkzgl/resource/qiyesearch.jsp?num=%25E4%25BA%25ACICP%25E8%25AF%2581110182%25E5%258F%25B7&type=xuke,https://dxzhgl.miit.gov.cn/dxxzsp/xkz/xkzgl/resource/qiyesearch.jsp?num=%25E4%25BA%25ACICP%25E8%25AF%2581110182%25E5%258F%25B7&type=xuke,,未请求,,,[],[],[]
dd-491,793,其他网站,投资项目,京ICP备11009203号-1,http://beian.miit.gov.cn/,beian.miit.gov.cn,X,地图页脚噪声,排除,MAP_NOISE,,原材料页脚，非业务来源,未识别；不推断必填参数,MAP_NOISE,仅入口及最多一篇站内样本；不代表原清单所指核验业务已可用,移出业务接入清单，保留来源行映射,http://beian.miit.gov.cn/,http://beian.miit.gov.cn/,,未请求,,,[],[],[]
